/*
 Navicat Premium Data Transfer

 Source Server         : codeape-mysql
 Source Server Type    : MySQL
 Source Server Version : 50742
 Source Host           : codeape-mysql:3306
 Source Schema         : codeape

 Target Server Type    : MySQL
 Target Server Version : 50742
 File Encoding         : 65001

 Date: 11/06/2023 10:32:30
*/

SET NAMES utf8mb4;
SET FOREIGN_KEY_CHECKS = 0;

-- ----------------------------
-- Table structure for sys_dept
-- ----------------------------
DROP TABLE IF EXISTS `sys_dept`;
CREATE TABLE `sys_dept`  (
  `dept_id` bigint(20) NOT NULL COMMENT '部门ID',
  `name` varchar(50) CHARACTER SET utf8mb4 COLLATE utf8mb4_bin NOT NULL COMMENT '部门名称',
  `his_id` varchar(32) CHARACTER SET utf8mb4 COLLATE utf8mb4_bin NULL DEFAULT NULL COMMENT 'his系统中的ID',
  `hos_id` bigint(20) NOT NULL COMMENT '医院的唯一ID',
  `sort_order` int(11) NOT NULL DEFAULT 0 COMMENT '排序值',
  `del_flag` char(1) CHARACTER SET utf8mb4 COLLATE utf8mb4_bin NULL DEFAULT '0' COMMENT '删除标记  -1：已删除  0：正常',
  `parent_id` varchar(32) CHARACTER SET utf8mb4 COLLATE utf8mb4_bin NULL DEFAULT NULL COMMENT '父部门ID',
  `create_time` datetime(0) NULL DEFAULT NULL COMMENT '创建时间',
  `create_by` varchar(64) CHARACTER SET utf8mb4 COLLATE utf8mb4_bin NULL DEFAULT NULL COMMENT '创建人',
  `update_time` datetime(0) NULL DEFAULT NULL COMMENT '修改时间',
  `update_by` varchar(64) CHARACTER SET utf8mb4 COLLATE utf8mb4_bin NULL DEFAULT NULL COMMENT '更新人',
  PRIMARY KEY (`dept_id`) USING BTREE
) ENGINE = InnoDB CHARACTER SET = utf8mb4 COLLATE = utf8mb4_bin COMMENT = '部门管理' ROW_FORMAT = Dynamic;

-- ----------------------------
-- Records of sys_dept
-- ----------------------------
INSERT INTO `sys_dept` VALUES (1659386149638709250, '内分泌科室', NULL, 1659018792143663105, 999, '1', '0', '2023-05-19 10:31:03', 'admin', '2023-05-20 13:06:43', 'admin');
INSERT INTO `sys_dept` VALUES (1659386264763965441, '神经内科', NULL, 1659018792143663105, 999, '0', '0', '2023-05-19 10:31:30', 'admin', '2023-05-19 10:31:49', 'admin');
INSERT INTO `sys_dept` VALUES (1659386542775017473, '内分泌科', NULL, 1659018792143663105, 999, '0', '0', '2023-05-19 10:32:36', 'admin', '2023-05-19 10:32:36', 'admin');
INSERT INTO `sys_dept` VALUES (1659787907582017538, '内分泌护理单元', NULL, 1659018792143663105, 999, '1', '1659386542775017473', '2023-05-20 13:07:29', 'admin', '2023-05-20 13:15:01', 'admin');
INSERT INTO `sys_dept` VALUES (1659789309465214978, '心内科', NULL, 1659018792143663105, 999, '0', '0', '2023-05-20 13:13:03', 'admin', '2023-05-20 13:13:03', 'admin');
INSERT INTO `sys_dept` VALUES (1659789383939276802, '急诊科', NULL, 1659018792143663105, 999, '0', '0', '2023-05-20 13:13:21', 'admin', '2023-05-20 13:13:21', 'admin');
INSERT INTO `sys_dept` VALUES (1659790789526044673, '内分泌护理单元', NULL, 1659018792143663105, 999, '0', '1659386542775017473', '2023-05-19 10:31:30', 'admin', '2023-05-19 10:31:49', 'admin');
INSERT INTO `sys_dept` VALUES (1659799651851362305, '心内科护理单元', NULL, 1659018792143663105, 999, '0', '1659789309465214978', '2023-05-20 13:54:09', 'admin', '2023-05-20 13:54:09', 'admin');
INSERT INTO `sys_dept` VALUES (1660162973545213954, '内分泌', NULL, 1660133100613181442, 999, '0', '0', '2023-05-21 13:57:52', 'admin', '2023-05-21 13:57:52', 'admin');
INSERT INTO `sys_dept` VALUES (1660163024992546818, '心血管内科', NULL, 1660133100613181442, 999, '0', '0', '2023-05-21 13:58:04', 'admin', '2023-05-21 13:58:04', 'admin');
INSERT INTO `sys_dept` VALUES (1660167857690566657, '神经内科', NULL, 1660133100613181442, 999, '0', '0', '2023-05-21 14:17:16', 'zjszyy', '2023-05-21 14:17:16', 'zjszyy');
INSERT INTO `sys_dept` VALUES (1660167897876193281, '肿瘤科', NULL, 1660133100613181442, 999, '0', '0', '2023-05-21 14:17:26', 'zjszyy', '2023-05-21 14:17:26', 'zjszyy');

-- ----------------------------
-- Table structure for sys_dept_relation
-- ----------------------------
DROP TABLE IF EXISTS `sys_dept_relation`;
CREATE TABLE `sys_dept_relation`  (
  `ancestor` bigint(20) NOT NULL COMMENT '祖先节点',
  `descendant` bigint(20) NOT NULL COMMENT '后代节点',
  PRIMARY KEY (`ancestor`, `descendant`) USING BTREE,
  INDEX `idx1`(`ancestor`) USING BTREE,
  INDEX `idx2`(`descendant`) USING BTREE
) ENGINE = InnoDB CHARACTER SET = utf8mb4 COLLATE = utf8mb4_bin COMMENT = '部门关系表' ROW_FORMAT = Dynamic;

-- ----------------------------
-- Records of sys_dept_relation
-- ----------------------------
INSERT INTO `sys_dept_relation` VALUES (1659790789526044673, 1659790789526044673);
INSERT INTO `sys_dept_relation` VALUES (1659799651851362305, 1659799651851362305);
INSERT INTO `sys_dept_relation` VALUES (1660162973545213954, 1660162973545213954);
INSERT INTO `sys_dept_relation` VALUES (1660163024992546818, 1660163024992546818);
INSERT INTO `sys_dept_relation` VALUES (1660167857690566657, 1660167857690566657);
INSERT INTO `sys_dept_relation` VALUES (1660167897876193281, 1660167897876193281);

-- ----------------------------
-- Table structure for sys_dict
-- ----------------------------
DROP TABLE IF EXISTS `sys_dict`;
CREATE TABLE `sys_dict`  (
  `id` bigint(20) NOT NULL,
  `dict_key` varchar(100) CHARACTER SET utf8mb4 COLLATE utf8mb4_bin NULL DEFAULT NULL COMMENT '标识',
  `description` varchar(100) CHARACTER SET utf8mb4 COLLATE utf8mb4_bin NULL DEFAULT NULL COMMENT '描述',
  `remark` varchar(255) CHARACTER SET utf8mb4 COLLATE utf8mb4_bin NULL DEFAULT NULL COMMENT '备注',
  `system_flag` char(1) CHARACTER SET utf8mb4 COLLATE utf8mb4_bin NULL DEFAULT '0' COMMENT '是否是系统内置',
  `del_flag` char(1) CHARACTER SET utf8mb4 COLLATE utf8mb4_bin NULL DEFAULT '0' COMMENT '删除标记',
  `create_time` datetime(0) NULL DEFAULT NULL COMMENT '创建时间',
  `create_by` varchar(64) CHARACTER SET utf8mb4 COLLATE utf8mb4_bin NULL DEFAULT NULL COMMENT '创建人',
  `update_by` varchar(64) CHARACTER SET utf8mb4 COLLATE utf8mb4_bin NULL DEFAULT NULL COMMENT '更新人',
  `update_time` datetime(0) NULL DEFAULT NULL COMMENT '更新时间',
  PRIMARY KEY (`id`) USING BTREE,
  INDEX `sys_dict_del_flag`(`del_flag`) USING BTREE
) ENGINE = InnoDB CHARACTER SET = utf8mb4 COLLATE = utf8mb4_bin COMMENT = '字典表' ROW_FORMAT = Dynamic;

-- ----------------------------
-- Records of sys_dict
-- ----------------------------
INSERT INTO `sys_dict` VALUES (1, 'dict_type', '字典类型', NULL, '0', '0', '2019-05-16 14:16:20', '', 'admin', '2021-12-29 12:29:18');
INSERT INTO `sys_dict` VALUES (2, 'log_type', '日志类型', NULL, '0', '0', '2020-03-13 14:21:01', '', 'admin', '2021-12-29 12:30:14');
INSERT INTO `sys_dict` VALUES (3, 'ds_type', '驱动类型', NULL, '0', '0', '2021-10-15 16:24:35', '', 'admin', '2021-12-29 12:30:18');
INSERT INTO `sys_dict` VALUES (4, 'param_type', '参数配置', '检索、原文、报表、安全、文档、消息、其他', '1', '0', '2022-03-25 20:51:26', 'admin', 'admin', '2022-03-25 20:51:26');
INSERT INTO `sys_dict` VALUES (5, 'status_type', '租户状态', '租户状态', '1', '0', '2022-03-25 20:56:51', 'admin', 'admin', '2022-03-25 20:56:51');
INSERT INTO `sys_dict` VALUES (6, 'menu_type_status', '菜单类型', NULL, '1', '0', '2022-09-18 17:12:05', 'admin', 'admin', '2022-09-18 17:12:05');
INSERT INTO `sys_dict` VALUES (7, 'dict_css_type', '字典项展示样式', NULL, '1', '0', '2022-09-28 21:37:23', 'admin', 'admin', '2022-09-28 21:37:23');
INSERT INTO `sys_dict` VALUES (8, 'keepalive_status', '菜单是否开启缓冲', NULL, '1', '0', '2022-09-28 21:46:12', 'admin', 'admin', '2022-09-28 21:46:12');
INSERT INTO `sys_dict` VALUES (9, 'user_lock_flag', '用户锁定标记', NULL, '1', '0', '2022-09-28 21:51:39', 'admin', 'admin', '2022-09-28 21:51:39');
INSERT INTO `sys_dict` VALUES (1659810149162504194, 'sex_type', '性别字典', '', '0', '0', '2023-05-20 14:35:52', 'admin', 'admin', '2023-05-20 14:35:52');
INSERT INTO `sys_dict` VALUES (1660489191679275010, 'blood_time_type', '时段类型', '', '0', '0', '2023-05-22 11:34:08', 'admin', 'admin', '2023-05-22 11:34:08');
INSERT INTO `sys_dict` VALUES (1660490998769987586, 'blood_time_model', '时段模块', '院内、院外、门诊、体检', '0', '0', '2023-05-22 11:41:19', 'admin', 'admin', '2023-05-22 11:41:44');
INSERT INTO `sys_dict` VALUES (1661610864541384705, 'blood_report_check', '血糖报告默认勾选', '血糖报告默认勾选：常规血糖  强化血糖  检测时间  操作人', '0', '0', '2023-05-25 13:51:16', 'admin', 'admin', '2023-05-25 13:52:22');
INSERT INTO `sys_dict` VALUES (1661612225085521921, 'blood_report_sort', '血糖报告显示排序', '血糖报告显示排序', '0', '0', '2023-05-25 13:56:40', 'admin', 'admin', '2023-05-25 13:56:40');
INSERT INTO `sys_dict` VALUES (1664969466052313089, 'diabetes_type', '糖尿病类型', '糖尿病类型', '0', '0', '2023-06-03 20:17:09', 'admin', 'admin', '2023-06-03 20:17:09');

-- ----------------------------
-- Table structure for sys_dict_item
-- ----------------------------
DROP TABLE IF EXISTS `sys_dict_item`;
CREATE TABLE `sys_dict_item`  (
  `id` bigint(20) NOT NULL,
  `dict_id` bigint(20) NOT NULL COMMENT '字典ID',
  `dict_key` varchar(100) CHARACTER SET utf8mb4 COLLATE utf8mb4_bin NULL DEFAULT NULL COMMENT '字典标识',
  `value` varchar(100) CHARACTER SET utf8mb4 COLLATE utf8mb4_bin NULL DEFAULT NULL COMMENT '值',
  `label` varchar(100) CHARACTER SET utf8mb4 COLLATE utf8mb4_bin NULL DEFAULT NULL COMMENT '标签',
  `type` varchar(100) CHARACTER SET utf8mb4 COLLATE utf8mb4_bin NULL DEFAULT NULL COMMENT '字典类型',
  `description` varchar(100) CHARACTER SET utf8mb4 COLLATE utf8mb4_bin NULL DEFAULT NULL COMMENT '描述',
  `sort_order` int(11) NOT NULL DEFAULT 0 COMMENT '排序（升序）',
  `remark` varchar(255) CHARACTER SET utf8mb4 COLLATE utf8mb4_bin NULL DEFAULT ' ' COMMENT '备注',
  `del_flag` char(1) CHARACTER SET utf8mb4 COLLATE utf8mb4_bin NULL DEFAULT '0' COMMENT '删除标记',
  `create_time` datetime(0) NULL DEFAULT NULL COMMENT '创建时间',
  `create_by` varchar(64) CHARACTER SET utf8mb4 COLLATE utf8mb4_bin NULL DEFAULT NULL COMMENT '创建人',
  `update_by` varchar(64) CHARACTER SET utf8mb4 COLLATE utf8mb4_bin NULL DEFAULT NULL COMMENT '修改人',
  `update_time` datetime(0) NULL DEFAULT NULL COMMENT '更新时间',
  PRIMARY KEY (`id`) USING BTREE,
  INDEX `sys_dict_value`(`value`) USING BTREE,
  INDEX `sys_dict_label`(`label`) USING BTREE,
  INDEX `sys_dict_del_flag`(`del_flag`) USING BTREE
) ENGINE = InnoDB CHARACTER SET = utf8mb4 COLLATE = utf8mb4_bin COMMENT = '字典项' ROW_FORMAT = Dynamic;

-- ----------------------------
-- Records of sys_dict_item
-- ----------------------------
INSERT INTO `sys_dict_item` VALUES (1, 1, 'dict_type', '1', '系统类', NULL, '系统类字典', 0, ' ', '0', '2019-05-16 14:20:40', NULL, NULL, '2019-05-16 14:20:40');
INSERT INTO `sys_dict_item` VALUES (2, 1, 'dict_type', '0', '业务类', NULL, '业务类字典', 0, ' ', '0', '2019-05-16 14:20:59', NULL, NULL, '2019-05-16 14:20:59');
INSERT INTO `sys_dict_item` VALUES (3, 2, 'log_type', '0', '正常', NULL, '正常', 0, ' ', '0', '2020-03-13 14:23:22', NULL, NULL, '2020-03-13 14:23:22');
INSERT INTO `sys_dict_item` VALUES (4, 2, 'log_type', '9', '异常', NULL, '异常', 0, ' ', '0', '2020-03-13 14:23:35', NULL, NULL, '2020-03-13 14:23:35');
INSERT INTO `sys_dict_item` VALUES (5, 3, 'ds_type', 'com.mysql.cj.jdbc.Driver', 'MYSQL8', NULL, 'MYSQL8', 0, ' ', '0', NULL, NULL, NULL, NULL);
INSERT INTO `sys_dict_item` VALUES (6, 3, 'ds_type', 'com.mysql.jdbc.Driver', 'MYSQL5', NULL, 'MYSQL5', 0, ' ', '0', NULL, NULL, NULL, NULL);
INSERT INTO `sys_dict_item` VALUES (7, 3, 'ds_type', 'oracle.jdbc.OracleDriver', 'Oracle', NULL, 'Oracle', 0, ' ', '0', NULL, NULL, NULL, NULL);
INSERT INTO `sys_dict_item` VALUES (8, 3, 'ds_type', 'org.mariadb.jdbc.Driver', 'mariadb', NULL, 'mariadb', 0, ' ', '0', NULL, NULL, NULL, NULL);
INSERT INTO `sys_dict_item` VALUES (9, 3, 'ds_type', 'com.microsoft.sqlserver.jdbc.SQLServerDriver', 'sqlserver2005+', NULL, 'sqlserver2005+', 0, ' ', '0', NULL, NULL, NULL, NULL);
INSERT INTO `sys_dict_item` VALUES (10, 3, 'ds_type', 'com.microsoft.jdbc.sqlserver.SQLServerDriver', 'sqlserver2000', NULL, 'sqlserver2000', 0, ' ', '0', NULL, NULL, NULL, NULL);
INSERT INTO `sys_dict_item` VALUES (11, 3, 'ds_type', 'com.ibm.db2.jcc.DB2Driver', 'db2', NULL, 'db2', 0, ' ', '0', NULL, NULL, NULL, NULL);
INSERT INTO `sys_dict_item` VALUES (12, 3, 'ds_type', 'org.postgresql.Driver', 'postgresql', NULL, 'postgresql', 0, ' ', '0', NULL, NULL, NULL, NULL);
INSERT INTO `sys_dict_item` VALUES (13, 4, 'param_type', '1', '检索', NULL, '检索', 0, '检索', '0', '2022-03-25 20:51:51', 'admin', 'admin', '2022-03-25 20:51:51');
INSERT INTO `sys_dict_item` VALUES (14, 4, 'param_type', '2', '原文', NULL, '原文', 1, '原文', '0', '2022-03-25 20:52:06', 'admin', 'admin', '2022-03-25 20:52:06');
INSERT INTO `sys_dict_item` VALUES (15, 4, 'param_type', '3', '报表', NULL, '报表', 2, '报表', '0', '2022-03-25 20:52:16', 'admin', 'admin', '2022-03-25 20:52:16');
INSERT INTO `sys_dict_item` VALUES (16, 4, 'param_type', '4', '安全', NULL, '安全', 3, '安全', '0', '2022-03-25 20:52:32', 'admin', 'admin', '2022-03-25 20:52:32');
INSERT INTO `sys_dict_item` VALUES (17, 4, 'param_type', '5', '文档', NULL, '文档', 4, '文档', '0', '2022-03-25 20:52:52', 'admin', 'admin', '2022-03-25 20:52:52');
INSERT INTO `sys_dict_item` VALUES (18, 4, 'param_type', '6', '消息', NULL, '消息', 5, '消息', '0', '2022-03-25 20:53:07', 'admin', 'admin', '2022-03-25 20:53:07');
INSERT INTO `sys_dict_item` VALUES (19, 4, 'param_type', '9', '其他', NULL, '其他', 6, '其他', '0', '2022-03-25 20:54:50', 'admin', 'admin', '2022-03-25 20:54:50');
INSERT INTO `sys_dict_item` VALUES (20, 4, 'param_type', '0', '默认', NULL, '默认', 7, '默认', '0', '2022-03-25 20:55:23', 'admin', 'admin', '2022-03-25 20:55:23');
INSERT INTO `sys_dict_item` VALUES (21, 5, 'status_type', '0', '正常', NULL, '状态正常', 0, '状态正常', '0', '2022-03-25 20:57:12', 'admin', 'admin', '2022-03-25 20:57:12');
INSERT INTO `sys_dict_item` VALUES (22, 5, 'status_type', '9', '冻结', NULL, '状态冻结', 1, '状态冻结', '0', '2022-03-25 20:57:34', 'admin', 'admin', '2022-03-25 20:57:34');
INSERT INTO `sys_dict_item` VALUES (23, 6, 'menu_type_status', '0', '菜单', NULL, '菜单', 0, ' ', '0', '2022-09-18 17:15:52', 'admin', 'admin', '2022-09-18 17:15:52');
INSERT INTO `sys_dict_item` VALUES (24, 6, 'menu_type_status', '1', '按钮', 'success', '按钮', 1, ' ', '0', '2022-09-18 17:16:06', 'admin', 'admin', '2022-09-18 17:16:06');
INSERT INTO `sys_dict_item` VALUES (25, 7, 'dict_css_type', 'success', 'success', 'success', 'success', 2, ' ', '0', '2022-09-28 21:41:49', 'admin', 'admin', '2022-09-28 21:41:49');
INSERT INTO `sys_dict_item` VALUES (26, 7, 'dict_css_type', 'info', 'info', 'info', 'info', 3, ' ', '0', '2022-09-28 21:41:59', 'admin', 'admin', '2022-09-28 21:41:59');
INSERT INTO `sys_dict_item` VALUES (27, 7, 'dict_css_type', 'warning', 'warning', 'warning', 'warning', 4, ' ', '0', '2022-09-28 21:42:09', 'admin', 'admin', '2022-09-28 21:42:09');
INSERT INTO `sys_dict_item` VALUES (28, 7, 'dict_css_type', 'danger', 'danger', 'danger', 'danger', 5, ' ', '0', '2022-09-28 21:42:19', 'admin', 'admin', '2022-09-28 21:42:19');
INSERT INTO `sys_dict_item` VALUES (29, 8, 'keepalive_status', '0', '否', 'info', '不开启缓冲', 0, ' ', '0', '2022-09-28 21:46:32', 'admin', 'admin', '2022-09-28 21:46:32');
INSERT INTO `sys_dict_item` VALUES (30, 8, 'keepalive_status', '1', '是', NULL, '开启缓冲', 1, ' ', '0', '2022-09-28 21:46:54', 'admin', 'admin', '2022-09-28 21:46:54');
INSERT INTO `sys_dict_item` VALUES (31, 9, 'user_lock_flag', '0', '正常', NULL, '正常状态', 0, ' ', '0', '2022-09-28 21:51:55', 'admin', 'admin', '2022-09-28 21:51:55');
INSERT INTO `sys_dict_item` VALUES (32, 9, 'user_lock_flag', '9', '锁定', 'info', '已锁定', 9, ' ', '0', '2022-09-28 21:52:13', 'admin', 'admin', '2022-09-28 21:52:13');
INSERT INTO `sys_dict_item` VALUES (1659810661937139714, 1659810149162504194, 'sex_type', '1', '男', '', '性别：男', 1, '', '0', '2023-05-20 14:37:54', 'admin', 'admin', '2023-05-20 14:37:54');
INSERT INTO `sys_dict_item` VALUES (1659810737384280066, 1659810149162504194, 'sex_type', '2', '女', '', '性别：女', 2, '', '0', '2023-05-20 14:38:12', 'admin', 'admin', '2023-05-20 14:38:12');
INSERT INTO `sys_dict_item` VALUES (1659810812374241282, 1659810149162504194, 'sex_type', '3', '其他', '', '性别：未知', 3, '', '0', '2023-05-20 14:38:30', 'admin', 'admin', '2023-05-20 14:38:30');
INSERT INTO `sys_dict_item` VALUES (1660489368251084801, 1660489191679275010, 'blood_time_type', '1', '普通时段', '', '普通时段', 1, '', '0', '2023-05-22 11:34:50', 'admin', 'admin', '2023-05-22 11:39:40');
INSERT INTO `sys_dict_item` VALUES (1660489470369804290, 1660489191679275010, 'blood_time_type', '0', '强化时段', '', '强化时段', 2, '', '0', '2023-05-22 11:35:15', 'admin', 'admin', '2023-05-22 11:39:45');
INSERT INTO `sys_dict_item` VALUES (1660491190676172802, 1660490998769987586, 'blood_time_model', '0', '院外', '', '院外', 1, '', '0', '2023-05-22 11:42:05', 'admin', 'admin', '2023-05-22 11:42:05');
INSERT INTO `sys_dict_item` VALUES (1660491231285424130, 1660490998769987586, 'blood_time_model', '1', '院内', '', '院内', 2, '', '0', '2023-05-22 11:42:15', 'admin', 'admin', '2023-05-22 11:42:15');
INSERT INTO `sys_dict_item` VALUES (1660491290131509249, 1660490998769987586, 'blood_time_model', '2', '门诊', '', '门诊', 3, '', '0', '2023-05-22 11:42:29', 'admin', 'admin', '2023-05-22 11:42:29');
INSERT INTO `sys_dict_item` VALUES (1660491375288463361, 1660490998769987586, 'blood_time_model', '3', '体检', '', '体检', 4, '', '0', '2023-05-22 11:42:49', 'admin', 'admin', '2023-05-22 11:42:49');
INSERT INTO `sys_dict_item` VALUES (1661611219257868290, 1661610864541384705, 'blood_report_check', '1', '常规血糖', '', '常规血糖', 1, '', '0', '2023-05-25 13:52:41', 'admin', 'admin', '2023-05-25 13:52:41');
INSERT INTO `sys_dict_item` VALUES (1661611265214857218, 1661610864541384705, 'blood_report_check', '2', '强化血糖', '', '强化血糖', 2, '', '0', '2023-05-25 13:52:52', 'admin', 'admin', '2023-05-25 13:52:52');
INSERT INTO `sys_dict_item` VALUES (1661611326116151297, 1661610864541384705, 'blood_report_check', '3', '检测时间', '', '检测时间', 3, '', '0', '2023-05-25 13:53:06', 'admin', 'admin', '2023-05-25 13:53:06');
INSERT INTO `sys_dict_item` VALUES (1661611459289497602, 1661610864541384705, 'blood_report_check', '4', '操作人', '', '操作人', 4, '', '0', '2023-05-25 13:53:38', 'admin', 'admin', '2023-05-25 13:53:38');
INSERT INTO `sys_dict_item` VALUES (1661612307147079682, 1661612225085521921, 'blood_report_sort', '1', '正序', '', '正序', 1, '', '0', '2023-05-25 13:57:00', 'admin', 'admin', '2023-05-25 13:57:00');
INSERT INTO `sys_dict_item` VALUES (1661612365280133121, 1661612225085521921, 'blood_report_sort', '2', '倒序', '', '倒序', 2, '', '0', '2023-05-25 13:57:14', 'admin', 'admin', '2023-05-25 13:57:14');
INSERT INTO `sys_dict_item` VALUES (1664969694209867778, 1664969466052313089, 'diabetes_type', '1', 'I型', '', 'I型糖尿病', 1, '', '0', '2023-06-03 20:18:03', 'admin', 'admin', '2023-06-03 20:18:03');
INSERT INTO `sys_dict_item` VALUES (1664969789286350849, 1664969466052313089, 'diabetes_type', '2', 'II型', '', 'II型糖尿病', 2, '', '0', '2023-06-03 20:18:26', 'admin', 'admin', '2023-06-03 20:18:26');

-- ----------------------------
-- Table structure for sys_file
-- ----------------------------
DROP TABLE IF EXISTS `sys_file`;
CREATE TABLE `sys_file`  (
  `id` bigint(20) NOT NULL COMMENT '文件ID',
  `file_name` varchar(100) CHARACTER SET utf8mb4 COLLATE utf8mb4_bin NULL DEFAULT NULL COMMENT '文件名称',
  `bucket_name` varchar(200) CHARACTER SET utf8mb4 COLLATE utf8mb4_bin NULL DEFAULT NULL COMMENT '文件存储桶名称',
  `original` varchar(100) CHARACTER SET utf8mb4 COLLATE utf8mb4_bin NULL DEFAULT NULL COMMENT '原始文件名',
  `type` varchar(50) CHARACTER SET utf8mb4 COLLATE utf8mb4_bin NULL DEFAULT NULL COMMENT '文件类型',
  `file_size` bigint(20) NULL DEFAULT NULL COMMENT '文件大小',
  `del_flag` char(1) CHARACTER SET utf8mb4 COLLATE utf8mb4_bin NULL DEFAULT '0' COMMENT '删除标志：0-正常，1-删除',
  `create_time` datetime(0) NULL DEFAULT NULL COMMENT '创建时间',
  `update_time` datetime(0) NULL DEFAULT NULL COMMENT '修改时间',
  `create_by` varchar(64) CHARACTER SET utf8mb4 COLLATE utf8mb4_bin NULL DEFAULT NULL COMMENT '创建者',
  `update_by` varchar(64) CHARACTER SET utf8mb4 COLLATE utf8mb4_bin NULL DEFAULT NULL COMMENT '更新人',
  PRIMARY KEY (`id`) USING BTREE
) ENGINE = InnoDB CHARACTER SET = utf8mb4 COLLATE = utf8mb4_bin COMMENT = '文件管理表' ROW_FORMAT = Dynamic;

-- ----------------------------
-- Table structure for sys_hos_config
-- ----------------------------
DROP TABLE IF EXISTS `sys_hos_config`;
CREATE TABLE `sys_hos_config`  (
  `id` bigint(20) NOT NULL,
  `hos_id` bigint(20) NULL DEFAULT NULL COMMENT '医院ID',
  `blood_report_check` char(1) CHARACTER SET utf8mb4 COLLATE utf8mb4_bin NULL DEFAULT NULL COMMENT '血糖报告默认勾选',
  `blood_report_sort` char(1) CHARACTER SET utf8mb4 COLLATE utf8mb4_bin NULL DEFAULT NULL COMMENT '血糖报告排序',
  `blood_` varchar(255) CHARACTER SET utf8mb4 COLLATE utf8mb4_bin NULL DEFAULT NULL,
  PRIMARY KEY (`id`) USING BTREE
) ENGINE = InnoDB CHARACTER SET = utf8mb4 COLLATE = utf8mb4_bin ROW_FORMAT = Dynamic;

-- ----------------------------
-- Table structure for sys_hospital
-- ----------------------------
DROP TABLE IF EXISTS `sys_hospital`;
CREATE TABLE `sys_hospital`  (
  `id` bigint(20) NOT NULL COMMENT 'id',
  `name` varchar(64) CHARACTER SET utf8 COLLATE utf8_general_ci NOT NULL COMMENT '医院名称',
  `username` varchar(30) CHARACTER SET utf8 COLLATE utf8_general_ci NOT NULL COMMENT '管理员账号',
  `address` varchar(255) CHARACTER SET utf8 COLLATE utf8_general_ci NULL DEFAULT NULL COMMENT '医院地址',
  `level` varchar(16) CHARACTER SET utf8 COLLATE utf8_general_ci NULL DEFAULT NULL COMMENT '医院等级',
  `contacts` varchar(32) CHARACTER SET utf8 COLLATE utf8_general_ci NULL DEFAULT NULL COMMENT '联系人',
  `contacts_phone` varchar(32) CHARACTER SET utf8 COLLATE utf8_general_ci NOT NULL COMMENT '联系人电话',
  `del_flag` char(1) CHARACTER SET utf8mb4 COLLATE utf8mb4_bin NULL DEFAULT '0' COMMENT '删除标记',
  `create_time` datetime(0) NULL DEFAULT NULL COMMENT '创建时间',
  `create_by` varchar(64) CHARACTER SET utf8mb4 COLLATE utf8mb4_bin NULL DEFAULT NULL COMMENT '创建人',
  `update_by` varchar(64) CHARACTER SET utf8mb4 COLLATE utf8mb4_bin NULL DEFAULT NULL COMMENT '更新人',
  `update_time` datetime(0) NULL DEFAULT NULL COMMENT '更新时间',
  PRIMARY KEY (`id`) USING BTREE
) ENGINE = InnoDB CHARACTER SET = utf8 COLLATE = utf8_general_ci COMMENT = '医院表' ROW_FORMAT = Dynamic;

-- ----------------------------
-- Records of sys_hospital
-- ----------------------------
INSERT INTO `sys_hospital` VALUES (1659018792143663105, '浙江第一附属医院', 'zjdy', '浙江省杭州市', '三级甲等', '陈斌', '18796327106', '0', '2023-05-18 10:11:18', 'admin', 'admin', '2023-05-18 10:11:18');
INSERT INTO `sys_hospital` VALUES (1660133100613181442, '杭州市中医院', 'zjszyy', '浙江省杭州市上城区', '三级甲等', '陈斌', '18796327106', '0', '2023-05-21 11:59:10', 'admin', 'admin', '2023-05-21 11:59:10');

-- ----------------------------
-- Table structure for sys_log
-- ----------------------------
DROP TABLE IF EXISTS `sys_log`;
CREATE TABLE `sys_log`  (
  `id` bigint(20) NOT NULL,
  `type` char(1) CHARACTER SET utf8mb4 COLLATE utf8mb4_bin NULL DEFAULT '1' COMMENT '日志类型',
  `title` varchar(255) CHARACTER SET utf8mb4 COLLATE utf8mb4_bin NULL DEFAULT '' COMMENT '日志标题',
  `service_id` varchar(32) CHARACTER SET utf8mb4 COLLATE utf8mb4_bin NULL DEFAULT NULL COMMENT '服务ID',
  `remote_addr` varchar(255) CHARACTER SET utf8mb4 COLLATE utf8mb4_bin NULL DEFAULT NULL COMMENT '操作IP地址',
  `user_agent` varchar(1000) CHARACTER SET utf8mb4 COLLATE utf8mb4_bin NULL DEFAULT NULL COMMENT '用户代理',
  `request_uri` varchar(255) CHARACTER SET utf8mb4 COLLATE utf8mb4_bin NULL DEFAULT NULL COMMENT '请求URI',
  `method` varchar(10) CHARACTER SET utf8mb4 COLLATE utf8mb4_bin NULL DEFAULT NULL COMMENT '操作方式',
  `params` text CHARACTER SET utf8mb4 COLLATE utf8mb4_bin NULL COMMENT '操作提交的数据',
  `time` bigint(20) NULL DEFAULT NULL COMMENT '执行时间',
  `del_flag` char(1) CHARACTER SET utf8mb4 COLLATE utf8mb4_bin NULL DEFAULT '0' COMMENT '删除标记',
  `exception` text CHARACTER SET utf8mb4 COLLATE utf8mb4_bin NULL COMMENT '异常信息',
  `create_time` datetime(0) NULL DEFAULT NULL COMMENT '创建时间',
  `update_time` datetime(0) NULL DEFAULT NULL COMMENT '更新时间',
  `create_by` varchar(64) CHARACTER SET utf8mb4 COLLATE utf8mb4_bin NULL DEFAULT NULL COMMENT '创建人',
  `update_by` varchar(64) CHARACTER SET utf8mb4 COLLATE utf8mb4_bin NULL DEFAULT NULL COMMENT '更新人',
  PRIMARY KEY (`id`) USING BTREE,
  INDEX `sys_log_create_by`(`create_by`) USING BTREE,
  INDEX `sys_log_request_uri`(`request_uri`) USING BTREE,
  INDEX `sys_log_type`(`type`) USING BTREE,
  INDEX `sys_log_create_date`(`create_time`) USING BTREE
) ENGINE = InnoDB CHARACTER SET = utf8mb4 COLLATE = utf8mb4_bin COMMENT = '日志表' ROW_FORMAT = Dynamic;

-- ----------------------------
-- Records of sys_log
-- ----------------------------
INSERT INTO `sys_log` VALUES (1662644200403570689, '0', '新增质控液', 'web', '127.0.0.1', 'Mozilla/5.0 (Windows NT 10.0; Win64; x64) AppleWebKit/537.36 (KHTML, like Gecko) Chrome/113.0.0.0 Safari/537.36', '/liquid', 'POST', '', 331, '0', NULL, '2023-05-28 10:17:22', '2023-05-28 10:17:22', 'admin', 'admin');
INSERT INTO `sys_log` VALUES (1662644783671873538, '0', '新增质控液', 'web', '127.0.0.1', 'Mozilla/5.0 (Windows NT 10.0; Win64; x64) AppleWebKit/537.36 (KHTML, like Gecko) Chrome/113.0.0.0 Safari/537.36', '/liquid', 'POST', '', 2800, '0', NULL, '2023-05-28 10:19:42', '2023-05-28 10:19:42', 'admin', 'admin');
INSERT INTO `sys_log` VALUES (1662645399940960258, '0', '新增质控液', 'web', '127.0.0.1', 'Mozilla/5.0 (Windows NT 10.0; Win64; x64) AppleWebKit/537.36 (KHTML, like Gecko) Chrome/113.0.0.0 Safari/537.36', '/liquid', 'POST', '{\"id\":\"\",\"batchNum\":\"024C-12\",\"deptId\":\"1659386542775017473\",\"sampleType\":1,\"liquidNum\":11,\"specs\":2,\"type\":3,\"productionDate\":\"2023-05-08\",\"expiryDate\":\"2024-05-10\",\"enterName\":\"\"}', 1202, '0', NULL, '2023-05-28 10:22:08', '2023-05-28 10:22:08', 'admin', 'admin');
INSERT INTO `sys_log` VALUES (1662671210978926594, '0', '登录成功', 'web', '127.0.0.1', 'Mozilla/5.0 (Windows NT 10.0; Win64; x64) AppleWebKit/537.36 (KHTML, like Gecko) Chrome/113.0.0.0 Safari/537.36', '/oauth2/token', 'POST', 'randomStr=%5B%5D&password=%5B123456%5D&code=%5B%5D&grant_type=%5Bpassword%5D&scope=%5Bserver%5D&hosId=%5B1659018792143663105%5D&username=%5Badmin%5D', 4239, '0', NULL, '2023-05-28 12:04:42', '2023-05-28 12:04:42', 'admin', 'admin');
INSERT INTO `sys_log` VALUES (1662671279610322945, '0', '退出成功', 'web', '127.0.0.1', 'Mozilla/5.0 (Windows NT 10.0; Win64; x64) AppleWebKit/537.36 (KHTML, like Gecko) Chrome/113.0.0.0 Safari/537.36', '/token/logout', 'DELETE', 'Bearer bca89e4c-6f9c-4ee7-9267-63b66115e33a', 0, '0', NULL, '2023-05-28 12:04:59', '2023-05-28 12:04:59', 'admin', 'admin');
INSERT INTO `sys_log` VALUES (1662671295498346498, '0', '登录成功', 'web', '127.0.0.1', 'Mozilla/5.0 (Windows NT 10.0; Win64; x64) AppleWebKit/537.36 (KHTML, like Gecko) Chrome/113.0.0.0 Safari/537.36', '/oauth2/token', 'POST', 'randomStr=%5B%5D&password=%5B123456%5D&code=%5B%5D&grant_type=%5Bpassword%5D&scope=%5Bserver%5D&hosId=%5B1659018792143663105%5D&username=%5Badmin%5D', 229, '0', NULL, '2023-05-28 12:05:02', '2023-05-28 12:05:02', 'admin', 'admin');
INSERT INTO `sys_log` VALUES (1662671444891066370, '0', '清除菜单缓存', 'web', '127.0.0.1', 'Mozilla/5.0 (Windows NT 10.0; Win64; x64) AppleWebKit/537.36 (KHTML, like Gecko) Chrome/113.0.0.0 Safari/537.36', '/menu/cache', 'DELETE', '', 19, '0', NULL, '2023-05-28 12:05:38', '2023-05-28 12:05:38', 'admin', 'admin');
INSERT INTO `sys_log` VALUES (1662671447030161410, '0', '清除菜单缓存', 'web', '127.0.0.1', 'Mozilla/5.0 (Windows NT 10.0; Win64; x64) AppleWebKit/537.36 (KHTML, like Gecko) Chrome/113.0.0.0 Safari/537.36', '/menu/cache', 'DELETE', '', 0, '0', NULL, '2023-05-28 12:05:39', '2023-05-28 12:05:39', 'admin', 'admin');
INSERT INTO `sys_log` VALUES (1662671450960224258, '0', '清除菜单缓存', 'web', '127.0.0.1', 'Mozilla/5.0 (Windows NT 10.0; Win64; x64) AppleWebKit/537.36 (KHTML, like Gecko) Chrome/113.0.0.0 Safari/537.36', '/menu/cache', 'DELETE', '', 0, '0', NULL, '2023-05-28 12:05:40', '2023-05-28 12:05:40', 'admin', 'admin');
INSERT INTO `sys_log` VALUES (1662671453212565505, '0', '清除菜单缓存', 'web', '127.0.0.1', 'Mozilla/5.0 (Windows NT 10.0; Win64; x64) AppleWebKit/537.36 (KHTML, like Gecko) Chrome/113.0.0.0 Safari/537.36', '/menu/cache', 'DELETE', '', 7, '0', NULL, '2023-05-28 12:05:40', '2023-05-28 12:05:40', 'admin', 'admin');
INSERT INTO `sys_log` VALUES (1662671454739292162, '0', '清除菜单缓存', 'web', '127.0.0.1', 'Mozilla/5.0 (Windows NT 10.0; Win64; x64) AppleWebKit/537.36 (KHTML, like Gecko) Chrome/113.0.0.0 Safari/537.36', '/menu/cache', 'DELETE', '', 2, '0', NULL, '2023-05-28 12:05:40', '2023-05-28 12:05:40', 'admin', 'admin');
INSERT INTO `sys_log` VALUES (1662671455569764353, '0', '清除菜单缓存', 'web', '127.0.0.1', 'Mozilla/5.0 (Windows NT 10.0; Win64; x64) AppleWebKit/537.36 (KHTML, like Gecko) Chrome/113.0.0.0 Safari/537.36', '/menu/cache', 'DELETE', '', 0, '0', NULL, '2023-05-28 12:05:41', '2023-05-28 12:05:41', 'admin', 'admin');
INSERT INTO `sys_log` VALUES (1662671456270213121, '0', '清除菜单缓存', 'web', '127.0.0.1', 'Mozilla/5.0 (Windows NT 10.0; Win64; x64) AppleWebKit/537.36 (KHTML, like Gecko) Chrome/113.0.0.0 Safari/537.36', '/menu/cache', 'DELETE', '', 0, '0', NULL, '2023-05-28 12:05:41', '2023-05-28 12:05:41', 'admin', 'admin');
INSERT INTO `sys_log` VALUES (1662671456907747330, '0', '清除菜单缓存', 'web', '127.0.0.1', 'Mozilla/5.0 (Windows NT 10.0; Win64; x64) AppleWebKit/537.36 (KHTML, like Gecko) Chrome/113.0.0.0 Safari/537.36', '/menu/cache', 'DELETE', '', 0, '0', NULL, '2023-05-28 12:05:41', '2023-05-28 12:05:41', 'admin', 'admin');
INSERT INTO `sys_log` VALUES (1662671592954191874, '0', '清除菜单缓存', 'web', '127.0.0.1', 'Mozilla/5.0 (Windows NT 10.0; Win64; x64) AppleWebKit/537.36 (KHTML, like Gecko) Chrome/113.0.0.0 Safari/537.36', '/menu/cache', 'DELETE', '', 5, '0', NULL, '2023-05-28 12:06:13', '2023-05-28 12:06:13', 'admin', 'admin');
INSERT INTO `sys_log` VALUES (1662671734902022146, '0', '清除菜单缓存', 'web', '127.0.0.1', 'Mozilla/5.0 (Windows NT 10.0; Win64; x64) AppleWebKit/537.36 (KHTML, like Gecko) Chrome/113.0.0.0 Safari/537.36', '/menu/cache', 'DELETE', '', 5, '0', NULL, '2023-05-28 12:06:47', '2023-05-28 12:06:47', 'admin', 'admin');
INSERT INTO `sys_log` VALUES (1662672015366733825, '0', '清除菜单缓存', 'web', '127.0.0.1', 'Mozilla/5.0 (Windows NT 10.0; Win64; x64) AppleWebKit/537.36 (KHTML, like Gecko) Chrome/113.0.0.0 Safari/537.36', '/menu/cache', 'DELETE', '', 36, '0', NULL, '2023-05-28 12:07:54', '2023-05-28 12:07:54', 'admin', 'admin');
INSERT INTO `sys_log` VALUES (1662672033473544194, '0', '清除菜单缓存', 'web', '127.0.0.1', 'Mozilla/5.0 (Windows NT 10.0; Win64; x64) AppleWebKit/537.36 (KHTML, like Gecko) Chrome/113.0.0.0 Safari/537.36', '/menu/cache', 'DELETE', '', 3, '0', NULL, '2023-05-28 12:07:58', '2023-05-28 12:07:58', 'admin', 'admin');
INSERT INTO `sys_log` VALUES (1662672056315723777, '0', '清除菜单缓存', 'web', '127.0.0.1', 'Mozilla/5.0 (Windows NT 10.0; Win64; x64) AppleWebKit/537.36 (KHTML, like Gecko) Chrome/113.0.0.0 Safari/537.36', '/menu/cache', 'DELETE', '', 0, '0', NULL, '2023-05-28 12:08:04', '2023-05-28 12:08:04', 'admin', 'admin');
INSERT INTO `sys_log` VALUES (1662738631337086978, '0', '登录成功', 'web', '127.0.0.1', 'Mozilla/5.0 (Windows NT 10.0; Win64; x64) AppleWebKit/537.36 (KHTML, like Gecko) Chrome/113.0.0.0 Safari/537.36', '/oauth2/token', 'POST', 'randomStr=%5B%5D&password=%5B123456%5D&code=%5B%5D&grant_type=%5Bpassword%5D&scope=%5Bserver%5D&hosId=%5B1659018792143663105%5D&username=%5Badmin%5D', 32433, '0', NULL, '2023-05-28 16:32:37', '2023-05-28 16:32:37', 'admin', 'admin');
INSERT INTO `sys_log` VALUES (1662738677377961985, '0', '登录成功', 'web', '127.0.0.1', 'Mozilla/5.0 (Windows NT 10.0; Win64; x64) AppleWebKit/537.36 (KHTML, like Gecko) Chrome/113.0.0.0 Safari/537.36', '/oauth2/token', 'POST', 'randomStr=%5B86531685262745109%5D&password=%5B123456%5D&code=%5B%5D&grant_type=%5Bpassword%5D&scope=%5Bserver%5D&hosId=%5B1659018792143663105%5D&username=%5Badmin%5D', 6729, '0', NULL, '2023-05-28 16:32:48', '2023-05-28 16:32:48', 'admin', 'admin');
INSERT INTO `sys_log` VALUES (1662749134314725378, '0', '退出成功', 'web', '127.0.0.1', 'Mozilla/5.0 (Windows NT 10.0; Win64; x64) AppleWebKit/537.36 (KHTML, like Gecko) Chrome/113.0.0.0 Safari/537.36', '/token/logout', 'DELETE', 'Bearer 29576268-e167-42ca-b57b-f131bfaa9c7b', 0, '0', NULL, '2023-05-28 17:14:21', '2023-05-28 17:14:21', 'admin', 'admin');
INSERT INTO `sys_log` VALUES (1662749155227525121, '0', '登录成功', 'web', '127.0.0.1', 'Mozilla/5.0 (Windows NT 10.0; Win64; x64) AppleWebKit/537.36 (KHTML, like Gecko) Chrome/113.0.0.0 Safari/537.36', '/oauth2/token', 'POST', 'randomStr=%5B%5D&password=%5B123456%5D&code=%5B%5D&grant_type=%5Bpassword%5D&scope=%5Bserver%5D&hosId=%5B1659018792143663105%5D&username=%5Badmin%5D', 593, '0', NULL, '2023-05-28 17:14:26', '2023-05-28 17:14:26', 'admin', 'admin');
INSERT INTO `sys_log` VALUES (1662749228191637506, '0', '删除终端', 'web', '127.0.0.1', 'Mozilla/5.0 (Windows NT 10.0; Win64; x64) AppleWebKit/537.36 (KHTML, like Gecko) Chrome/113.0.0.0 Safari/537.36', '/client/daemon', 'DELETE', '', 28, '0', NULL, '2023-05-28 17:14:43', '2023-05-28 17:14:43', 'admin', 'admin');
INSERT INTO `sys_log` VALUES (1662749240501919745, '0', '删除终端', 'web', '127.0.0.1', 'Mozilla/5.0 (Windows NT 10.0; Win64; x64) AppleWebKit/537.36 (KHTML, like Gecko) Chrome/113.0.0.0 Safari/537.36', '/client/gen', 'DELETE', '', 12, '0', NULL, '2023-05-28 17:14:46', '2023-05-28 17:14:46', 'admin', 'admin');
INSERT INTO `sys_log` VALUES (1662749251411304449, '0', '删除终端', 'web', '127.0.0.1', 'Mozilla/5.0 (Windows NT 10.0; Win64; x64) AppleWebKit/537.36 (KHTML, like Gecko) Chrome/113.0.0.0 Safari/537.36', '/client/test', 'DELETE', '', 10, '0', NULL, '2023-05-28 17:14:49', '2023-05-28 17:14:49', 'admin', 'admin');
INSERT INTO `sys_log` VALUES (1662750164330930177, '9', '登录失败', 'web', '127.0.0.1', 'Mozilla/5.0 (Windows NT 10.0; Win64; x64) AppleWebKit/537.36 (KHTML, like Gecko) Chrome/113.0.0.0 Safari/537.36', '/token/check_token', 'GET', 'token=%5Ba3ad7e17-5f80-4924-b1ae-6a28692e6f07%5D', 18, '0', 'invalid_bearer_token', '2023-05-28 17:18:26', '2023-05-28 17:18:26', 'anonymousUser', 'anonymousUser');
INSERT INTO `sys_log` VALUES (1662750214805184513, '0', '登录成功', 'web', '127.0.0.1', 'Mozilla/5.0 (Windows NT 10.0; Win64; x64) AppleWebKit/537.36 (KHTML, like Gecko) Chrome/113.0.0.0 Safari/537.36', '/oauth2/token', 'POST', 'randomStr=%5B%5D&password=%5B123456%5D&code=%5B%5D&grant_type=%5Bpassword%5D&scope=%5Bserver%5D&hosId=%5B1659018792143663105%5D&username=%5Badmin%5D', 398, '0', NULL, '2023-05-28 17:18:38', '2023-05-28 17:18:38', 'admin', 'admin');
INSERT INTO `sys_log` VALUES (1662764593781071873, '0', '更新菜单', 'web', '127.0.0.1', 'Mozilla/5.0 (Windows NT 10.0; Win64; x64) AppleWebKit/537.36 (KHTML, like Gecko) Chrome/113.0.0.0 Safari/537.36', '/menu', 'PUT', '{\"createBy\":null,\"createTime\":\"2018-01-20 13:17:19\",\"updateBy\":null,\"updateTime\":\"2018-07-29 13:38:19\",\"menuId\":\"1685247343294\",\"name\":\"质控记录\",\"permission\":\"\",\"parentId\":\"1685002829989\",\"icon\":\"icon-bangzhushouji\",\"path\":\"/device/record/index\",\"sortOrder\":8,\"type\":\"0\",\"keepAlive\":\"0\",\"delFlag\":\"0\"}', 46, '0', NULL, '2023-05-28 18:15:46', '2023-05-28 18:15:46', 'admin', 'admin');
INSERT INTO `sys_log` VALUES (1662764728611168258, '0', '更新菜单', 'web', '127.0.0.1', 'Mozilla/5.0 (Windows NT 10.0; Win64; x64) AppleWebKit/537.36 (KHTML, like Gecko) Chrome/113.0.0.0 Safari/537.36', '/menu', 'PUT', '{\"createBy\":null,\"createTime\":\"2018-01-20 13:17:19\",\"updateBy\":\"admin\",\"updateTime\":\"2023-05-28 18:15:46\",\"menuId\":\"1685247343294\",\"name\":\"质控记录\",\"permission\":\"\",\"parentId\":\"1685002829989\",\"icon\":\"icon-bangzhushouji\",\"path\":\"/device/record/index\",\"sortOrder\":15,\"type\":\"0\",\"keepAlive\":\"0\",\"delFlag\":\"0\"}', 15, '0', NULL, '2023-05-28 18:16:19', '2023-05-28 18:16:19', 'admin', 'admin');
INSERT INTO `sys_log` VALUES (1662764769371414529, '0', '更新菜单', 'web', '127.0.0.1', 'Mozilla/5.0 (Windows NT 10.0; Win64; x64) AppleWebKit/537.36 (KHTML, like Gecko) Chrome/113.0.0.0 Safari/537.36', '/menu', 'PUT', '{\"createBy\":null,\"createTime\":\"2018-05-15 21:35:18\",\"updateBy\":null,\"updateTime\":\"2018-07-29 13:38:59\",\"menuId\":\"1685247343295\",\"name\":\"质控记录查看\",\"permission\":\"device_qcrecord_get\",\"parentId\":\"1685247343294\",\"icon\":\"1\",\"path\":null,\"sortOrder\":16,\"type\":\"1\",\"keepAlive\":\"0\",\"delFlag\":\"0\"}', 19, '0', NULL, '2023-05-28 18:16:28', '2023-05-28 18:16:28', 'admin', 'admin');
INSERT INTO `sys_log` VALUES (1662764786966519809, '0', '更新菜单', 'web', '127.0.0.1', 'Mozilla/5.0 (Windows NT 10.0; Win64; x64) AppleWebKit/537.36 (KHTML, like Gecko) Chrome/113.0.0.0 Safari/537.36', '/menu', 'PUT', '{\"createBy\":null,\"createTime\":\"2018-05-15 21:35:18\",\"updateBy\":null,\"updateTime\":\"2018-07-29 13:38:59\",\"menuId\":\"1685247343296\",\"name\":\"质控记录新增\",\"permission\":\"device_qcrecord_add\",\"parentId\":\"1685247343294\",\"icon\":\"1\",\"path\":null,\"sortOrder\":17,\"type\":\"1\",\"keepAlive\":\"0\",\"delFlag\":\"0\"}', 22, '0', NULL, '2023-05-28 18:16:33', '2023-05-28 18:16:33', 'admin', 'admin');
INSERT INTO `sys_log` VALUES (1662764804389658625, '0', '更新菜单', 'web', '127.0.0.1', 'Mozilla/5.0 (Windows NT 10.0; Win64; x64) AppleWebKit/537.36 (KHTML, like Gecko) Chrome/113.0.0.0 Safari/537.36', '/menu', 'PUT', '{\"createBy\":null,\"createTime\":\"2018-05-15 21:35:18\",\"updateBy\":null,\"updateTime\":\"2018-07-29 13:38:59\",\"menuId\":\"1685247343297\",\"name\":\"质控记录修改\",\"permission\":\"device_qcrecord_edit\",\"parentId\":\"1685247343294\",\"icon\":\"1\",\"path\":null,\"sortOrder\":18,\"type\":\"1\",\"keepAlive\":\"0\",\"delFlag\":\"0\"}', 23, '0', NULL, '2023-05-28 18:16:37', '2023-05-28 18:16:37', 'admin', 'admin');
INSERT INTO `sys_log` VALUES (1662764821598887937, '0', '更新菜单', 'web', '127.0.0.1', 'Mozilla/5.0 (Windows NT 10.0; Win64; x64) AppleWebKit/537.36 (KHTML, like Gecko) Chrome/113.0.0.0 Safari/537.36', '/menu', 'PUT', '{\"createBy\":null,\"createTime\":\"2018-05-15 21:35:18\",\"updateBy\":null,\"updateTime\":\"2018-07-29 13:38:59\",\"menuId\":\"1685247343298\",\"name\":\"质控记录删除\",\"permission\":\"device_qcrecord_del\",\"parentId\":\"1685247343294\",\"icon\":\"1\",\"path\":null,\"sortOrder\":19,\"type\":\"1\",\"keepAlive\":\"0\",\"delFlag\":\"0\"}', 14, '0', NULL, '2023-05-28 18:16:41', '2023-05-28 18:16:41', 'admin', 'admin');
INSERT INTO `sys_log` VALUES (1662764861977452545, '0', '更新角色菜单', 'web', '127.0.0.1', 'Mozilla/5.0 (Windows NT 10.0; Win64; x64) AppleWebKit/537.36 (KHTML, like Gecko) Chrome/113.0.0.0 Safari/537.36', '/role/menu', 'PUT', '{\"roleId\":\"1660134954269057025\",\"menuIds\":\"1000,1100,1101,1102,1103,1104,1200,1201,1202,1203,1300,1301,1302,1303,1304,1305,1400,1401,1402,1403,1500,1501,1502,1503,1504,1505,1684725265770,1684725265771,1684725265772,1684725265773,1684725265774,2000,2400,2401,2402,2403,2600,2601,2602,2603,2200,2201,2202,2203,2100,2101,2102,2300,2301,2700,2701,2702,2703,3000,3200,3300,3301,3302,3303,3400,3100,4000,1684374329728,1684374329729,1684374329730,1684374329731,1684374329732,1685002829989,1661700003911647234,1685002829991,1685002829990,1685002829992,1685002829993,1685178890515,1685178890516,1685178890517,1685178890518,1685178890519,1685191950869,1685191950870,1685191950871,1685191950872,1685191950873,1685247343294,1685247343295,1685247343296,1685247343297,1685247343298,9999,\"}', 231, '0', NULL, '2023-05-28 18:16:50', '2023-05-28 18:16:50', 'admin', 'admin');
INSERT INTO `sys_log` VALUES (1662764890473553922, '0', '更新角色菜单', 'web', '127.0.0.1', 'Mozilla/5.0 (Windows NT 10.0; Win64; x64) AppleWebKit/537.36 (KHTML, like Gecko) Chrome/113.0.0.0 Safari/537.36', '/role/menu', 'PUT', '{\"roleId\":\"1\",\"menuIds\":\"1000,1100,1101,1102,1103,1104,1200,1201,1202,1203,1300,1301,1302,1303,1304,1305,1400,1401,1402,1403,1500,1501,1502,1503,1504,1505,1684725265770,1684725265771,1684725265772,1684725265773,1684725265774,1685002829989,1661700003911647234,1685002829991,1685002829990,1685002829992,1685002829993,1685178890515,1685178890516,1685178890517,1685178890518,1685178890519,1685191950869,1685191950870,1685191950871,1685191950872,1685191950873,1685247343294,1685247343295,1685247343296,1685247343297,1685247343298,\"}', 151, '0', NULL, '2023-05-28 18:16:57', '2023-05-28 18:16:57', 'admin', 'admin');
INSERT INTO `sys_log` VALUES (1662764942680055809, '0', '退出成功', 'web', '127.0.0.1', 'Mozilla/5.0 (Windows NT 10.0; Win64; x64) AppleWebKit/537.36 (KHTML, like Gecko) Chrome/113.0.0.0 Safari/537.36', '/token/logout', 'DELETE', 'Bearer 2b48504c-81da-4e54-becd-2469639ac316', 0, '0', NULL, '2023-05-28 18:17:10', '2023-05-28 18:17:10', 'admin', 'admin');
INSERT INTO `sys_log` VALUES (1662764960078028802, '0', '登录成功', 'web', '127.0.0.1', 'Mozilla/5.0 (Windows NT 10.0; Win64; x64) AppleWebKit/537.36 (KHTML, like Gecko) Chrome/113.0.0.0 Safari/537.36', '/oauth2/token', 'POST', 'randomStr=%5B%5D&password=%5B123456%5D&code=%5B%5D&grant_type=%5Bpassword%5D&scope=%5Bserver%5D&hosId=%5B1659018792143663105%5D&username=%5Badmin%5D', 150, '0', NULL, '2023-05-28 18:17:14', '2023-05-28 18:17:14', 'admin', 'admin');
INSERT INTO `sys_log` VALUES (1662765067695480833, '0', '更新菜单', 'web', '127.0.0.1', 'Mozilla/5.0 (Windows NT 10.0; Win64; x64) AppleWebKit/537.36 (KHTML, like Gecko) Chrome/113.0.0.0 Safari/537.36', '/menu', 'PUT', '{\"createBy\":null,\"createTime\":\"2018-01-20 13:17:19\",\"updateBy\":\"admin\",\"updateTime\":\"2023-05-28 18:16:19\",\"menuId\":\"1685247343294\",\"name\":\"质控记录\",\"permission\":\"\",\"parentId\":\"1685002829989\",\"icon\":\"icon-caidan1\",\"path\":\"/device/record/index\",\"sortOrder\":15,\"type\":\"0\",\"keepAlive\":\"0\",\"delFlag\":\"0\"}', 24, '0', NULL, '2023-05-28 18:17:39', '2023-05-28 18:17:39', 'admin', 'admin');
INSERT INTO `sys_log` VALUES (1662765092907442178, '0', '清除菜单缓存', 'web', '127.0.0.1', 'Mozilla/5.0 (Windows NT 10.0; Win64; x64) AppleWebKit/537.36 (KHTML, like Gecko) Chrome/113.0.0.0 Safari/537.36', '/menu/cache', 'DELETE', '', 3, '0', NULL, '2023-05-28 18:17:45', '2023-05-28 18:17:45', 'admin', 'admin');
INSERT INTO `sys_log` VALUES (1662775741997834242, '0', '新增设备', 'web', '127.0.0.1', 'Mozilla/5.0 (Windows NT 10.0; Win64; x64) AppleWebKit/537.36 (KHTML, like Gecko) Chrome/113.0.0.0 Safari/537.36', '/device', 'POST', '{\"id\":\"\",\"hosId\":\"\",\"sn\":\"3981293B101\",\"imei\":\"\",\"deviceType\":\"\",\"poctNum\":\"\",\"productName\":\"\",\"appVersion\":\"\",\"biosVersion\":\"\",\"ip\":\"\",\"enterName\":\"\",\"enterTime\":\"\",\"deptId\":\"1659386542775017473\",\"deptAuths\":[\"1659386264763965441\",\"1659386542775017473\",\"1659789309465214978\",\"1659789383939276802\",\"1659790789526044673\"],\"enableDb\":0,\"devStatus\":0,\"comment\":\"\",\"bindModule\":\"\",\"devAuthId\":[\"0\",\"3\"],\"checkTotal\":\"\",\"qcTotal\":\"\",\"lastCheckTime\":\"\",\"lastQcTime\":\"\",\"lanIp\":\"\",\"lanMac\":\"\",\"wifiIp\":\"\",\"wifiMac\":\"\",\"delFlag\":\"\",\"createTime\":\"\",\"createBy\":\"\",\"updateTime\":\"\",\"updateBy\":\"\"}', 178, '0', NULL, '2023-05-28 19:00:04', '2023-05-28 19:00:04', 'admin', 'admin');
INSERT INTO `sys_log` VALUES (1662776934346186754, '0', '新增设备', 'web', '127.0.0.1', 'Mozilla/5.0 (Windows NT 10.0; Win64; x64) AppleWebKit/537.36 (KHTML, like Gecko) Chrome/113.0.0.0 Safari/537.36', '/device', 'POST', '{\"id\":\"\",\"hosId\":\"\",\"sn\":\"3981293B105\",\"imei\":\"\",\"deviceType\":\"\",\"poctNum\":\"\",\"productName\":\"\",\"appVersion\":\"\",\"biosVersion\":\"\",\"ip\":\"\",\"enterName\":\"\",\"enterTime\":\"\",\"deptId\":\"1659386264763965441\",\"deptAuths\":[\"1659386264763965441\",\"1659386542775017473\",\"1659789309465214978\",\"1659789383939276802\"],\"enableDb\":0,\"devStatus\":0,\"comment\":\"\",\"bindModule\":\"\",\"devAuthId\":[\"0\",\"3\"],\"checkTotal\":\"\",\"qcTotal\":\"\",\"lastCheckTime\":\"\",\"lastQcTime\":\"\",\"lanIp\":\"\",\"lanMac\":\"\",\"wifiIp\":\"\",\"wifiMac\":\"\",\"delFlag\":\"\",\"createTime\":\"\",\"createBy\":\"\",\"updateTime\":\"\",\"updateBy\":\"\"}', 60, '0', NULL, '2023-05-28 19:04:49', '2023-05-28 19:04:49', 'admin', 'admin');
INSERT INTO `sys_log` VALUES (1662800522038140929, '0', '新增质控记录', 'web', '127.0.0.1', 'Mozilla/5.0 (Windows NT 10.0; Win64; x64) AppleWebKit/537.36 (KHTML, like Gecko) Chrome/113.0.0.0 Safari/537.36', '/qc/record', 'POST', '{\"id\":\"\",\"sn\":\"3981293B102\",\"deptId\":\"1659386542775017473\",\"value\":11,\"sampleType\":1,\"result\":\"\",\"measureTime\":\"2023-05-28 20:38:21\",\"paperId\":\"1662428123929202690\",\"liquidId\":\"1662644196997824513\",\"$sampleType\":\"血糖\",\"$sn\":\"3981293B102\",\"$deptId\":\"内分泌科\"}', 136, '0', NULL, '2023-05-28 20:38:32', '2023-05-28 20:38:32', 'admin', 'admin');
INSERT INTO `sys_log` VALUES (1662807164041486338, '0', '修改质控记录', 'web', '127.0.0.1', 'Mozilla/5.0 (Windows NT 10.0; Win64; x64) AppleWebKit/537.36 (KHTML, like Gecko) Chrome/113.0.0.0 Safari/537.36', '/qc/record', 'PUT', '{\"id\":\"1662800521207713794\",\"sn\":\"3981293B102\",\"deptId\":\"1659386542775017473\",\"value\":11,\"sampleType\":1,\"result\":0,\"measureTime\":\"2023-05-28 20:38:21\",\"paperId\":\"1662428123929202690\",\"liquidId\":\"1662644196997824513\",\"createBy\":null,\"createTime\":null,\"updateBy\":null,\"updateTime\":null,\"operatorUserId\":\"1\",\"operatorName\":\"管理员\"}', 115, '0', NULL, '2023-05-28 21:04:56', '2023-05-28 21:04:56', 'admin', 'admin');
INSERT INTO `sys_log` VALUES (1662807195276468225, '0', '通过id删除质控记录', 'web', '127.0.0.1', 'Mozilla/5.0 (Windows NT 10.0; Win64; x64) AppleWebKit/537.36 (KHTML, like Gecko) Chrome/113.0.0.0 Safari/537.36', '/qc/record/1662800521207713794', 'DELETE', '', 38, '0', NULL, '2023-05-28 21:05:03', '2023-05-28 21:05:03', 'admin', 'admin');
INSERT INTO `sys_log` VALUES (1662807270446784514, '0', '新增质控记录', 'web', '127.0.0.1', 'Mozilla/5.0 (Windows NT 10.0; Win64; x64) AppleWebKit/537.36 (KHTML, like Gecko) Chrome/113.0.0.0 Safari/537.36', '/qc/record', 'POST', '{\"id\":\"\",\"sn\":\"3981293B102\",\"deptId\":\"1659386542775017473\",\"value\":12,\"sampleType\":1,\"result\":\"1\",\"measureTime\":\"2023-05-28 21:05:19\",\"paperId\":\"1662428123929202690\",\"liquidId\":\"1662644196997824513\",\"$sampleType\":\"血糖\",\"$result\":\"通过\",\"$sn\":\"3981293B102\",\"$deptId\":\"内分泌科\"}', 99, '0', NULL, '2023-05-28 21:05:21', '2023-05-28 21:05:21', 'admin', 'admin');
INSERT INTO `sys_log` VALUES (1662810747432525825, '0', '新增质控记录', 'web', '127.0.0.1', 'Mozilla/5.0 (Windows NT 10.0; Win64; x64) AppleWebKit/537.36 (KHTML, like Gecko) Chrome/113.0.0.0 Safari/537.36', '/qc/record', 'POST', '{\"id\":\"\",\"sn\":\"3981293B102\",\"deptId\":\"1659386542775017473\",\"value\":12,\"sampleType\":1,\"result\":\"1\",\"measureTime\":\"2023-05-28 21:19:06\",\"paperId\":\"1662428123929202690\",\"liquidId\":\"1662644783596404737\",\"$sampleType\":\"血糖\",\"$result\":\"通过\",\"$sn\":\"3981293B102\",\"$deptId\":\"内分泌科\"}', 104, '0', NULL, '2023-05-28 21:19:10', '2023-05-28 21:19:10', 'admin', 'admin');
INSERT INTO `sys_log` VALUES (1662827676805292033, '0', '更新角色菜单', 'web', '127.0.0.1', 'Mozilla/5.0 (Windows NT 10.0; Win64; x64) AppleWebKit/537.36 (KHTML, like Gecko) Chrome/113.0.0.0 Safari/537.36', '/role/menu', 'PUT', '{\"roleId\":\"1658730625385594882\",\"menuIds\":\"1661700003911647234,1685002829991,1685002829990,1685002829992,1685002829993,1685178890515,1685178890516,1685178890517,1685178890518,1685178890519,1685191950869,1685191950870,1685191950871,1685191950872,1685191950873,1685247343295,1685247343296,1685002829989,1685247343294\"}', 83, '0', NULL, '2023-05-28 22:26:27', '2023-05-28 22:26:27', 'admin', 'admin');
INSERT INTO `sys_log` VALUES (1662827766513065985, '0', '更新用户信息', 'web', '127.0.0.1', 'Mozilla/5.0 (Windows NT 10.0; Win64; x64) AppleWebKit/537.36 (KHTML, like Gecko) Chrome/113.0.0.0 Safari/537.36', '/user', 'PUT', '{\"userId\":\"1662432715555459074\",\"username\":\"bailu\",\"name\":\"白鹿\",\"gender\":\"2\",\"deptId\":\"1659386542775017473\",\"phone\":\"\",\"role\":[\"1658730625385594882\"],\"deptName\":\"神经内科\",\"post\":[\"1659437092614897665\"],\"auth\":[\"1659386542775017473\"],\"lockFlag\":\"0\",\"createTime\":\"2023-05-27 20:17:01\",\"salt\":null,\"updateTime\":\"2023-05-27 20:17:01\",\"delFlag\":\"0\",\"avatar\":null,\"roleList\":[{\"createBy\":\"admin\",\"createTime\":\"2023-05-17 15:06:13\",\"updateBy\":\"admin\",\"updateTime\":\"2023-05-17 15:06:13\",\"roleId\":\"1658730625385594882\",\"roleName\":\"护士\",\"roleCode\":\"NURSE\",\"roleDesc\":\"护士\",\"delFlag\":\"0\"}],\"postList\":[{\"createBy\":\"admin\",\"createTime\":\"2023-05-19 13:53:28\",\"updateBy\":\"admin\",\"updateTime\":\"2023-05-19 13:53:28\",\"postId\":\"1659437092614897665\",\"postCode\":\"in_hos_nurse\",\"postName\":\"住院护士\",\"hosId\":null,\"postSort\":0,\"delFlag\":\"0\",\"remark\":\"住院护士\"}],\"authList\":[{\"createBy\":null,\"createTime\":null,\"updateBy\":null,\"updateTime\":null,\"userId\":\"1662432715555459074\",\"deptId\":\"1659386264763965441\",\"delFlag\":null,\"deptName\":\"神经内科\"},{\"createBy\":null,\"createTime\":null,\"updateBy\":null,\"updateTime\":null,\"userId\":\"1662432715555459074\",\"deptId\":\"1659386542775017473\",\"delFlag\":null,\"deptName\":\"内分泌科\"},{\"createBy\":null,\"createTime\":null,\"updateBy\":null,\"updateTime\":null,\"userId\":\"1662432715555459074\",\"deptId\":\"1659789309465214978\",\"delFlag\":null,\"deptName\":\"心内科\"},{\"createBy\":null,\"createTime\":null,\"updateBy\":null,\"updateTime\":null,\"userId\":\"1662432715555459074\",\"deptId\":\"1659789383939276802\",\"delFlag\":null,\"deptName\":\"急诊科\"},{\"createBy\":null,\"createTime\":null,\"updateBy\":null,\"updateTime\":null,\"userId\":\"1662432715555459074\",\"deptId\":\"1659790789526044673\",\"delFlag\":null,\"deptName\":\"内分泌护理单元\"},{\"createBy\":null,\"createTime\":null,\"updateBy\":null,\"updateTime\":null,\"userId\":\"1662432715555459074\",\"deptId\":\"1659799651851362305\",\"delFlag\":null,\"deptName\":\"心内科护理单元\"}],\"$cellEdit\":false,\"$index\":0,\"$gender\":\"女\",\"$deptId\":\"内分泌科\",\"$lockFlag\":\"正常\"}', 168, '0', NULL, '2023-05-28 22:26:48', '2023-05-28 22:26:48', 'admin', 'admin');
INSERT INTO `sys_log` VALUES (1662827800579203073, '0', '退出成功', 'web', '127.0.0.1', 'Mozilla/5.0 (Windows NT 10.0; Win64; x64) AppleWebKit/537.36 (KHTML, like Gecko) Chrome/113.0.0.0 Safari/537.36', '/token/logout', 'DELETE', 'Bearer 82683431-7524-46be-9bc4-6dfdffa41c54', 0, '0', NULL, '2023-05-28 22:26:56', '2023-05-28 22:26:56', 'admin', 'admin');
INSERT INTO `sys_log` VALUES (1662827831319257090, '0', '登录成功', 'web', '127.0.0.1', 'Mozilla/5.0 (Windows NT 10.0; Win64; x64) AppleWebKit/537.36 (KHTML, like Gecko) Chrome/113.0.0.0 Safari/537.36', '/oauth2/token', 'POST', 'randomStr=%5B%5D&password=%5B12345678%5D&code=%5B%5D&grant_type=%5Bpassword%5D&scope=%5Bserver%5D&hosId=%5B1659018792143663105%5D&username=%5Bbailu%5D', 304, '0', NULL, '2023-05-28 22:27:04', '2023-05-28 22:27:04', 'bailu', 'bailu');
INSERT INTO `sys_log` VALUES (1662827931953192962, '9', '新增质控记录', 'web', '127.0.0.1', 'Mozilla/5.0 (Windows NT 10.0; Win64; x64) AppleWebKit/537.36 (KHTML, like Gecko) Chrome/113.0.0.0 Safari/537.36', '/qc/record', 'POST', '{\"id\":\"\",\"sn\":\"3981293B101\",\"deptId\":\"1659386542775017473\",\"value\":9,\"sampleType\":1,\"result\":\"1\",\"measureTime\":\"2023-05-28 22:27:17\",\"paperId\":\"1662428123929202690\",\"liquidId\":\"1662644196997824513\",\"operatorName\":\"\",\"$sampleType\":\"血糖\",\"$result\":\"通过\",\"$deptId\":\"内分泌科\",\"$sn\":\"3981293B101\"}', 75, '0', 'com.code.ape.codeape.device.api.vo.PaperInfoVO cannot be cast to com.code.ape.codeape.device.api.entity.PaperInfo', '2023-05-28 22:27:27', '2023-05-28 22:27:27', 'bailu', 'bailu');
INSERT INTO `sys_log` VALUES (1662827962147987457, '9', '新增质控记录', 'web', '127.0.0.1', 'Mozilla/5.0 (Windows NT 10.0; Win64; x64) AppleWebKit/537.36 (KHTML, like Gecko) Chrome/113.0.0.0 Safari/537.36', '/qc/record', 'POST', '{\"id\":\"\",\"sn\":\"3981293B101\",\"deptId\":\"1659386542775017473\",\"value\":9,\"sampleType\":1,\"result\":\"1\",\"measureTime\":\"2023-05-28 22:27:17\",\"paperId\":\"1662428123929202690\",\"liquidId\":\"1662644196997824513\",\"operatorName\":\"\",\"$sampleType\":\"血糖\",\"$result\":\"通过\",\"$deptId\":\"内分泌科\",\"$sn\":\"3981293B101\"}', 34, '0', 'com.code.ape.codeape.device.api.vo.PaperInfoVO cannot be cast to com.code.ape.codeape.device.api.entity.PaperInfo', '2023-05-28 22:27:35', '2023-05-28 22:27:35', 'bailu', 'bailu');
INSERT INTO `sys_log` VALUES (1662828866574147586, '0', '新增质控记录', 'web', '127.0.0.1', 'Mozilla/5.0 (Windows NT 10.0; Win64; x64) AppleWebKit/537.36 (KHTML, like Gecko) Chrome/113.0.0.0 Safari/537.36', '/qc/record', 'POST', '{\"id\":\"\",\"sn\":\"3981293B101\",\"deptId\":\"1659386542775017473\",\"value\":9,\"sampleType\":1,\"result\":\"1\",\"measureTime\":\"2023-05-28 22:27:17\",\"paperId\":\"1662428123929202690\",\"liquidId\":\"1662644196997824513\",\"operatorName\":\"\",\"$sampleType\":\"血糖\",\"$result\":\"通过\",\"$deptId\":\"内分泌科\",\"$sn\":\"3981293B101\"}', 514, '0', NULL, '2023-05-28 22:31:10', '2023-05-28 22:31:10', 'bailu', 'bailu');
INSERT INTO `sys_log` VALUES (1662829812205150210, '0', '退出成功', 'web', '127.0.0.1', 'Mozilla/5.0 (Windows NT 10.0; Win64; x64) AppleWebKit/537.36 (KHTML, like Gecko) Chrome/113.0.0.0 Safari/537.36', '/token/logout', 'DELETE', 'Bearer a908025b-b43a-499e-b4ad-dc9e5418c875', 0, '0', NULL, '2023-05-28 22:34:56', '2023-05-28 22:34:56', 'bailu', 'bailu');
INSERT INTO `sys_log` VALUES (1662829826386092033, '0', '登录成功', 'web', '127.0.0.1', 'Mozilla/5.0 (Windows NT 10.0; Win64; x64) AppleWebKit/537.36 (KHTML, like Gecko) Chrome/113.0.0.0 Safari/537.36', '/oauth2/token', 'POST', 'randomStr=%5B%5D&password=%5B123456%5D&code=%5B%5D&grant_type=%5Bpassword%5D&scope=%5Bserver%5D&hosId=%5B1659018792143663105%5D&username=%5Badmin%5D', 149, '0', NULL, '2023-05-28 22:34:59', '2023-05-28 22:34:59', 'admin', 'admin');
INSERT INTO `sys_log` VALUES (1663041971971362818, '0', '登录成功', 'web', '127.0.0.1', 'Mozilla/5.0 (Windows NT 10.0; Win64; x64) AppleWebKit/537.36 (KHTML, like Gecko) Chrome/113.0.0.0 Safari/537.36', '/oauth2/token', 'POST', 'randomStr=%5B%5D&password=%5B123456%5D&code=%5B%5D&grant_type=%5Bpassword%5D&scope=%5Bserver%5D&hosId=%5B1659018792143663105%5D&username=%5Badmin%5D', 3960, '0', NULL, '2023-05-29 12:37:59', '2023-05-29 12:37:59', 'admin', 'admin');
INSERT INTO `sys_log` VALUES (1663042508473176066, '9', '登录失败', 'web', '127.0.0.1', 'Mozilla/5.0 (Windows NT 10.0; Win64; x64) AppleWebKit/537.36 (KHTML, like Gecko) Chrome/113.0.0.0 Safari/537.36', '/oauth2/token', 'POST', 'password=%5BB%EF%BF%BD8%5D&grant_type=%5Bpassword%5D&scope=%5Bserver%5D&username=%5Badmin%5D', 15, '0', 'null', '2023-05-29 12:40:07', '2023-05-29 12:40:07', 'admin', 'admin');
INSERT INTO `sys_log` VALUES (1663042769354690562, '9', '登录失败', 'web', '127.0.0.1', 'Mozilla/5.0 (Windows NT 10.0; Win64; x64) AppleWebKit/537.36 (KHTML, like Gecko) Chrome/113.0.0.0 Safari/537.36', '/oauth2/token', 'POST', 'password=%5B123456%5D&grant_type=%5Bpassword%5D&scope=%5Bserver%5D&username=%5Badmin%5D', 12, '0', 'null', '2023-05-29 12:41:09', '2023-05-29 12:41:09', 'admin', 'admin');
INSERT INTO `sys_log` VALUES (1663043242333769729, '9', '登录失败', 'test', '127.0.0.1', 'Mozilla/5.0 (Windows NT 10.0; Win64; x64) AppleWebKit/537.36 (KHTML, like Gecko) Chrome/113.0.0.0 Safari/537.36', '/oauth2/token', 'POST', 'password=%5B123456%5D&grant_type=%5Bpassword%5D&scope=%5Bserver%5D&username=%5Badmin%5D', 57, '0', NULL, '2023-05-29 12:43:01', '2023-05-29 12:43:01', 'admin', 'admin');
INSERT INTO `sys_log` VALUES (1663043294661906434, '9', '登录失败', 'test', '127.0.0.1', 'Mozilla/5.0 (Windows NT 10.0; Win64; x64) AppleWebKit/537.36 (KHTML, like Gecko) Chrome/113.0.0.0 Safari/537.36', '/oauth2/token', 'POST', 'password=%5B123456%5D&grant_type=%5Bpassword%5D&scope=%5Bserver%5D&username=%5Badmin%5D', 48, '0', 'UserDetailsService error , not register', '2023-05-29 12:43:14', '2023-05-29 12:43:14', 'admin', 'admin');
INSERT INTO `sys_log` VALUES (1663043554071220225, '9', '登录失败', 'test', '127.0.0.1', 'Mozilla/5.0 (Windows NT 10.0; Win64; x64) AppleWebKit/537.36 (KHTML, like Gecko) Chrome/113.0.0.0 Safari/537.36', '/oauth2/token', 'POST', 'password=%5B123456%5D&grant_type=%5Bpassword%5D&scope=%5Bserver%5D&username=%5Badmin%5D', 10620, '0', 'UserDetailsService error , not register', '2023-05-29 12:44:16', '2023-05-29 12:44:16', 'admin', 'admin');
INSERT INTO `sys_log` VALUES (1663043687848546306, '9', '登录失败', 'web', '127.0.0.1', 'Mozilla/5.0 (Windows NT 10.0; Win64; x64) AppleWebKit/537.36 (KHTML, like Gecko) Chrome/113.0.0.0 Safari/537.36', '/oauth2/token', 'POST', 'password=%5B123456%5D&grant_type=%5Bpassword%5D&scope=%5Bserver%5D&username=%5Badmin%5D', 17742, '0', 'null', '2023-05-29 12:44:48', '2023-05-29 12:44:48', 'admin', 'admin');
INSERT INTO `sys_log` VALUES (1663043793473703937, '9', '登录失败', 'web', '127.0.0.1', 'Mozilla/5.0 (Windows NT 10.0; Win64; x64) AppleWebKit/537.36 (KHTML, like Gecko) Chrome/113.0.0.0 Safari/537.36', '/oauth2/token', 'POST', 'password=%5B123456%5D&grant_type=%5Bpassword%5D&scope=%5Bserver%5D&username=%5Badmin%5D', 9353, '0', 'null', '2023-05-29 12:45:13', '2023-05-29 12:45:13', 'admin', 'admin');
INSERT INTO `sys_log` VALUES (1663048246578843649, '9', '登录失败', 'web', '127.0.0.1', 'Mozilla/5.0 (Windows NT 10.0; Win64; x64) AppleWebKit/537.36 (KHTML, like Gecko) Chrome/113.0.0.0 Safari/537.36', '/oauth2/token', 'POST', 'password=%5BB%EF%BF%BD8%5D&grant_type=%5Bpassword%5D&scope=%5Bserver%5D&username=%5Badmin%5D', 19535, '0', 'null', '2023-05-29 13:02:55', '2023-05-29 13:02:55', 'admin', 'admin');
INSERT INTO `sys_log` VALUES (1663049960484696065, '9', '登录失败', 'web', '127.0.0.1', 'Mozilla/5.0 (Windows NT 10.0; Win64; x64) AppleWebKit/537.36 (KHTML, like Gecko) Chrome/113.0.0.0 Safari/537.36', '/oauth2/token', 'POST', 'password=%5BB%EF%BF%BD8%5D&grant_type=%5Bpassword%5D&scope=%5Bserver%5D&username=%5Badmin%5D', 13656, '0', 'null', '2023-05-29 13:09:43', '2023-05-29 13:09:43', 'admin', 'admin');
INSERT INTO `sys_log` VALUES (1663050112935063553, '9', '登录失败', 'web', '127.0.0.1', 'Mozilla/5.0 (Windows NT 10.0; Win64; x64) AppleWebKit/537.36 (KHTML, like Gecko) Chrome/113.0.0.0 Safari/537.36', '/oauth2/token', 'POST', 'password=%5BB%EF%BF%BD8%5D&grant_type=%5Bpassword%5D&scope=%5Bserver%5D&username=%5Badmin%5D', 18322, '0', 'null', '2023-05-29 13:10:20', '2023-05-29 13:10:20', 'admin', 'admin');
INSERT INTO `sys_log` VALUES (1663053290866929665, '9', '登录失败', 'web', '127.0.0.1', 'Mozilla/5.0 (Windows NT 10.0; Win64; x64) AppleWebKit/537.36 (KHTML, like Gecko) Chrome/113.0.0.0 Safari/537.36', '/oauth2/token', 'POST', 'password=%5BB%EF%BF%BD8%5D&grant_type=%5Bpassword%5D&scope=%5Bserver%5D&username=%5Badmin%5D', 263, '0', 'null', '2023-05-29 13:22:57', '2023-05-29 13:22:57', 'admin', 'admin');
INSERT INTO `sys_log` VALUES (1663053432470827009, '9', '登录失败', 'web', '127.0.0.1', 'Mozilla/5.0 (Windows NT 10.0; Win64; x64) AppleWebKit/537.36 (KHTML, like Gecko) Chrome/113.0.0.0 Safari/537.36', '/oauth2/token', 'POST', 'password=%5BB%EF%BF%BD8%5D&grant_type=%5Bpassword%5D&scope=%5Bserver%5D&username=%5Badmin%5D', 28618, '0', 'null', '2023-05-29 13:23:31', '2023-05-29 13:23:31', 'admin', 'admin');
INSERT INTO `sys_log` VALUES (1663054346581635073, '9', '登录失败', 'web', '127.0.0.1', 'Mozilla/5.0 (Windows NT 10.0; Win64; x64) AppleWebKit/537.36 (KHTML, like Gecko) Chrome/113.0.0.0 Safari/537.36', '/oauth2/token', 'POST', 'password=%5BB%EF%BF%BD8%5D&grant_type=%5Bpassword%5D&scope=%5Bserver%5D&username=%5Badmin%5D', 12281, '0', 'null', '2023-05-29 13:27:09', '2023-05-29 13:27:09', 'admin', 'admin');
INSERT INTO `sys_log` VALUES (1663062838012997634, '0', '退出成功', 'web', '127.0.0.1', 'Mozilla/5.0 (Windows NT 10.0; Win64; x64) AppleWebKit/537.36 (KHTML, like Gecko) Chrome/113.0.0.0 Safari/537.36', '/token/logout', 'DELETE', 'Bearer 025433da-0d90-4850-98ad-74967e8a7363', 0, '0', NULL, '2023-05-29 14:00:53', '2023-05-29 14:00:53', 'admin', 'admin');
INSERT INTO `sys_log` VALUES (1663063994957230081, '0', '登录成功', 'web', '127.0.0.1', 'Mozilla/5.0 (Windows NT 10.0; Win64; x64) AppleWebKit/537.36 (KHTML, like Gecko) Chrome/113.0.0.0 Safari/537.36', '/oauth2/token', 'POST', 'randomStr=%5B%5D&password=%5B123456%5D&code=%5B%5D&grant_type=%5Bpassword%5D&scope=%5Bserver%5D&hosId=%5B1659018792143663105%5D&username=%5Badmin%5D', 265942, '0', NULL, '2023-05-29 14:05:29', '2023-05-29 14:05:29', 'admin', 'admin');
INSERT INTO `sys_log` VALUES (1663063995087253505, '0', '登录成功', 'web', '127.0.0.1', 'Mozilla/5.0 (Windows NT 10.0; Win64; x64) AppleWebKit/537.36 (KHTML, like Gecko) Chrome/113.0.0.0 Safari/537.36', '/oauth2/token', 'POST', 'randomStr=%5B13691685340093295%5D&password=%5B123456%5D&code=%5B%5D&grant_type=%5Bpassword%5D&scope=%5Bserver%5D&hosId=%5B1659018792143663105%5D&username=%5Badmin%5D', 60240, '0', NULL, '2023-05-29 14:05:29', '2023-05-29 14:05:29', 'admin', 'admin');
INSERT INTO `sys_log` VALUES (1663069740633616385, '9', '登录失败', 'web', '127.0.0.1', 'Apifox/1.0.0 (https://apifox.com)', '/oauth2/token', 'POST', 'password=%5B123456%5D&grant_type=%5Bpassword%5D&scope=%5Bserver%5D&username=%5Badmin%5D', 4319, '0', 'null', '2023-05-29 14:28:19', '2023-05-29 14:28:19', 'admin', 'admin');
INSERT INTO `sys_log` VALUES (1663069741149515778, '0', '登录成功', 'web', '127.0.0.1', 'Mozilla/5.0 (Windows NT 10.0; Win64; x64) AppleWebKit/537.36 (KHTML, like Gecko) Chrome/113.0.0.0 Safari/537.36', '/oauth2/token', 'POST', 'randomStr=%5B%5D&password=%5B123456%5D&code=%5B%5D&grant_type=%5Bpassword%5D&scope=%5Bserver%5D&hosId=%5B1659018792143663105%5D&username=%5Badmin%5D', 271418, '0', NULL, '2023-05-29 14:28:19', '2023-05-29 14:28:19', 'admin', 'admin');
INSERT INTO `sys_log` VALUES (1663069882849882113, '0', '登录成功', 'web', '127.0.0.1', 'Apifox/1.0.0 (https://apifox.com)', '/oauth2/token', 'POST', 'password=%5B123456%5D&grant_type=%5Bpassword%5D&scope=%5Bserver%5D&hosId=%5B1659018792143663105%5D&username=%5Badmin%5D', 130, '0', NULL, '2023-05-29 14:28:53', '2023-05-29 14:28:53', 'admin', 'admin');
INSERT INTO `sys_log` VALUES (1663070117307281409, '0', '登录成功', 'web', '127.0.0.1', 'Apifox/1.0.0 (https://apifox.com)', '/oauth2/token', 'POST', 'password=%5B123456%5D&grant_type=%5Bpassword%5D&scope=%5Bserver%5D&hosId=%5B1659018792143663105%5D&username=%5Badmin%5D', 128, '0', NULL, '2023-05-29 14:29:49', '2023-05-29 14:29:49', 'admin', 'admin');
INSERT INTO `sys_log` VALUES (1663070340758827009, '0', '登录成功', 'web', '127.0.0.1', 'Apifox/1.0.0 (https://apifox.com)', '/oauth2/token', 'POST', 'password=%5B123456%5D&grant_type=%5Bpassword%5D&scope=%5Bserver%5D&hosId=%5B1659018792143663105%5D&username=%5Badmin%5D', 145, '0', NULL, '2023-05-29 14:30:42', '2023-05-29 14:30:42', 'admin', 'admin');
INSERT INTO `sys_log` VALUES (1663079946520293378, '0', '登录成功', 'web', '127.0.0.1', 'Apifox/1.0.0 (https://apifox.com)', '/oauth2/token', 'POST', 'password=%5B123456%5D&grant_type=%5Bpassword%5D&scope=%5Bserver%5D&hosId=%5B1659018792143663105%5D&username=%5Badmin%5D', 186, '0', NULL, '2023-05-29 15:08:52', '2023-05-29 15:08:52', 'admin', 'admin');
INSERT INTO `sys_log` VALUES (1663080777898455041, '0', '登录成功', 'web', '127.0.0.1', 'Mozilla/5.0 (Windows NT 10.0; Win64; x64) AppleWebKit/537.36 (KHTML, like Gecko) Chrome/113.0.0.0 Safari/537.36', '/oauth2/token', 'POST', 'randomStr=%5B84211685341457836%5D&password=%5B123456%5D&code=%5B%5D&grant_type=%5Bpassword%5D&scope=%5Bserver%5D&hosId=%5B1659018792143663105%5D&username=%5Badmin%5D', 235, '0', NULL, '2023-05-29 15:12:11', '2023-05-29 15:12:11', 'admin', 'admin');
INSERT INTO `sys_log` VALUES (1663080898522443778, '0', '新增质控记录', 'web', '127.0.0.1', 'Mozilla/5.0 (Windows NT 10.0; Win64; x64) AppleWebKit/537.36 (KHTML, like Gecko) Chrome/113.0.0.0 Safari/537.36', '/qc/record', 'POST', '{\"id\":\"\",\"sn\":\"3981293B101\",\"deptId\":\"1659386542775017473\",\"value\":11,\"sampleType\":1,\"result\":\"1\",\"measureTime\":\"2023-05-29 15:12:29\",\"paperId\":\"1662428123929202690\",\"liquidId\":\"1662644196997824513\",\"operatorName\":\"\",\"$sampleType\":\"血糖\",\"$result\":\"通过\",\"$sn\":\"3981293B101\",\"$deptId\":\"内分泌科\"}', 174, '0', NULL, '2023-05-29 15:12:39', '2023-05-29 15:12:39', 'admin', 'admin');
INSERT INTO `sys_log` VALUES (1663080982312054785, '9', '新增质控记录', 'web', '127.0.0.1', 'Apifox/1.0.0 (https://apifox.com)', '/qc/record', 'POST', '{', 136, '0', '### Error updating database.  Cause: java.sql.SQLIntegrityConstraintViolationException: Duplicate entry \'11.00-3981293B101-2023-05-29 15:12:29\' for key \'unique_index\'\r\n### The error may exist in com/code/ape/codeape/device/mapper/QcRecordUniqueMapper.java (best guess)\r\n### The error may involve com.code.ape.codeape.device.mapper.QcRecordUniqueMapper.insert-Inline\r\n### The error occurred while setting parameters\r\n### SQL: INSERT INTO qc_record_unique  ( id, value, sn, measure_time,  create_by, create_time, update_by, update_time )  VALUES  ( ?, ?, ?, ?,  ?, ?, ?, ? )\r\n### Cause: java.sql.SQLIntegrityConstraintViolationException: Duplicate entry \'11.00-3981293B101-2023-05-29 15:12:29\' for key \'unique_index\'\n; Duplicate entry \'11.00-3981293B101-2023-05-29 15:12:29\' for key \'unique_index\'; nested exception is java.sql.SQLIntegrityConstraintViolationException: Duplicate entry \'11.00-3981293B101-2023-05-29 15:12:29\' for key \'unique_index\'', '2023-05-29 15:12:59', '2023-05-29 15:12:59', 'admin', 'admin');
INSERT INTO `sys_log` VALUES (1663081034342395906, '9', '新增质控记录', 'web', '127.0.0.1', 'Apifox/1.0.0 (https://apifox.com)', '/qc/record', 'POST', '{', 29, '0', '### Error updating database.  Cause: java.sql.SQLIntegrityConstraintViolationException: Duplicate entry \'11.00-3981293B101-2023-05-29 15:12:29\' for key \'unique_index\'\r\n### The error may exist in com/code/ape/codeape/device/mapper/QcRecordUniqueMapper.java (best guess)\r\n### The error may involve com.code.ape.codeape.device.mapper.QcRecordUniqueMapper.insert-Inline\r\n### The error occurred while setting parameters\r\n### SQL: INSERT INTO qc_record_unique  ( id, value, sn, measure_time,  create_by, create_time, update_by, update_time )  VALUES  ( ?, ?, ?, ?,  ?, ?, ?, ? )\r\n### Cause: java.sql.SQLIntegrityConstraintViolationException: Duplicate entry \'11.00-3981293B101-2023-05-29 15:12:29\' for key \'unique_index\'\n; Duplicate entry \'11.00-3981293B101-2023-05-29 15:12:29\' for key \'unique_index\'; nested exception is java.sql.SQLIntegrityConstraintViolationException: Duplicate entry \'11.00-3981293B101-2023-05-29 15:12:29\' for key \'unique_index\'', '2023-05-29 15:13:12', '2023-05-29 15:13:12', 'admin', 'admin');
INSERT INTO `sys_log` VALUES (1663081283999952897, '9', '新增质控记录', 'web', '127.0.0.1', 'Apifox/1.0.0 (https://apifox.com)', '/qc/record', 'POST', '{', 20783, '0', '### Error updating database.  Cause: java.sql.SQLIntegrityConstraintViolationException: Duplicate entry \'11.00-3981293B101-2023-05-29 15:12:29\' for key \'unique_index\'\r\n### The error may exist in com/code/ape/codeape/device/mapper/QcRecordUniqueMapper.java (best guess)\r\n### The error may involve com.code.ape.codeape.device.mapper.QcRecordUniqueMapper.insert-Inline\r\n### The error occurred while setting parameters\r\n### SQL: INSERT INTO qc_record_unique  ( id, value, sn, measure_time,  create_by, create_time, update_by, update_time )  VALUES  ( ?, ?, ?, ?,  ?, ?, ?, ? )\r\n### Cause: java.sql.SQLIntegrityConstraintViolationException: Duplicate entry \'11.00-3981293B101-2023-05-29 15:12:29\' for key \'unique_index\'\n; Duplicate entry \'11.00-3981293B101-2023-05-29 15:12:29\' for key \'unique_index\'; nested exception is java.sql.SQLIntegrityConstraintViolationException: Duplicate entry \'11.00-3981293B101-2023-05-29 15:12:29\' for key \'unique_index\'', '2023-05-29 15:14:11', '2023-05-29 15:14:11', 'admin', 'admin');
INSERT INTO `sys_log` VALUES (1663081342820872193, '0', '新增质控记录', 'web', '127.0.0.1', 'Apifox/1.0.0 (https://apifox.com)', '/qc/record', 'POST', '{', 46, '0', NULL, '2023-05-29 15:14:25', '2023-05-29 15:14:25', 'admin', 'admin');
INSERT INTO `sys_log` VALUES (1663081643305005058, '9', '新增质控记录', 'web', '127.0.0.1', 'Apifox/1.0.0 (https://apifox.com)', '/qc/record', 'POST', '{', 47, '0', '### Error updating database.  Cause: java.sql.SQLIntegrityConstraintViolationException: Duplicate entry \'11.00-3981293B101-2023-05-29 15:13:29\' for key \'unique_index\'\r\n### The error may exist in com/code/ape/codeape/device/mapper/QcRecordUniqueMapper.java (best guess)\r\n### The error may involve com.code.ape.codeape.device.mapper.QcRecordUniqueMapper.insert-Inline\r\n### The error occurred while setting parameters\r\n### SQL: INSERT INTO qc_record_unique  ( id, value, sn, measure_time,  create_by, create_time, update_by, update_time )  VALUES  ( ?, ?, ?, ?,  ?, ?, ?, ? )\r\n### Cause: java.sql.SQLIntegrityConstraintViolationException: Duplicate entry \'11.00-3981293B101-2023-05-29 15:13:29\' for key \'unique_index\'\n; Duplicate entry \'11.00-3981293B101-2023-05-29 15:13:29\' for key \'unique_index\'; nested exception is java.sql.SQLIntegrityConstraintViolationException: Duplicate entry \'11.00-3981293B101-2023-05-29 15:13:29\' for key \'unique_index\'', '2023-05-29 15:15:37', '2023-05-29 15:15:37', 'admin', 'admin');
INSERT INTO `sys_log` VALUES (1663083529013751809, '9', '新增质控记录', 'web', '127.0.0.1', 'Apifox/1.0.0 (https://apifox.com)', '/qc/record', 'POST', '{', 859, '0', '重复添加！', '2023-05-29 15:23:07', '2023-05-29 15:23:07', 'admin', 'admin');
INSERT INTO `sys_log` VALUES (1663085581500608513, '9', '新增质控记录', 'web', '127.0.0.1', 'Apifox/1.0.0 (https://apifox.com)', '/qc/record', 'POST', '{', 514, '0', '重复添加！', '2023-05-29 15:31:16', '2023-05-29 15:31:16', 'admin', 'admin');
INSERT INTO `sys_log` VALUES (1663085735087632385, '9', '批量新增质控记录', 'web', '127.0.0.1', 'Apifox/1.0.0 (https://apifox.com)', '/qc/record/batch/save', 'POST', '[', 0, '0', '该客户端不支持该接口', '2023-05-29 15:31:53', '2023-05-29 15:31:53', 'admin', 'admin');
INSERT INTO `sys_log` VALUES (1663085761394307074, '9', '批量新增质控记录', 'web', '127.0.0.1', 'Apifox/1.0.0 (https://apifox.com)', '/qc/record/batch/save', 'POST', '[', 0, '0', '该客户端不支持该接口', '2023-05-29 15:31:59', '2023-05-29 15:31:59', 'admin', 'admin');
INSERT INTO `sys_log` VALUES (1663085876020441089, '9', '批量新增质控记录', 'web', '127.0.0.1', 'Apifox/1.0.0 (https://apifox.com)', '/qc/record/batch/save', 'POST', '[', 0, '0', '该客户端不支持该接口', '2023-05-29 15:32:26', '2023-05-29 15:32:26', 'admin', 'admin');
INSERT INTO `sys_log` VALUES (1663086252501168129, '9', '登录失败', 'pda', '127.0.0.1', 'Apifox/1.0.0 (https://apifox.com)', '/oauth2/token', 'POST', 'password=%5B123456%5D&grant_type=%5Bpassword%5D&scope=%5Bserver%5D&hosId=%5B1659018792143663105%5D&username=%5Badmin%5D', 195, '0', 'UserDetailsService error , not register', '2023-05-29 15:33:56', '2023-05-29 15:33:56', 'admin', 'admin');
INSERT INTO `sys_log` VALUES (1663086325427531778, '9', '登录失败', 'pda', '127.0.0.1', 'Apifox/1.0.0 (https://apifox.com)', '/oauth2/token', 'POST', 'password=%5B123456%5D&grant_type=%5Bpassword%5D&scope=%5Bserver%5D&sn=%5B3981293B101%5D&username=%5Badmin%5D', 12, '0', 'UserDetailsService error , not register', '2023-05-29 15:34:13', '2023-05-29 15:34:13', 'admin', 'admin');
INSERT INTO `sys_log` VALUES (1663086392377012225, '9', '登录失败', 'pda', '127.0.0.1', 'Apifox/1.0.0 (https://apifox.com)', '/oauth2/token', 'POST', 'password=%5B123456%5D&grant_type=%5Bpassword%5D&scope=%5Bserver%5D&sn=%5B3981293B101%5D&username=%5Badmin%5D', 12, '0', 'UserDetailsService error , not register', '2023-05-29 15:34:29', '2023-05-29 15:34:29', 'admin', 'admin');
INSERT INTO `sys_log` VALUES (1663086576351768577, '9', '登录失败', 'pda', '127.0.0.1', 'Apifox/1.0.0 (https://apifox.com)', '/oauth2/token', 'POST', 'password=%5B123456%5D&grant_type=%5Bpassword%5D&scope=%5Bserver%5D&sn=%5B3981293B101%5D&username=%5Badmin%5D', 33403, '0', 'UserDetailsService error , not register', '2023-05-29 15:35:13', '2023-05-29 15:35:13', 'admin', 'admin');
INSERT INTO `sys_log` VALUES (1663086605158248449, '9', '登录失败', 'pda', '127.0.0.1', 'Apifox/1.0.0 (https://apifox.com)', '/oauth2/token', 'POST', 'password=%5B123456%5D&grant_type=%5Bpassword%5D&scope=%5Bserver%5D&sn=%5B3981293B101%5D&username=%5Badmin%5D', 2272, '0', 'UserDetailsService error , not register', '2023-05-29 15:35:20', '2023-05-29 15:35:20', 'admin', 'admin');
INSERT INTO `sys_log` VALUES (1663086684338319361, '9', '登录失败', 'pda', '127.0.0.1', 'Apifox/1.0.0 (https://apifox.com)', '/oauth2/token', 'POST', 'password=%5B123456%5D&grant_type=%5Bpassword%5D&scope=%5Bserver%5D&sn=%5B3981293B101%5D&username=%5Badmin%5D', 8279, '0', 'UserDetailsService error , not register', '2023-05-29 15:35:39', '2023-05-29 15:35:39', 'admin', 'admin');
INSERT INTO `sys_log` VALUES (1663087543180816386, '0', '登录成功', 'pda', '127.0.0.1', 'Apifox/1.0.0 (https://apifox.com)', '/oauth2/token', 'POST', 'password=%5B123456%5D&grant_type=%5Bpassword%5D&scope=%5Bserver%5D&sn=%5B3981293B101%5D&username=%5Badmin%5D', 13767, '0', NULL, '2023-05-29 15:39:04', '2023-05-29 15:39:04', 'admin', 'admin');
INSERT INTO `sys_log` VALUES (1663087681089531905, '9', '批量新增质控记录', 'pda', '127.0.0.1', 'Apifox/1.0.0 (https://apifox.com)', '/qc/record/batch/save', 'POST', '[', 33, '0', '该客户端不支持该接口', '2023-05-29 15:39:37', '2023-05-29 15:39:37', 'admin', 'admin');
INSERT INTO `sys_log` VALUES (1663087862551900161, '9', '批量新增质控记录', 'pda', '127.0.0.1', 'Apifox/1.0.0 (https://apifox.com)', '/qc/record/batch/save', 'POST', '[', 0, '0', '该客户端不支持该接口', '2023-05-29 15:40:20', '2023-05-29 15:40:20', 'admin', 'admin');
INSERT INTO `sys_log` VALUES (1663087908018155522, '9', '批量新增质控记录', 'pda', '127.0.0.1', 'Apifox/1.0.0 (https://apifox.com)', '/qc/record/batch/save', 'POST', '[', 0, '0', '该客户端不支持该接口', '2023-05-29 15:40:31', '2023-05-29 15:40:31', 'admin', 'admin');
INSERT INTO `sys_log` VALUES (1663088001291087874, '9', '批量新增质控记录', 'pda', '127.0.0.1', 'Apifox/1.0.0 (https://apifox.com)', '/qc/record/batch/save', 'POST', '[', 0, '0', '该客户端不支持该接口', '2023-05-29 15:40:53', '2023-05-29 15:40:53', 'admin', 'admin');
INSERT INTO `sys_log` VALUES (1663088204572225537, '9', '批量新增质控记录', 'pda', '127.0.0.1', 'Apifox/1.0.0 (https://apifox.com)', '/qc/record/batch/save', 'POST', '[', 0, '0', '该客户端不支持该接口', '2023-05-29 15:41:41', '2023-05-29 15:41:41', 'admin', 'admin');
INSERT INTO `sys_log` VALUES (1663088466590396418, '9', '批量新增质控记录', 'pda', '127.0.0.1', 'Apifox/1.0.0 (https://apifox.com)', '/qc/record/batch/save', 'POST', '[', 24572, '0', '该客户端不支持该接口', '2023-05-29 15:42:44', '2023-05-29 15:42:44', 'admin', 'admin');
INSERT INTO `sys_log` VALUES (1663089002731499521, '0', '登录成功', 'pda', '127.0.0.1', 'Apifox/1.0.0 (https://apifox.com)', '/oauth2/token', 'POST', 'password=%5B123456%5D&grant_type=%5Bpassword%5D&scope=%5Bserver%5D&sn=%5B3981293B101%5D&username=%5Badmin%5D', 25693, '0', NULL, '2023-05-29 15:44:52', '2023-05-29 15:44:52', 'admin', 'admin');
INSERT INTO `sys_log` VALUES (1663089115117875201, '9', '登录失败', 'web', '127.0.0.1', 'Mozilla/5.0 (Windows NT 10.0; Win64; x64) AppleWebKit/537.36 (KHTML, like Gecko) Chrome/113.0.0.0 Safari/537.36', '/token/check_token', 'GET', 'token=%5B3dca5b51-c906-4d0e-a74b-050aee690570%5D', 12, '0', 'invalid_bearer_token', '2023-05-29 15:45:18', '2023-05-29 15:45:18', 'anonymousUser', 'anonymousUser');
INSERT INTO `sys_log` VALUES (1663089366851612674, '9', '登录失败', 'web', '127.0.0.1', 'Mozilla/5.0 (Windows NT 10.0; Win64; x64) AppleWebKit/537.36 (KHTML, like Gecko) Chrome/113.0.0.0 Safari/537.36', '/token/check_token', 'GET', 'token=%5B3dca5b51-c906-4d0e-a74b-050aee690570%5D', 11, '0', 'invalid_bearer_token', '2023-05-29 15:46:18', '2023-05-29 15:46:18', 'anonymousUser', 'anonymousUser');
INSERT INTO `sys_log` VALUES (1663089395473543169, '9', '登录失败', 'web', '127.0.0.1', 'Mozilla/5.0 (Windows NT 10.0; Win64; x64) AppleWebKit/537.36 (KHTML, like Gecko) Chrome/113.0.0.0 Safari/537.36', '/token/check_token', 'GET', 'token=%5B3dca5b51-c906-4d0e-a74b-050aee690570%5D', 17, '0', 'invalid_bearer_token', '2023-05-29 15:46:25', '2023-05-29 15:46:25', 'anonymousUser', 'anonymousUser');
INSERT INTO `sys_log` VALUES (1663089464432095234, '0', '登录成功', 'web', '127.0.0.1', 'Mozilla/5.0 (Windows NT 10.0; Win64; x64) AppleWebKit/537.36 (KHTML, like Gecko) Chrome/113.0.0.0 Safari/537.36', '/oauth2/token', 'POST', 'randomStr=%5B%5D&password=%5B123456%5D&code=%5B%5D&grant_type=%5Bpassword%5D&scope=%5Bserver%5D&hosId=%5B1659018792143663105%5D&username=%5Badmin%5D', 6723, '0', NULL, '2023-05-29 15:46:42', '2023-05-29 15:46:42', 'admin', 'admin');
INSERT INTO `sys_log` VALUES (1663089860735102978, '0', '退出成功', 'web', '127.0.0.1', 'Mozilla/5.0 (Windows NT 10.0; Win64; x64) AppleWebKit/537.36 (KHTML, like Gecko) Chrome/113.0.0.0 Safari/537.36', '/token/logout', 'DELETE', 'Bearer aa488cec-2b4b-4140-9de6-08f9afbbe874', 0, '0', NULL, '2023-05-29 15:48:16', '2023-05-29 15:48:16', 'admin', 'admin');
INSERT INTO `sys_log` VALUES (1663090085784678401, '0', '登录成功', 'web', '127.0.0.1', 'Mozilla/5.0 (Windows NT 10.0; Win64; x64) AppleWebKit/537.36 (KHTML, like Gecko) Chrome/113.0.0.0 Safari/537.36', '/oauth2/token', 'POST', 'randomStr=%5B%5D&password=%5B123456%5D&code=%5B%5D&grant_type=%5Bpassword%5D&scope=%5Bserver%5D&hosId=%5B1659018792143663105%5D&username=%5Badmin%5D', 31528, '0', NULL, '2023-05-29 15:49:10', '2023-05-29 15:49:10', 'admin', 'admin');
INSERT INTO `sys_log` VALUES (1663090399631863809, '9', '登录失败', 'web', '127.0.0.1', 'Mozilla/5.0 (Windows NT 10.0; Win64; x64) AppleWebKit/537.36 (KHTML, like Gecko) Chrome/113.0.0.0 Safari/537.36', '/oauth2/token', 'POST', 'randomStr=%5B68771685346548292%5D&password=%5B123456%5D&code=%5B%5D&grant_type=%5Bpassword%5D&scope=%5Bserver%5D&hosId=%5B1659018792143663105%5D&username=%5Badmin%5D', 31, '0', NULL, '2023-05-29 15:50:25', '2023-05-29 15:50:25', 'admin', 'admin');
INSERT INTO `sys_log` VALUES (1663090452467511297, '0', '登录成功', 'web', '127.0.0.1', 'Mozilla/5.0 (Windows NT 10.0; Win64; x64) AppleWebKit/537.36 (KHTML, like Gecko) Chrome/113.0.0.0 Safari/537.36', '/oauth2/token', 'POST', 'randomStr=%5B%5D&password=%5B123456%5D&code=%5B%5D&grant_type=%5Bpassword%5D&scope=%5Bserver%5D&hosId=%5B1659018792143663105%5D&username=%5Badmin%5D', 191, '0', NULL, '2023-05-29 15:50:37', '2023-05-29 15:50:37', 'admin', 'admin');
INSERT INTO `sys_log` VALUES (1663090524987027458, '0', '登录成功', 'pda', '127.0.0.1', 'Apifox/1.0.0 (https://apifox.com)', '/oauth2/token', 'POST', 'password=%5B123456%5D&grant_type=%5Bpassword%5D&scope=%5Bserver%5D&sn=%5B3981293B101%5D&username=%5Badmin%5D', 217, '0', NULL, '2023-05-29 15:50:55', '2023-05-29 15:50:55', 'admin', 'admin');
INSERT INTO `sys_log` VALUES (1663090764301430786, '9', '新增质控记录', 'pda', '127.0.0.1', 'Apifox/1.0.0 (https://apifox.com)', '/qc/record', 'POST', '{', 6988, '0', '重复添加！', '2023-05-29 15:51:52', '2023-05-29 15:51:52', 'admin', 'admin');
INSERT INTO `sys_log` VALUES (1663090843070459906, '9', '批量新增质控记录', 'pda', '127.0.0.1', 'Apifox/1.0.0 (https://apifox.com)', '/qc/record/batch/save', 'POST', '[', 0, '0', '该客户端不支持该接口', '2023-05-29 15:52:10', '2023-05-29 15:52:10', 'admin', 'admin');
INSERT INTO `sys_log` VALUES (1663090922359582721, '9', '批量新增质控记录', 'pda', '127.0.0.1', 'Apifox/1.0.0 (https://apifox.com)', '/qc/record/batch/save', 'POST', '[', 5353, '0', '该客户端不支持该接口', '2023-05-29 15:52:29', '2023-05-29 15:52:29', 'admin', 'admin');
INSERT INTO `sys_log` VALUES (1663091296168538114, '9', '批量新增质控记录', 'pda', '127.0.0.1', 'Apifox/1.0.0 (https://apifox.com)', '/qc/record/batch/save', 'POST', '[', 3818, '0', '该客户端不支持该接口', '2023-05-29 15:53:58', '2023-05-29 15:53:58', 'admin', 'admin');
INSERT INTO `sys_log` VALUES (1663091643725344770, '9', '批量新增质控记录', 'pda', '127.0.0.1', 'Apifox/1.0.0 (https://apifox.com)', '/qc/record/batch/save', 'POST', '[', 0, '0', '该客户端不支持该接口', '2023-05-29 15:55:21', '2023-05-29 15:55:21', 'admin', 'admin');
INSERT INTO `sys_log` VALUES (1663094693638643714, '0', '批量新增质控记录', 'pda', '127.0.0.1', 'Apifox/1.0.0 (https://apifox.com)', '/qc/record/batch/save', 'POST', '[', 20628, '0', NULL, '2023-05-29 16:07:28', '2023-05-29 16:07:28', 'admin', 'admin');
INSERT INTO `sys_log` VALUES (1663095855133696001, '0', '批量新增质控记录', 'pda', '127.0.0.1', 'Apifox/1.0.0 (https://apifox.com)', '/qc/record/batch/save', 'POST', '[', 464, '0', NULL, '2023-05-29 16:12:05', '2023-05-29 16:12:05', 'admin', 'admin');
INSERT INTO `sys_log` VALUES (1663367574314512386, '0', '登录成功', 'web', '127.0.0.1', 'Mozilla/5.0 (Windows NT 10.0; Win64; x64) AppleWebKit/537.36 (KHTML, like Gecko) Chrome/113.0.0.0 Safari/537.36', '/oauth2/token', 'POST', 'randomStr=%5B%5D&password=%5B123456%5D&code=%5B%5D&grant_type=%5Bpassword%5D&scope=%5Bserver%5D&hosId=%5B1659018792143663105%5D&username=%5Badmin%5D', 3277, '0', NULL, '2023-05-30 10:11:48', '2023-05-30 10:11:48', 'admin', 'admin');
INSERT INTO `sys_log` VALUES (1663369025182986241, '0', '清除菜单缓存', 'web', '127.0.0.1', 'Mozilla/5.0 (Windows NT 10.0; Win64; x64) AppleWebKit/537.36 (KHTML, like Gecko) Chrome/113.0.0.0 Safari/537.36', '/menu/cache', 'DELETE', '', 17, '0', NULL, '2023-05-30 10:17:34', '2023-05-30 10:17:34', 'admin', 'admin');
INSERT INTO `sys_log` VALUES (1663369284399362049, '0', '清除菜单缓存', 'web', '127.0.0.1', 'Mozilla/5.0 (Windows NT 10.0; Win64; x64) AppleWebKit/537.36 (KHTML, like Gecko) Chrome/113.0.0.0 Safari/537.36', '/menu/cache', 'DELETE', '', 6, '0', NULL, '2023-05-30 10:18:36', '2023-05-30 10:18:36', 'admin', 'admin');
INSERT INTO `sys_log` VALUES (1663369542252589057, '0', '更新菜单', 'web', '127.0.0.1', 'Mozilla/5.0 (Windows NT 10.0; Win64; x64) AppleWebKit/537.36 (KHTML, like Gecko) Chrome/113.0.0.0 Safari/537.36', '/menu', 'PUT', '{\"createBy\":null,\"createTime\":\"2018-01-20 13:17:19\",\"updateBy\":null,\"updateTime\":\"2018-07-29 13:38:19\",\"menuId\":\"1685350289870\",\"name\":\"质控统计管理\",\"permission\":\"\",\"parentId\":\"1685002829989\",\"icon\":\"icon-biaoge1\",\"path\":\"/device/count/index\",\"sortOrder\":8,\"type\":\"0\",\"keepAlive\":\"0\",\"delFlag\":\"0\"}', 23, '0', NULL, '2023-05-30 10:19:37', '2023-05-30 10:19:37', 'admin', 'admin');
INSERT INTO `sys_log` VALUES (1663369605527859201, '0', '更新菜单', 'web', '127.0.0.1', 'Mozilla/5.0 (Windows NT 10.0; Win64; x64) AppleWebKit/537.36 (KHTML, like Gecko) Chrome/113.0.0.0 Safari/537.36', '/menu', 'PUT', '{\"createBy\":null,\"createTime\":\"2018-01-20 13:17:19\",\"updateBy\":\"admin\",\"updateTime\":\"2023-05-30 10:19:37\",\"menuId\":\"1685350289870\",\"name\":\"质控统计管理\",\"permission\":\"\",\"parentId\":\"1685002829989\",\"icon\":\"icon-biaoge1\",\"path\":\"/device/count/index\",\"sortOrder\":20,\"type\":\"0\",\"keepAlive\":\"0\",\"delFlag\":\"0\"}', 12, '0', NULL, '2023-05-30 10:19:53', '2023-05-30 10:19:53', 'admin', 'admin');
INSERT INTO `sys_log` VALUES (1663369643368869889, '0', '更新菜单', 'web', '127.0.0.1', 'Mozilla/5.0 (Windows NT 10.0; Win64; x64) AppleWebKit/537.36 (KHTML, like Gecko) Chrome/113.0.0.0 Safari/537.36', '/menu', 'PUT', '{\"createBy\":null,\"createTime\":\"2018-05-15 21:35:18\",\"updateBy\":null,\"updateTime\":\"2018-07-29 13:38:59\",\"menuId\":\"1685350289871\",\"name\":\"质控统计查看\",\"permission\":\"device_qccount_get\",\"parentId\":\"1685350289870\",\"icon\":\"1\",\"path\":null,\"sortOrder\":21,\"type\":\"1\",\"keepAlive\":\"0\",\"delFlag\":\"0\"}', 12, '0', NULL, '2023-05-30 10:20:02', '2023-05-30 10:20:02', 'admin', 'admin');
INSERT INTO `sys_log` VALUES (1663369676721975298, '0', '更新菜单', 'web', '127.0.0.1', 'Mozilla/5.0 (Windows NT 10.0; Win64; x64) AppleWebKit/537.36 (KHTML, like Gecko) Chrome/113.0.0.0 Safari/537.36', '/menu', 'PUT', '{\"createBy\":null,\"createTime\":\"2018-05-15 21:35:18\",\"updateBy\":null,\"updateTime\":\"2018-07-29 13:38:59\",\"menuId\":\"1685350289872\",\"name\":\"质控统计新增\",\"permission\":\"device_qccount_add\",\"parentId\":\"1685350289870\",\"icon\":\"1\",\"path\":null,\"sortOrder\":22,\"type\":\"1\",\"keepAlive\":\"0\",\"delFlag\":\"0\"}', 10, '0', NULL, '2023-05-30 10:20:10', '2023-05-30 10:20:10', 'admin', 'admin');
INSERT INTO `sys_log` VALUES (1663369694832979969, '0', '更新菜单', 'web', '127.0.0.1', 'Mozilla/5.0 (Windows NT 10.0; Win64; x64) AppleWebKit/537.36 (KHTML, like Gecko) Chrome/113.0.0.0 Safari/537.36', '/menu', 'PUT', '{\"createBy\":null,\"createTime\":\"2018-05-15 21:35:18\",\"updateBy\":null,\"updateTime\":\"2018-07-29 13:38:59\",\"menuId\":\"1685350289873\",\"name\":\"质控统计修改\",\"permission\":\"device_qccount_edit\",\"parentId\":\"1685350289870\",\"icon\":\"1\",\"path\":null,\"sortOrder\":23,\"type\":\"1\",\"keepAlive\":\"0\",\"delFlag\":\"0\"}', 13, '0', NULL, '2023-05-30 10:20:14', '2023-05-30 10:20:14', 'admin', 'admin');
INSERT INTO `sys_log` VALUES (1663369713451495426, '0', '更新菜单', 'web', '127.0.0.1', 'Mozilla/5.0 (Windows NT 10.0; Win64; x64) AppleWebKit/537.36 (KHTML, like Gecko) Chrome/113.0.0.0 Safari/537.36', '/menu', 'PUT', '{\"createBy\":null,\"createTime\":\"2018-05-15 21:35:18\",\"updateBy\":null,\"updateTime\":\"2018-07-29 13:38:59\",\"menuId\":\"1685350289874\",\"name\":\"质控统计删除\",\"permission\":\"device_qccount_del\",\"parentId\":\"1685350289870\",\"icon\":\"1\",\"path\":null,\"sortOrder\":24,\"type\":\"1\",\"keepAlive\":\"0\",\"delFlag\":\"0\"}', 12, '0', NULL, '2023-05-30 10:20:18', '2023-05-30 10:20:18', 'admin', 'admin');
INSERT INTO `sys_log` VALUES (1663369745940574209, '0', '更新角色菜单', 'web', '127.0.0.1', 'Mozilla/5.0 (Windows NT 10.0; Win64; x64) AppleWebKit/537.36 (KHTML, like Gecko) Chrome/113.0.0.0 Safari/537.36', '/role/menu', 'PUT', '{\"roleId\":\"1660134954269057025\",\"menuIds\":\"1000,1100,1101,1102,1103,1104,1200,1201,1202,1203,1300,1301,1302,1303,1304,1305,1400,1401,1402,1403,1500,1501,1502,1503,1504,1505,1684725265770,1684725265771,1684725265772,1684725265773,1684725265774,2000,2400,2401,2402,2403,2600,2601,2602,2603,2200,2201,2202,2203,2100,2101,2102,2300,2301,2700,2701,2702,2703,3000,3200,3300,3301,3302,3303,3400,3100,4000,1684374329728,1684374329729,1684374329730,1684374329731,1684374329732,1685002829989,1661700003911647234,1685002829991,1685002829990,1685002829992,1685002829993,1685178890515,1685178890516,1685178890517,1685178890518,1685178890519,1685191950869,1685191950870,1685191950871,1685191950872,1685191950873,1685247343294,1685247343295,1685247343296,1685247343297,1685247343298,1685350289870,1685350289871,1685350289872,1685350289873,1685350289874,9999,\"}', 133, '0', NULL, '2023-05-30 10:20:26', '2023-05-30 10:20:26', 'admin', 'admin');
INSERT INTO `sys_log` VALUES (1663369843466530818, '0', '退出成功', 'web', '127.0.0.1', 'Mozilla/5.0 (Windows NT 10.0; Win64; x64) AppleWebKit/537.36 (KHTML, like Gecko) Chrome/113.0.0.0 Safari/537.36', '/token/logout', 'DELETE', 'Bearer ac075142-2a4c-4b33-b15b-b750d20fa79a', 0, '0', NULL, '2023-05-30 10:20:49', '2023-05-30 10:20:49', 'admin', 'admin');
INSERT INTO `sys_log` VALUES (1663369860860309506, '0', '登录成功', 'web', '127.0.0.1', 'Mozilla/5.0 (Windows NT 10.0; Win64; x64) AppleWebKit/537.36 (KHTML, like Gecko) Chrome/113.0.0.0 Safari/537.36', '/oauth2/token', 'POST', 'randomStr=%5B%5D&password=%5B123456%5D&code=%5B%5D&grant_type=%5Bpassword%5D&scope=%5Bserver%5D&hosId=%5B1659018792143663105%5D&username=%5Badmin%5D', 127, '0', NULL, '2023-05-30 10:20:53', '2023-05-30 10:20:53', 'admin', 'admin');
INSERT INTO `sys_log` VALUES (1663379566999859201, '0', '新增试纸', 'web', '127.0.0.1', 'Mozilla/5.0 (Windows NT 10.0; Win64; x64) AppleWebKit/537.36 (KHTML, like Gecko) Chrome/113.0.0.0 Safari/537.36', '/paper', 'POST', '{\"id\":\"\",\"hosId\":\"\",\"batchNum\":\"C2012003\",\"specs\":3,\"paperNum\":12,\"deptId\":\"1659386542775017473\",\"productionDate\":\"2023-05-08\",\"expiryDate\":\"2024-05-23\",\"sampleType\":2,\"lowMaxLimit\":1,\"lowMinLimit\":2,\"mediumMaxLimit\":3,\"mediumMinLimit\":4,\"highMaxLimit\":5,\"highMinLimit\":8,\"enterName\":\"\",\"delFlag\":\"\",\"createTime\":\"\",\"updateTime\":\"\",\"createBy\":\"\",\"updateBy\":\"\"}', 310, '0', NULL, '2023-05-30 10:59:28', '2023-05-30 10:59:28', 'admin', 'admin');
INSERT INTO `sys_log` VALUES (1663380655782457346, '0', '通过id删除试纸', 'web', '127.0.0.1', 'Mozilla/5.0 (Windows NT 10.0; Win64; x64) AppleWebKit/537.36 (KHTML, like Gecko) Chrome/113.0.0.0 Safari/537.36', '/paper/1663379563531141122', 'DELETE', '', 227, '0', NULL, '2023-05-30 11:03:47', '2023-05-30 11:03:47', 'admin', 'admin');
INSERT INTO `sys_log` VALUES (1663380670378635266, '0', '通过id删除试纸', 'web', '127.0.0.1', 'Mozilla/5.0 (Windows NT 10.0; Win64; x64) AppleWebKit/537.36 (KHTML, like Gecko) Chrome/113.0.0.0 Safari/537.36', '/paper/1663374198118785025', 'DELETE', '', 12, '0', NULL, '2023-05-30 11:03:51', '2023-05-30 11:03:51', 'admin', 'admin');
INSERT INTO `sys_log` VALUES (1663380822900305922, '0', '新增试纸', 'web', '127.0.0.1', 'Mozilla/5.0 (Windows NT 10.0; Win64; x64) AppleWebKit/537.36 (KHTML, like Gecko) Chrome/113.0.0.0 Safari/537.36', '/paper', 'POST', '{\"id\":\"\",\"hosId\":\"\",\"batchNum\":\"C2012004\",\"specs\":3,\"paperNum\":11,\"deptId\":\"1659386542775017473\",\"productionDate\":\"2023-05-15\",\"expiryDate\":\"2023-05-26\",\"sampleType\":3,\"lowMaxLimit\":1,\"lowMinLimit\":3,\"mediumMaxLimit\":6,\"mediumMinLimit\":10,\"highMaxLimit\":11,\"highMinLimit\":17,\"enterName\":\"\",\"delFlag\":\"\",\"createTime\":\"\",\"updateTime\":\"\",\"createBy\":\"\",\"updateBy\":\"\"}', 130, '0', NULL, '2023-05-30 11:04:27', '2023-05-30 11:04:27', 'admin', 'admin');
INSERT INTO `sys_log` VALUES (1663381380411387906, '0', '新增试纸', 'web', '127.0.0.1', 'Mozilla/5.0 (Windows NT 10.0; Win64; x64) AppleWebKit/537.36 (KHTML, like Gecko) Chrome/113.0.0.0 Safari/537.36', '/paper', 'POST', '{\"id\":\"\",\"hosId\":\"\",\"batchNum\":\"C2012004\",\"specs\":3,\"paperNum\":1,\"deptId\":\"1659386264763965441\",\"productionDate\":\"2023-05-29\",\"expiryDate\":\"2026-05-14\",\"sampleType\":2,\"lowMaxLimit\":1,\"lowMinLimit\":2,\"mediumMaxLimit\":3,\"mediumMinLimit\":4,\"highMaxLimit\":6,\"highMinLimit\":8,\"enterName\":\"\",\"delFlag\":\"\",\"createTime\":\"\",\"updateTime\":\"\",\"createBy\":\"\",\"updateBy\":\"\"}', 26, '0', NULL, '2023-05-30 11:06:40', '2023-05-30 11:06:40', 'admin', 'admin');
INSERT INTO `sys_log` VALUES (1663381684112551937, '0', '新增试纸', 'web', '127.0.0.1', 'Mozilla/5.0 (Windows NT 10.0; Win64; x64) AppleWebKit/537.36 (KHTML, like Gecko) Chrome/113.0.0.0 Safari/537.36', '/paper', 'POST', '{\"id\":\"\",\"hosId\":\"\",\"batchNum\":\"C2012004\",\"specs\":3,\"paperNum\":11,\"deptId\":\"1659789383939276802\",\"productionDate\":\"2023-05-22\",\"expiryDate\":\"2023-08-17\",\"sampleType\":2,\"lowMaxLimit\":1,\"lowMinLimit\":2,\"mediumMaxLimit\":3,\"mediumMinLimit\":4,\"highMaxLimit\":6,\"highMinLimit\":7,\"enterName\":\"\",\"delFlag\":\"\",\"createTime\":\"\",\"updateTime\":\"\",\"createBy\":\"\",\"updateBy\":\"\"}', 13471, '0', NULL, '2023-05-30 11:07:52', '2023-05-30 11:07:52', 'admin', 'admin');
INSERT INTO `sys_log` VALUES (1663388740735430657, '0', '新增质控液', 'web', '127.0.0.1', 'Mozilla/5.0 (Windows NT 10.0; Win64; x64) AppleWebKit/537.36 (KHTML, like Gecko) Chrome/113.0.0.0 Safari/537.36', '/liquid', 'POST', '{\"id\":\"\",\"batchNum\":\"024C-12\",\"deptId\":\"1659386542775017473\",\"sampleType\":2,\"liquidNum\":11,\"specs\":2,\"type\":1,\"productionDate\":\"2023-04-03\",\"expiryDate\":\"2023-08-11\",\"enterName\":\"\"}', 264, '0', NULL, '2023-05-30 11:35:55', '2023-05-30 11:35:55', 'admin', 'admin');
INSERT INTO `sys_log` VALUES (1663388848092835841, '0', '新增质控液', 'web', '127.0.0.1', 'Mozilla/5.0 (Windows NT 10.0; Win64; x64) AppleWebKit/537.36 (KHTML, like Gecko) Chrome/113.0.0.0 Safari/537.36', '/liquid', 'POST', '{\"id\":\"\",\"batchNum\":\"024C-12\",\"deptId\":\"1659386542775017473\",\"sampleType\":2,\"liquidNum\":11,\"specs\":2,\"type\":2,\"productionDate\":\"2023-05-01\",\"expiryDate\":\"2024-05-09\",\"enterName\":\"\"}', 17, '0', NULL, '2023-05-30 11:36:20', '2023-05-30 11:36:20', 'admin', 'admin');
INSERT INTO `sys_log` VALUES (1663400868401868802, '0', '新增质控记录', 'web', '127.0.0.1', 'Mozilla/5.0 (Windows NT 10.0; Win64; x64) AppleWebKit/537.36 (KHTML, like Gecko) Chrome/113.0.0.0 Safari/537.36', '/qc/record', 'POST', '{\"id\":\"\",\"sn\":\"3981293B102\",\"deptId\":\"1659386542775017473\",\"value\":1,\"sampleType\":\"1\",\"result\":\"1\",\"measureTime\":\"2023-05-30 12:24:03\",\"paperId\":\"1662428123929202690\",\"liquidId\":\"1662644196997824513\",\"operatorName\":\"\",\"$sampleType\":\"血糖\",\"$result\":\"通过\",\"$sn\":\"3981293B102\",\"$deptId\":\"内分泌科\"}', 120, '0', NULL, '2023-05-30 12:24:06', '2023-05-30 12:24:06', 'admin', 'admin');
INSERT INTO `sys_log` VALUES (1663414141893439490, '0', '新增质控记录', 'web', '127.0.0.1', 'Mozilla/5.0 (Windows NT 10.0; Win64; x64) AppleWebKit/537.36 (KHTML, like Gecko) Chrome/113.0.0.0 Safari/537.36', '/qc/record', 'POST', '{\"id\":\"\",\"sn\":\"3981293B102\",\"deptId\":\"1659386542775017473\",\"value\":4,\"sampleType\":\"2\",\"result\":\"1\",\"measureTime\":\"2023-05-30 13:16:35\",\"paperId\":\"1663373560244846593\",\"liquidId\":\"1663388847895695361\",\"operatorName\":\"\",\"$sampleType\":\"血酮\",\"$result\":\"通过\",\"$sn\":\"3981293B102\",\"$deptId\":\"内分泌科\"}', 4200, '0', NULL, '2023-05-30 13:16:51', '2023-05-30 13:16:51', 'admin', 'admin');
INSERT INTO `sys_log` VALUES (1663415740514660354, '0', '新增质控记录', 'web', '127.0.0.1', 'Mozilla/5.0 (Windows NT 10.0; Win64; x64) AppleWebKit/537.36 (KHTML, like Gecko) Chrome/113.0.0.0 Safari/537.36', '/qc/record', 'POST', '{\"id\":\"\",\"sn\":\"3981293B101\",\"deptId\":\"1659386542775017473\",\"value\":1,\"sampleType\":\"2\",\"result\":\"1\",\"measureTime\":\"2023-05-30 13:23:00\",\"paperId\":\"1663373560244846593\",\"liquidId\":\"1663388737161875458\",\"operatorName\":\"\",\"$sampleType\":\"血酮\",\"$result\":\"通过\",\"$sn\":\"3981293B101\",\"$deptId\":\"内分泌科\"}', 3795, '0', NULL, '2023-05-30 13:23:12', '2023-05-30 13:23:12', 'admin', 'admin');
INSERT INTO `sys_log` VALUES (1663424146789064705, '0', '登录成功', 'web', '127.0.0.1', 'Mozilla/5.0 (Windows NT 10.0; Win64; x64) AppleWebKit/537.36 (KHTML, like Gecko) Chrome/113.0.0.0 Safari/537.36', '/oauth2/token', 'POST', 'randomStr=%5B%5D&password=%5B123456%5D&code=%5B%5D&grant_type=%5Bpassword%5D&scope=%5Bserver%5D&hosId=%5B1659018792143663105%5D&username=%5Badmin%5D', 668, '0', NULL, '2023-05-30 13:56:36', '2023-05-30 13:56:36', 'admin', 'admin');
INSERT INTO `sys_log` VALUES (1663424348883214338, '0', '新增质控记录', 'web', '127.0.0.1', 'Mozilla/5.0 (Windows NT 10.0; Win64; x64) AppleWebKit/537.36 (KHTML, like Gecko) Chrome/113.0.0.0 Safari/537.36', '/qc/record', 'POST', '{\"id\":\"\",\"sn\":\"3981293B102\",\"deptId\":\"1659386542775017473\",\"value\":11,\"sampleType\":\"1\",\"result\":\"1\",\"measureTime\":\"2023-05-30 13:56:54\",\"paperId\":\"1662428123929202690\",\"liquidId\":\"1662644196997824513\",\"operatorName\":\"\",\"$sampleType\":\"血糖\",\"$result\":\"通过\",\"$sn\":\"3981293B102\",\"$deptId\":\"内分泌科\"}', 3274, '0', NULL, '2023-05-30 13:57:24', '2023-05-30 13:57:24', 'admin', 'admin');
INSERT INTO `sys_log` VALUES (1663431676139364354, '0', '新增质控记录', 'web', '127.0.0.1', 'Mozilla/5.0 (Windows NT 10.0; Win64; x64) AppleWebKit/537.36 (KHTML, like Gecko) Chrome/113.0.0.0 Safari/537.36', '/qc/record', 'POST', '{\"id\":\"\",\"sn\":\"3981293B102\",\"deptId\":\"1659386542775017473\",\"value\":11,\"sampleType\":\"1\",\"result\":\"1\",\"measureTime\":\"2023-05-30 14:26:18\",\"paperId\":\"1662428123929202690\",\"liquidId\":\"1662644196997824513\",\"operatorName\":\"\",\"$sampleType\":\"血糖\",\"$result\":\"通过\",\"$sn\":\"3981293B102\",\"$deptId\":\"内分泌科\"}', 3708, '0', NULL, '2023-05-30 14:26:31', '2023-05-30 14:26:31', 'admin', 'admin');
INSERT INTO `sys_log` VALUES (1663432705417371649, '0', '新增质控记录', 'web', '127.0.0.1', 'Mozilla/5.0 (Windows NT 10.0; Win64; x64) AppleWebKit/537.36 (KHTML, like Gecko) Chrome/113.0.0.0 Safari/537.36', '/qc/record', 'POST', '{\"id\":\"\",\"sn\":\"3981293B101\",\"deptId\":\"1659386542775017473\",\"value\":11,\"sampleType\":\"1\",\"result\":\"1\",\"measureTime\":\"2023-05-30 14:27:28\",\"paperId\":\"1662428123929202690\",\"liquidId\":\"1662644196997824513\",\"operatorName\":\"\",\"$sampleType\":\"血糖\",\"$result\":\"通过\",\"$sn\":\"3981293B101\",\"$deptId\":\"内分泌科\"}', 45, '0', NULL, '2023-05-30 14:30:37', '2023-05-30 14:30:37', 'admin', 'admin');
INSERT INTO `sys_log` VALUES (1663432723775840257, '9', '新增质控记录', 'web', '127.0.0.1', 'Mozilla/5.0 (Windows NT 10.0; Win64; x64) AppleWebKit/537.36 (KHTML, like Gecko) Chrome/113.0.0.0 Safari/537.36', '/qc/record', 'POST', '{\"id\":\"\",\"sn\":\"3981293B101\",\"deptId\":\"1659386542775017473\",\"value\":11,\"sampleType\":\"1\",\"result\":\"1\",\"measureTime\":\"2023-05-30 14:27:28\",\"paperId\":\"1662428123929202690\",\"liquidId\":\"1662644196997824513\",\"operatorName\":\"\",\"$sampleType\":\"血糖\",\"$result\":\"通过\",\"$sn\":\"3981293B101\",\"$deptId\":\"内分泌科\"}', 110, '0', '重复添加！', '2023-05-30 14:30:41', '2023-05-30 14:30:41', 'admin', 'admin');
INSERT INTO `sys_log` VALUES (1663432762971611137, '9', '新增质控记录', 'web', '127.0.0.1', 'Mozilla/5.0 (Windows NT 10.0; Win64; x64) AppleWebKit/537.36 (KHTML, like Gecko) Chrome/113.0.0.0 Safari/537.36', '/qc/record', 'POST', '{\"id\":\"\",\"sn\":\"3981293B101\",\"deptId\":\"1659386542775017473\",\"value\":11,\"sampleType\":\"1\",\"result\":\"1\",\"measureTime\":\"2023-05-30 14:27:28\",\"paperId\":\"1662428123929202690\",\"liquidId\":\"1662644196997824513\",\"operatorName\":\"\",\"$sampleType\":\"血糖\",\"$result\":\"通过\",\"$sn\":\"3981293B101\",\"$deptId\":\"内分泌科\"}', 25, '0', '重复添加！', '2023-05-30 14:30:50', '2023-05-30 14:30:50', 'admin', 'admin');
INSERT INTO `sys_log` VALUES (1663432857347645441, '0', '新增质控记录', 'web', '127.0.0.1', 'Mozilla/5.0 (Windows NT 10.0; Win64; x64) AppleWebKit/537.36 (KHTML, like Gecko) Chrome/113.0.0.0 Safari/537.36', '/qc/record', 'POST', '{\"id\":\"\",\"sn\":\"3981293B101\",\"deptId\":\"1659386542775017473\",\"value\":12,\"sampleType\":\"1\",\"result\":\"1\",\"measureTime\":\"2023-05-30 14:27:28\",\"paperId\":\"1662428123929202690\",\"liquidId\":\"1662644196997824513\",\"operatorName\":\"\",\"$sampleType\":\"血糖\",\"$result\":\"通过\",\"$sn\":\"3981293B101\",\"$deptId\":\"内分泌科\"}', 37, '0', NULL, '2023-05-30 14:31:13', '2023-05-30 14:31:13', 'admin', 'admin');
INSERT INTO `sys_log` VALUES (1663433607020765186, '0', '新增质控记录', 'web', '127.0.0.1', 'Mozilla/5.0 (Windows NT 10.0; Win64; x64) AppleWebKit/537.36 (KHTML, like Gecko) Chrome/113.0.0.0 Safari/537.36', '/qc/record', 'POST', '{\"id\":\"\",\"sn\":\"3981293B102\",\"deptId\":\"1659386542775017473\",\"value\":11,\"sampleType\":\"1\",\"result\":\"1\",\"measureTime\":\"2023-05-30 14:31:24\",\"paperId\":\"1662428123929202690\",\"liquidId\":\"1662644196997824513\",\"operatorName\":\"\",\"$sampleType\":\"血糖\",\"$result\":\"通过\",\"$sn\":\"3981293B102\",\"$deptId\":\"内分泌科\"}', 140519, '0', NULL, '2023-05-30 14:34:12', '2023-05-30 14:34:12', 'admin', 'admin');
INSERT INTO `sys_log` VALUES (1663435166697873409, '9', '新增质控记录', 'web', '127.0.0.1', 'Mozilla/5.0 (Windows NT 10.0; Win64; x64) AppleWebKit/537.36 (KHTML, like Gecko) Chrome/113.0.0.0 Safari/537.36', '/qc/record', 'POST', '{\"id\":\"\",\"sn\":\"3981293B102\",\"deptId\":\"1659386542775017473\",\"value\":11,\"sampleType\":\"1\",\"result\":\"1\",\"measureTime\":\"2023-05-30 14:31:24\",\"paperId\":\"1662428123929202690\",\"liquidId\":\"1662644196997824513\",\"operatorName\":\"\",\"$sampleType\":\"血糖\",\"$result\":\"通过\",\"$sn\":\"3981293B102\",\"$deptId\":\"内分泌科\"}', 647, '0', '重复添加！', '2023-05-30 14:40:24', '2023-05-30 14:40:24', 'admin', 'admin');
INSERT INTO `sys_log` VALUES (1663442850780241922, '9', '新增质控记录', 'web', '127.0.0.1', 'Mozilla/5.0 (Windows NT 10.0; Win64; x64) AppleWebKit/537.36 (KHTML, like Gecko) Chrome/113.0.0.0 Safari/537.36', '/qc/record', 'POST', '{\"id\":\"\",\"sn\":\"3981293B102\",\"deptId\":\"1659386542775017473\",\"value\":11,\"sampleType\":\"1\",\"result\":\"1\",\"measureTime\":\"2023-05-30 14:31:24\",\"paperId\":\"1662428123929202690\",\"liquidId\":\"1662644196997824513\",\"operatorName\":\"\",\"$sampleType\":\"血糖\",\"$result\":\"通过\",\"$sn\":\"3981293B102\",\"$deptId\":\"内分泌科\"}', 795, '0', '重复添加！', '2023-05-30 15:10:56', '2023-05-30 15:10:56', 'admin', 'admin');
INSERT INTO `sys_log` VALUES (1663442959010062338, '9', '新增质控记录', 'web', '127.0.0.1', 'Mozilla/5.0 (Windows NT 10.0; Win64; x64) AppleWebKit/537.36 (KHTML, like Gecko) Chrome/113.0.0.0 Safari/537.36', '/qc/record', 'POST', '{\"id\":\"\",\"sn\":\"3981293B102\",\"deptId\":\"1659386542775017473\",\"value\":11,\"sampleType\":\"1\",\"result\":\"1\",\"measureTime\":\"2023-05-30 14:31:24\",\"paperId\":\"1662428123929202690\",\"liquidId\":\"1662644196997824513\",\"operatorName\":\"\",\"$sampleType\":\"血糖\",\"$result\":\"通过\",\"$sn\":\"3981293B102\",\"$deptId\":\"内分泌科\"}', 31, '0', '重复添加！', '2023-05-30 15:11:21', '2023-05-30 15:11:21', 'admin', 'admin');
INSERT INTO `sys_log` VALUES (1663443133279199233, '9', '新增质控记录', 'web', '127.0.0.1', 'Mozilla/5.0 (Windows NT 10.0; Win64; x64) AppleWebKit/537.36 (KHTML, like Gecko) Chrome/113.0.0.0 Safari/537.36', '/qc/record', 'POST', '{\"id\":\"\",\"sn\":\"3981293B102\",\"deptId\":\"1659386542775017473\",\"value\":11,\"sampleType\":\"1\",\"result\":\"1\",\"measureTime\":\"2023-05-30 14:31:24\",\"paperId\":\"1662428123929202690\",\"liquidId\":\"1662644196997824513\",\"operatorName\":\"\",\"$sampleType\":\"血糖\",\"$result\":\"通过\",\"$sn\":\"3981293B102\",\"$deptId\":\"内分泌科\"}', 21775, '0', '重复添加！', '2023-05-30 15:12:03', '2023-05-30 15:12:03', 'admin', 'admin');
INSERT INTO `sys_log` VALUES (1663445813217157121, '9', '新增质控记录', 'web', '127.0.0.1', 'Mozilla/5.0 (Windows NT 10.0; Win64; x64) AppleWebKit/537.36 (KHTML, like Gecko) Chrome/113.0.0.0 Safari/537.36', '/qc/record', 'POST', '{\"id\":\"\",\"sn\":\"3981293B102\",\"deptId\":\"1659386542775017473\",\"value\":11,\"sampleType\":\"1\",\"result\":\"1\",\"measureTime\":\"2023-05-30 14:31:24\",\"paperId\":\"1662428123929202690\",\"liquidId\":\"1662644196997824513\",\"operatorName\":\"\",\"$sampleType\":\"血糖\",\"$result\":\"通过\",\"$sn\":\"3981293B102\",\"$deptId\":\"内分泌科\"}', 28763, '0', '重复添加！', '2023-05-30 15:22:42', '2023-05-30 15:22:42', 'admin', 'admin');
INSERT INTO `sys_log` VALUES (1663450462410203137, '9', '新增质控记录', 'web', '127.0.0.1', 'Mozilla/5.0 (Windows NT 10.0; Win64; x64) AppleWebKit/537.36 (KHTML, like Gecko) Chrome/113.0.0.0 Safari/537.36', '/qc/record', 'POST', '{\"id\":\"\",\"sn\":\"3981293B102\",\"deptId\":\"1659386542775017473\",\"value\":11,\"sampleType\":\"1\",\"result\":\"1\",\"measureTime\":\"2023-05-30 14:31:24\",\"paperId\":\"1662428123929202690\",\"liquidId\":\"1662644196997824513\",\"operatorName\":\"\",\"$sampleType\":\"血糖\",\"$result\":\"通过\",\"$sn\":\"3981293B102\",\"$deptId\":\"内分泌科\"}', 7318, '0', '重复添加！', '2023-05-30 15:41:10', '2023-05-30 15:41:10', 'admin', 'admin');
INSERT INTO `sys_log` VALUES (1663450525018578945, '9', '新增质控记录', 'web', '127.0.0.1', 'Mozilla/5.0 (Windows NT 10.0; Win64; x64) AppleWebKit/537.36 (KHTML, like Gecko) Chrome/113.0.0.0 Safari/537.36', '/qc/record', 'POST', '{\"id\":\"\",\"sn\":\"3981293B102\",\"deptId\":\"1659386542775017473\",\"value\":11,\"sampleType\":\"1\",\"result\":\"1\",\"measureTime\":\"2023-05-30 14:31:24\",\"paperId\":\"1662428123929202690\",\"liquidId\":\"1662644196997824513\",\"operatorName\":\"\",\"$sampleType\":\"血糖\",\"$result\":\"通过\",\"$sn\":\"3981293B102\",\"$deptId\":\"内分泌科\"}', 44, '0', '重复添加！', '2023-05-30 15:41:25', '2023-05-30 15:41:25', 'admin', 'admin');
INSERT INTO `sys_log` VALUES (1663450981140750337, '0', '新增质控记录', 'web', '127.0.0.1', 'Mozilla/5.0 (Windows NT 10.0; Win64; x64) AppleWebKit/537.36 (KHTML, like Gecko) Chrome/113.0.0.0 Safari/537.36', '/qc/record', 'POST', '{\"id\":\"\",\"sn\":\"3981293B102\",\"deptId\":\"1659386542775017473\",\"value\":14,\"sampleType\":\"1\",\"result\":\"1\",\"measureTime\":\"2023-05-30 14:31:24\",\"paperId\":\"1662428123929202690\",\"liquidId\":\"1662644196997824513\",\"operatorName\":\"\",\"$sampleType\":\"血糖\",\"$result\":\"通过\",\"$sn\":\"3981293B102\",\"$deptId\":\"内分泌科\"}', 2335, '0', NULL, '2023-05-30 15:43:14', '2023-05-30 15:43:14', 'admin', 'admin');
INSERT INTO `sys_log` VALUES (1663453432484945922, '9', '新增质控记录', 'web', '127.0.0.1', 'Mozilla/5.0 (Windows NT 10.0; Win64; x64) AppleWebKit/537.36 (KHTML, like Gecko) Chrome/113.0.0.0 Safari/537.36', '/qc/record', 'POST', '{\"id\":\"\",\"sn\":\"3981293B102\",\"deptId\":\"1659386542775017473\",\"value\":14,\"sampleType\":\"1\",\"result\":\"1\",\"measureTime\":\"2023-05-30 14:31:24\",\"paperId\":\"1662428123929202690\",\"liquidId\":\"1662644196997824513\",\"operatorName\":\"\",\"$sampleType\":\"血糖\",\"$result\":\"通过\",\"$sn\":\"3981293B102\",\"$deptId\":\"内分泌科\"}', 1002, '0', '重复添加！', '2023-05-30 15:52:58', '2023-05-30 15:52:58', 'admin', 'admin');
INSERT INTO `sys_log` VALUES (1663453508213104642, '0', '新增质控记录', 'web', '127.0.0.1', 'Mozilla/5.0 (Windows NT 10.0; Win64; x64) AppleWebKit/537.36 (KHTML, like Gecko) Chrome/113.0.0.0 Safari/537.36', '/qc/record', 'POST', '{\"id\":\"\",\"sn\":\"3981293B102\",\"deptId\":\"1659386542775017473\",\"value\":15,\"sampleType\":\"1\",\"result\":\"1\",\"measureTime\":\"2023-05-30 14:31:24\",\"paperId\":\"1662428123929202690\",\"liquidId\":\"1662644196997824513\",\"operatorName\":\"\",\"$sampleType\":\"血糖\",\"$result\":\"通过\",\"$sn\":\"3981293B102\",\"$deptId\":\"内分泌科\"}', 2698, '0', NULL, '2023-05-30 15:53:16', '2023-05-30 15:53:16', 'admin', 'admin');
INSERT INTO `sys_log` VALUES (1663454484265394177, '0', '新增质控记录', 'web', '127.0.0.1', 'Mozilla/5.0 (Windows NT 10.0; Win64; x64) AppleWebKit/537.36 (KHTML, like Gecko) Chrome/113.0.0.0 Safari/537.36', '/qc/record', 'POST', '{\"id\":\"\",\"sn\":\"3981293B101\",\"deptId\":\"1659386542775017473\",\"value\":11,\"sampleType\":\"1\",\"result\":\"1\",\"measureTime\":\"2023-05-30 15:56:58\",\"paperId\":\"1662428123929202690\",\"liquidId\":\"1662644196997824513\",\"operatorName\":\"\",\"$sampleType\":\"血糖\",\"$result\":\"通过\",\"$sn\":\"3981293B101\",\"$deptId\":\"内分泌科\"}', 2667, '0', NULL, '2023-05-30 15:57:09', '2023-05-30 15:57:09', 'admin', 'admin');
INSERT INTO `sys_log` VALUES (1663454823630725122, '0', '新增质控记录', 'web', '127.0.0.1', 'Mozilla/5.0 (Windows NT 10.0; Win64; x64) AppleWebKit/537.36 (KHTML, like Gecko) Chrome/113.0.0.0 Safari/537.36', '/qc/record', 'POST', '{\"id\":\"\",\"sn\":\"3981293B101\",\"deptId\":\"1659386542775017473\",\"value\":11,\"sampleType\":\"1\",\"result\":\"1\",\"measureTime\":\"2023-05-30 15:58:24\",\"paperId\":\"1662428123929202690\",\"liquidId\":\"1662644783596404737\",\"operatorName\":\"\",\"$sampleType\":\"血糖\",\"$result\":\"通过\",\"$sn\":\"3981293B101\",\"$deptId\":\"内分泌科\"}', 191, '0', NULL, '2023-05-30 15:58:30', '2023-05-30 15:58:30', 'admin', 'admin');
INSERT INTO `sys_log` VALUES (1663454977469407233, '0', '新增质控记录', 'web', '127.0.0.1', 'Mozilla/5.0 (Windows NT 10.0; Win64; x64) AppleWebKit/537.36 (KHTML, like Gecko) Chrome/113.0.0.0 Safari/537.36', '/qc/record', 'POST', '{\"id\":\"\",\"sn\":\"3981293B101\",\"deptId\":\"1659386542775017473\",\"value\":23,\"sampleType\":\"1\",\"result\":\"1\",\"measureTime\":\"2023-05-30 15:58:44\",\"paperId\":\"1662428123929202690\",\"liquidId\":\"1662644783596404737\",\"operatorName\":\"\",\"$sampleType\":\"血糖\",\"$result\":\"通过\",\"$sn\":\"3981293B101\",\"$deptId\":\"内分泌科\"}', 2864, '0', NULL, '2023-05-30 15:59:07', '2023-05-30 15:59:07', 'admin', 'admin');
INSERT INTO `sys_log` VALUES (1663458356090331138, '0', '新增质控记录', 'web', '127.0.0.1', 'Mozilla/5.0 (Windows NT 10.0; Win64; x64) AppleWebKit/537.36 (KHTML, like Gecko) Chrome/113.0.0.0 Safari/537.36', '/qc/record', 'POST', '{\"id\":\"\",\"sn\":\"3981293B101\",\"deptId\":\"1659386542775017473\",\"value\":11,\"sampleType\":\"1\",\"result\":\"1\",\"measureTime\":\"2023-05-30 16:12:00\",\"paperId\":\"1662428123929202690\",\"liquidId\":\"1662644783596404737\",\"operatorName\":\"\",\"$sampleType\":\"血糖\",\"$result\":\"通过\",\"$sn\":\"3981293B101\",\"$deptId\":\"内分泌科\"}', 2358, '0', NULL, '2023-05-30 16:12:32', '2023-05-30 16:12:32', 'admin', 'admin');
INSERT INTO `sys_log` VALUES (1663461522294923265, '0', '新增质控记录', 'web', '127.0.0.1', 'Mozilla/5.0 (Windows NT 10.0; Win64; x64) AppleWebKit/537.36 (KHTML, like Gecko) Chrome/113.0.0.0 Safari/537.36', '/qc/record', 'POST', '{\"id\":\"\",\"sn\":\"3981293B101\",\"deptId\":\"1659386542775017473\",\"value\":11,\"sampleType\":\"1\",\"result\":\"1\",\"measureTime\":\"2023-05-30 16:24:45\",\"paperId\":\"1662428123929202690\",\"liquidId\":\"1662644783596404737\",\"operatorName\":\"\",\"$sampleType\":\"血糖\",\"$result\":\"通过\",\"$sn\":\"3981293B101\",\"$deptId\":\"内分泌科\"}', 5991, '0', NULL, '2023-05-30 16:25:07', '2023-05-30 16:25:07', 'admin', 'admin');
INSERT INTO `sys_log` VALUES (1663463915837415426, '0', '退出成功', 'web', '127.0.0.1', 'Mozilla/5.0 (Windows NT 10.0; Win64; x64) AppleWebKit/537.36 (KHTML, like Gecko) Chrome/113.0.0.0 Safari/537.36', '/token/logout', 'DELETE', 'Bearer bf958630-f07e-4bbd-a9cc-7ae5e9627d0d', 0, '0', NULL, '2023-05-30 16:34:38', '2023-05-30 16:34:38', 'admin', 'admin');
INSERT INTO `sys_log` VALUES (1663469787116429314, '0', '登录成功', 'web', '127.0.0.1', 'Mozilla/5.0 (Windows NT 10.0; Win64; x64) AppleWebKit/537.36 (KHTML, like Gecko) Chrome/113.0.0.0 Safari/537.36', '/oauth2/token', 'POST', 'randomStr=%5B%5D&password=%5B123456%5D&code=%5B%5D&grant_type=%5Bpassword%5D&scope=%5Bserver%5D&hosId=%5B1659018792143663105%5D&username=%5Badmin%5D', 178, '0', NULL, '2023-05-30 16:57:58', '2023-05-30 16:57:58', 'admin', 'admin');
INSERT INTO `sys_log` VALUES (1663472171255291906, '0', '退出成功', 'web', '127.0.0.1', 'Mozilla/5.0 (Windows NT 10.0; Win64; x64) AppleWebKit/537.36 (KHTML, like Gecko) Chrome/113.0.0.0 Safari/537.36', '/token/logout', 'DELETE', 'Bearer a723bab9-f2fe-4dc8-bfed-75ec11cb157a', 0, '0', NULL, '2023-05-30 17:07:26', '2023-05-30 17:07:26', 'admin', 'admin');
INSERT INTO `sys_log` VALUES (1663473415239720961, '0', '登录成功', 'web', '127.0.0.1', 'Mozilla/5.0 (Windows NT 10.0; Win64; x64) AppleWebKit/537.36 (KHTML, like Gecko) Chrome/113.0.0.0 Safari/537.36', '/oauth2/token', 'POST', 'randomStr=%5B%5D&password=%5B123456%5D&code=%5B%5D&grant_type=%5Bpassword%5D&scope=%5Bserver%5D&hosId=%5B1659018792143663105%5D&username=%5Badmin%5D', 142, '0', NULL, '2023-05-30 17:12:23', '2023-05-30 17:12:23', 'admin', 'admin');
INSERT INTO `sys_log` VALUES (1663719453926014977, '0', '登录成功', 'web', '127.0.0.1', 'Mozilla/5.0 (Windows NT 10.0; Win64; x64) AppleWebKit/537.36 (KHTML, like Gecko) Chrome/113.0.0.0 Safari/537.36', '/oauth2/token', 'POST', 'randomStr=%5B%5D&password=%5B123456%5D&code=%5B%5D&grant_type=%5Bpassword%5D&scope=%5Bserver%5D&hosId=%5B1659018792143663105%5D&username=%5Badmin%5D', 2020, '0', NULL, '2023-05-31 09:30:03', '2023-05-31 09:30:03', 'admin', 'admin');
INSERT INTO `sys_log` VALUES (1663719566157201409, '0', '登录成功', 'web', '127.0.0.1', 'Mozilla/5.0 (Windows NT 10.0; Win64; x64) AppleWebKit/537.36 (KHTML, like Gecko) Chrome/113.0.0.0 Safari/537.36', '/oauth2/token', 'POST', 'randomStr=%5B51261685496600790%5D&password=%5B123456%5D&code=%5B%5D&grant_type=%5Bpassword%5D&scope=%5Bserver%5D&hosId=%5B1659018792143663105%5D&username=%5Badmin%5D', 156, '0', NULL, '2023-05-31 09:30:30', '2023-05-31 09:30:30', 'admin', 'admin');
INSERT INTO `sys_log` VALUES (1663721495168004098, '0', '登录成功', 'web', '127.0.0.1', 'Mozilla/5.0 (Windows NT 10.0; Win64; x64) AppleWebKit/537.36 (KHTML, like Gecko) Chrome/113.0.0.0 Safari/537.36', '/oauth2/token', 'POST', 'randomStr=%5B84041685496629635%5D&password=%5B123456%5D&code=%5B%5D&grant_type=%5Bpassword%5D&scope=%5Bserver%5D&hosId=%5B1659018792143663105%5D&username=%5Badmin%5D', 997, '0', NULL, '2023-05-31 09:38:10', '2023-05-31 09:38:10', 'admin', 'admin');
INSERT INTO `sys_log` VALUES (1663721959116746754, '9', '登录失败', 'web', '127.0.0.1', 'Apifox/1.0.0 (https://apifox.com)', '/oauth2/token', 'POST', 'password=%5B123456%5D&grant_type=%5Bpassword%5D&scope=%5Bserver%5D&sn=%5B3981293B102%5D&username=%5Badmin%5D', 208, '0', 'null', '2023-05-31 09:40:00', '2023-05-31 09:40:00', 'admin', 'admin');
INSERT INTO `sys_log` VALUES (1663722041484488705, '0', '登录成功', 'pda', '127.0.0.1', 'Apifox/1.0.0 (https://apifox.com)', '/oauth2/token', 'POST', 'password=%5B123456%5D&grant_type=%5Bpassword%5D&scope=%5Bserver%5D&sn=%5B3981293B102%5D&username=%5Badmin%5D', 310, '0', NULL, '2023-05-31 09:40:20', '2023-05-31 09:40:20', 'admin', 'admin');
INSERT INTO `sys_log` VALUES (1663740506077376514, '9', '登录失败', 'web', '127.0.0.1', 'Mozilla/5.0 (Windows NT 10.0; Win64; x64) AppleWebKit/537.36 (KHTML, like Gecko) Chrome/113.0.0.0 Safari/537.36', '/token/check_token', 'GET', 'token=%5Bc3b4b667-aef5-469e-a057-e5cac76d9873%5D', 1524, '0', 'invalid_bearer_token', '2023-05-31 10:53:42', '2023-05-31 10:53:42', 'anonymousUser', 'anonymousUser');
INSERT INTO `sys_log` VALUES (1663740588789051393, '9', '登录失败', 'pda', '127.0.0.1', 'Apifox/1.0.0 (https://apifox.com)', '/oauth2/token', 'POST', 'password=%5B123456%5D&grant_type=%5Bpassword%5D&scope=%5Bserver%5D&sn=%5B3981293B102%5D&username=%5Badmin%5D', 913, '0', '用户名或密码错误', '2023-05-31 10:54:02', '2023-05-31 10:54:02', 'admin', 'admin');
INSERT INTO `sys_log` VALUES (1663740724323790850, '9', '登录失败', 'pda', '127.0.0.1', 'Apifox/1.0.0 (https://apifox.com)', '/oauth2/token', 'POST', 'password=%5B123456%5D&grant_type=%5Bpassword%5D&scope=%5Bserver%5D&sn=%5B3981293B102%5D&username=%5Badmin%5D', 222, '0', '用户名或密码错误', '2023-05-31 10:54:34', '2023-05-31 10:54:34', 'admin', 'admin');
INSERT INTO `sys_log` VALUES (1663740750022291457, '9', '登录失败', 'web', '127.0.0.1', 'Mozilla/5.0 (Windows NT 10.0; Win64; x64) AppleWebKit/537.36 (KHTML, like Gecko) Chrome/113.0.0.0 Safari/537.36', '/token/check_token', 'GET', 'token=%5Bc3b4b667-aef5-469e-a057-e5cac76d9873%5D', 12, '0', 'invalid_bearer_token', '2023-05-31 10:54:40', '2023-05-31 10:54:40', 'anonymousUser', 'anonymousUser');
INSERT INTO `sys_log` VALUES (1663740994906730497, '9', '登录失败', 'pda', '127.0.0.1', 'Apifox/1.0.0 (https://apifox.com)', '/oauth2/token', 'POST', 'password=%5B123456%5D&grant_type=%5Bpassword%5D&scope=%5Bserver%5D&sn=%5B3981293B102%5D&username=%5Badmin%5D', 10136, '0', '用户名或密码错误', '2023-05-31 10:55:39', '2023-05-31 10:55:39', 'admin', 'admin');
INSERT INTO `sys_log` VALUES (1663741088041250818, '9', '登录失败', 'web', '127.0.0.1', 'Mozilla/5.0 (Windows NT 10.0; Win64; x64) AppleWebKit/537.36 (KHTML, like Gecko) Chrome/113.0.0.0 Safari/537.36', '/token/check_token', 'GET', 'token=%5Bc3b4b667-aef5-469e-a057-e5cac76d9873%5D', 10, '0', 'invalid_bearer_token', '2023-05-31 10:56:01', '2023-05-31 10:56:01', 'anonymousUser', 'anonymousUser');
INSERT INTO `sys_log` VALUES (1663741088041250819, '9', '登录失败', 'pda', '127.0.0.1', 'Apifox/1.0.0 (https://apifox.com)', '/oauth2/token', 'POST', 'password=%5B123456%5D&grant_type=%5Bpassword%5D&scope=%5Bserver%5D&sn=%5B3981293B102%5D&username=%5Badmin%5D', 10140, '0', '用户名或密码错误', '2023-05-31 10:56:01', '2023-05-31 10:56:01', 'admin', 'admin');
INSERT INTO `sys_log` VALUES (1663741759855460354, '9', '登录失败', 'web', '127.0.0.1', 'Mozilla/5.0 (Windows NT 10.0; Win64; x64) AppleWebKit/537.36 (KHTML, like Gecko) Chrome/113.0.0.0 Safari/537.36', '/token/check_token', 'GET', 'token=%5Bc3b4b667-aef5-469e-a057-e5cac76d9873%5D', 11, '0', 'invalid_bearer_token', '2023-05-31 10:58:41', '2023-05-31 10:58:41', 'anonymousUser', 'anonymousUser');
INSERT INTO `sys_log` VALUES (1663742008317640706, '9', '登录失败', 'web', '127.0.0.1', 'Mozilla/5.0 (Windows NT 10.0; Win64; x64) AppleWebKit/537.36 (KHTML, like Gecko) Chrome/113.0.0.0 Safari/537.36', '/token/check_token', 'GET', 'token=%5Bc3b4b667-aef5-469e-a057-e5cac76d9873%5D', 13, '0', 'invalid_bearer_token', '2023-05-31 10:59:40', '2023-05-31 10:59:40', 'anonymousUser', 'anonymousUser');
INSERT INTO `sys_log` VALUES (1663742260017823746, '9', '登录失败', 'web', '127.0.0.1', 'Mozilla/5.0 (Windows NT 10.0; Win64; x64) AppleWebKit/537.36 (KHTML, like Gecko) Chrome/113.0.0.0 Safari/537.36', '/token/check_token', 'GET', 'token=%5Bc3b4b667-aef5-469e-a057-e5cac76d9873%5D', 11, '0', 'invalid_bearer_token', '2023-05-31 11:00:40', '2023-05-31 11:00:40', 'anonymousUser', 'anonymousUser');
INSERT INTO `sys_log` VALUES (1663742511629926401, '9', '登录失败', 'web', '127.0.0.1', 'Mozilla/5.0 (Windows NT 10.0; Win64; x64) AppleWebKit/537.36 (KHTML, like Gecko) Chrome/113.0.0.0 Safari/537.36', '/token/check_token', 'GET', 'token=%5Bc3b4b667-aef5-469e-a057-e5cac76d9873%5D', 17, '0', 'invalid_bearer_token', '2023-05-31 11:01:40', '2023-05-31 11:01:40', 'anonymousUser', 'anonymousUser');
INSERT INTO `sys_log` VALUES (1663742763321720834, '9', '登录失败', 'web', '127.0.0.1', 'Mozilla/5.0 (Windows NT 10.0; Win64; x64) AppleWebKit/537.36 (KHTML, like Gecko) Chrome/113.0.0.0 Safari/537.36', '/token/check_token', 'GET', 'token=%5Bc3b4b667-aef5-469e-a057-e5cac76d9873%5D', 11, '0', 'invalid_bearer_token', '2023-05-31 11:02:40', '2023-05-31 11:02:40', 'anonymousUser', 'anonymousUser');
INSERT INTO `sys_log` VALUES (1663743014950600706, '9', '登录失败', 'web', '127.0.0.1', 'Mozilla/5.0 (Windows NT 10.0; Win64; x64) AppleWebKit/537.36 (KHTML, like Gecko) Chrome/113.0.0.0 Safari/537.36', '/token/check_token', 'GET', 'token=%5Bc3b4b667-aef5-469e-a057-e5cac76d9873%5D', 10, '0', 'invalid_bearer_token', '2023-05-31 11:03:40', '2023-05-31 11:03:40', 'anonymousUser', 'anonymousUser');
INSERT INTO `sys_log` VALUES (1663743266684338177, '9', '登录失败', 'web', '127.0.0.1', 'Mozilla/5.0 (Windows NT 10.0; Win64; x64) AppleWebKit/537.36 (KHTML, like Gecko) Chrome/113.0.0.0 Safari/537.36', '/token/check_token', 'GET', 'token=%5Bc3b4b667-aef5-469e-a057-e5cac76d9873%5D', 9, '0', 'invalid_bearer_token', '2023-05-31 11:04:40', '2023-05-31 11:04:40', 'anonymousUser', 'anonymousUser');
INSERT INTO `sys_log` VALUES (1663743518246109185, '9', '登录失败', 'web', '127.0.0.1', 'Mozilla/5.0 (Windows NT 10.0; Win64; x64) AppleWebKit/537.36 (KHTML, like Gecko) Chrome/113.0.0.0 Safari/537.36', '/token/check_token', 'GET', 'token=%5Bc3b4b667-aef5-469e-a057-e5cac76d9873%5D', 10, '0', 'invalid_bearer_token', '2023-05-31 11:05:40', '2023-05-31 11:05:40', 'anonymousUser', 'anonymousUser');
INSERT INTO `sys_log` VALUES (1663743769971458050, '9', '登录失败', 'web', '127.0.0.1', 'Mozilla/5.0 (Windows NT 10.0; Win64; x64) AppleWebKit/537.36 (KHTML, like Gecko) Chrome/113.0.0.0 Safari/537.36', '/token/check_token', 'GET', 'token=%5Bc3b4b667-aef5-469e-a057-e5cac76d9873%5D', 13, '0', 'invalid_bearer_token', '2023-05-31 11:06:40', '2023-05-31 11:06:40', 'anonymousUser', 'anonymousUser');
INSERT INTO `sys_log` VALUES (1663744021575172098, '9', '登录失败', 'web', '127.0.0.1', 'Mozilla/5.0 (Windows NT 10.0; Win64; x64) AppleWebKit/537.36 (KHTML, like Gecko) Chrome/113.0.0.0 Safari/537.36', '/token/check_token', 'GET', 'token=%5Bc3b4b667-aef5-469e-a057-e5cac76d9873%5D', 11, '0', 'invalid_bearer_token', '2023-05-31 11:07:40', '2023-05-31 11:07:40', 'anonymousUser', 'anonymousUser');
INSERT INTO `sys_log` VALUES (1663744273229217794, '9', '登录失败', 'web', '127.0.0.1', 'Mozilla/5.0 (Windows NT 10.0; Win64; x64) AppleWebKit/537.36 (KHTML, like Gecko) Chrome/113.0.0.0 Safari/537.36', '/token/check_token', 'GET', 'token=%5Bc3b4b667-aef5-469e-a057-e5cac76d9873%5D', 9, '0', 'invalid_bearer_token', '2023-05-31 11:08:40', '2023-05-31 11:08:40', 'anonymousUser', 'anonymousUser');
INSERT INTO `sys_log` VALUES (1663744445782884353, '9', '登录失败', 'pda', '127.0.0.1', 'Apifox/1.0.0 (https://apifox.com)', '/oauth2/token', 'POST', 'password=%5B123456%5D&grant_type=%5Bpassword%5D&scope=%5Bserver%5D&sn=%5B3981293B102%5D&username=%5Badmin%5D', 1522, '0', '[Ljava.lang.Object; cannot be cast to [Ljava.lang.Long;', '2023-05-31 11:09:21', '2023-05-31 11:09:21', 'admin', 'admin');
INSERT INTO `sys_log` VALUES (1663744525004898305, '9', '登录失败', 'web', '127.0.0.1', 'Mozilla/5.0 (Windows NT 10.0; Win64; x64) AppleWebKit/537.36 (KHTML, like Gecko) Chrome/113.0.0.0 Safari/537.36', '/token/check_token', 'GET', 'token=%5Bc3b4b667-aef5-469e-a057-e5cac76d9873%5D', 13, '0', 'invalid_bearer_token', '2023-05-31 11:09:40', '2023-05-31 11:09:40', 'anonymousUser', 'anonymousUser');
INSERT INTO `sys_log` VALUES (1663744776658944001, '9', '登录失败', 'web', '127.0.0.1', 'Mozilla/5.0 (Windows NT 10.0; Win64; x64) AppleWebKit/537.36 (KHTML, like Gecko) Chrome/113.0.0.0 Safari/537.36', '/token/check_token', 'GET', 'token=%5Bc3b4b667-aef5-469e-a057-e5cac76d9873%5D', 12, '0', 'invalid_bearer_token', '2023-05-31 11:10:40', '2023-05-31 11:10:40', 'anonymousUser', 'anonymousUser');
INSERT INTO `sys_log` VALUES (1663744931479093249, '9', '登录失败', 'pda', '127.0.0.1', 'Apifox/1.0.0 (https://apifox.com)', '/oauth2/token', 'POST', 'password=%5B123456%5D&grant_type=%5Bpassword%5D&scope=%5Bserver%5D&sn=%5B3981293B102%5D&username=%5Badmin%5D', 130, '0', '用户名或密码错误', '2023-05-31 11:11:17', '2023-05-31 11:11:17', 'admin', 'admin');
INSERT INTO `sys_log` VALUES (1663745028350738433, '9', '登录失败', 'web', '127.0.0.1', 'Mozilla/5.0 (Windows NT 10.0; Win64; x64) AppleWebKit/537.36 (KHTML, like Gecko) Chrome/113.0.0.0 Safari/537.36', '/token/check_token', 'GET', 'token=%5Bc3b4b667-aef5-469e-a057-e5cac76d9873%5D', 14, '0', 'invalid_bearer_token', '2023-05-31 11:11:40', '2023-05-31 11:11:40', 'anonymousUser', 'anonymousUser');
INSERT INTO `sys_log` VALUES (1663745184454344705, '9', '登录失败', 'pda', '127.0.0.1', 'Apifox/1.0.0 (https://apifox.com)', '/oauth2/token', 'POST', 'password=%5B123456%5D&grant_type=%5Bpassword%5D&scope=%5Bserver%5D&sn=%5B3981293B102%5D&username=%5Badmin%5D', 10305, '0', '用户名或密码错误', '2023-05-31 11:12:18', '2023-05-31 11:12:18', 'admin', 'admin');
INSERT INTO `sys_log` VALUES (1663745279862177793, '9', '登录失败', 'web', '127.0.0.1', 'Mozilla/5.0 (Windows NT 10.0; Win64; x64) AppleWebKit/537.36 (KHTML, like Gecko) Chrome/113.0.0.0 Safari/537.36', '/token/check_token', 'GET', 'token=%5Bc3b4b667-aef5-469e-a057-e5cac76d9873%5D', 12, '0', 'invalid_bearer_token', '2023-05-31 11:12:40', '2023-05-31 11:12:40', 'anonymousUser', 'anonymousUser');
INSERT INTO `sys_log` VALUES (1663745410422472705, '9', '登录失败', 'pda', '127.0.0.1', 'Apifox/1.0.0 (https://apifox.com)', '/oauth2/token', 'POST', 'password=%5B123456%5D&grant_type=%5Bpassword%5D&scope=%5Bserver%5D&sn=%5B3981293B102%5D&username=%5Badmin%5D', 129, '0', '用户名或密码错误', '2023-05-31 11:13:11', '2023-05-31 11:13:11', 'admin', 'admin');
INSERT INTO `sys_log` VALUES (1663745531587526657, '9', '登录失败', 'web', '127.0.0.1', 'Mozilla/5.0 (Windows NT 10.0; Win64; x64) AppleWebKit/537.36 (KHTML, like Gecko) Chrome/113.0.0.0 Safari/537.36', '/token/check_token', 'GET', 'token=%5Bc3b4b667-aef5-469e-a057-e5cac76d9873%5D', 14, '0', 'invalid_bearer_token', '2023-05-31 11:13:40', '2023-05-31 11:13:40', 'anonymousUser', 'anonymousUser');
INSERT INTO `sys_log` VALUES (1663745792485818369, '9', '登录失败', 'pda', '127.0.0.1', 'Apifox/1.0.0 (https://apifox.com)', '/oauth2/token', 'POST', 'password=%5B123456%5D&grant_type=%5Bpassword%5D&scope=%5Bserver%5D&sn=%5B3981293B102%5D&username=%5Badmin%5D', 34670, '0', '[Ljava.lang.Object; cannot be cast to [Ljava.lang.Long;', '2023-05-31 11:14:42', '2023-05-31 11:14:42', 'admin', 'admin');
INSERT INTO `sys_log` VALUES (1663745792485818370, '9', '登录失败', 'web', '127.0.0.1', 'Mozilla/5.0 (Windows NT 10.0; Win64; x64) AppleWebKit/537.36 (KHTML, like Gecko) Chrome/113.0.0.0 Safari/537.36', '/token/check_token', 'GET', 'token=%5Bc3b4b667-aef5-469e-a057-e5cac76d9873%5D', 2224, '0', 'invalid_bearer_token', '2023-05-31 11:14:42', '2023-05-31 11:14:42', 'anonymousUser', 'anonymousUser');
INSERT INTO `sys_log` VALUES (1663745972287242242, '9', '登录失败', 'pda', '127.0.0.1', 'Apifox/1.0.0 (https://apifox.com)', '/oauth2/token', 'POST', 'password=%5B123456%5D&grant_type=%5Bpassword%5D&scope=%5Bserver%5D&sn=%5B3981293B102%5D&username=%5Badmin%5D', 39168, '0', '[Ljava.lang.Object; cannot be cast to [Ljava.lang.Long;', '2023-05-31 11:15:25', '2023-05-31 11:15:25', 'admin', 'admin');
INSERT INTO `sys_log` VALUES (1663746048774569985, '9', '登录失败', 'pda', '127.0.0.1', 'Apifox/1.0.0 (https://apifox.com)', '/oauth2/token', 'POST', 'password=%5B123456%5D&grant_type=%5Bpassword%5D&scope=%5Bserver%5D&sn=%5B3981293B102%5D&username=%5Badmin%5D', 10109, '0', '[Ljava.lang.Object; cannot be cast to [Ljava.lang.Long;', '2023-05-31 11:15:44', '2023-05-31 11:15:44', 'admin', 'admin');
INSERT INTO `sys_log` VALUES (1663746048774569986, '9', '登录失败', 'web', '127.0.0.1', 'Mozilla/5.0 (Windows NT 10.0; Win64; x64) AppleWebKit/537.36 (KHTML, like Gecko) Chrome/113.0.0.0 Safari/537.36', '/token/check_token', 'GET', 'token=%5Bc3b4b667-aef5-469e-a057-e5cac76d9873%5D', 3333, '0', 'invalid_bearer_token', '2023-05-31 11:15:44', '2023-05-31 11:15:44', 'anonymousUser', 'anonymousUser');
INSERT INTO `sys_log` VALUES (1663746289707974658, '9', '登录失败', 'pda', '127.0.0.1', 'Apifox/1.0.0 (https://apifox.com)', '/oauth2/token', 'POST', 'password=%5B123456%5D&grant_type=%5Bpassword%5D&scope=%5Bserver%5D&sn=%5B3981293B102%5D&username=%5Badmin%5D', 45537, '0', '[Ljava.lang.Object; cannot be cast to [Ljava.lang.Long;', '2023-05-31 11:16:41', '2023-05-31 11:16:41', 'admin', 'admin');
INSERT INTO `sys_log` VALUES (1663746289779277825, '9', '登录失败', 'web', '127.0.0.1', 'Mozilla/5.0 (Windows NT 10.0; Win64; x64) AppleWebKit/537.36 (KHTML, like Gecko) Chrome/113.0.0.0 Safari/537.36', '/token/check_token', 'GET', 'token=%5Bc3b4b667-aef5-469e-a057-e5cac76d9873%5D', 781, '0', 'invalid_bearer_token', '2023-05-31 11:16:41', '2023-05-31 11:16:41', 'anonymousUser', 'anonymousUser');
INSERT INTO `sys_log` VALUES (1663747295506268162, '9', '登录失败', 'web', '127.0.0.1', 'Mozilla/5.0 (Windows NT 10.0; Win64; x64) AppleWebKit/537.36 (KHTML, like Gecko) Chrome/113.0.0.0 Safari/537.36', '/token/check_token', 'GET', 'token=%5Bc3b4b667-aef5-469e-a057-e5cac76d9873%5D', 300, '0', 'invalid_bearer_token', '2023-05-31 11:20:41', '2023-05-31 11:20:41', 'anonymousUser', 'anonymousUser');
INSERT INTO `sys_log` VALUES (1663747379388153858, '0', '登录成功', 'pda', '127.0.0.1', 'Apifox/1.0.0 (https://apifox.com)', '/oauth2/token', 'POST', 'password=%5B123456%5D&grant_type=%5Bpassword%5D&scope=%5Bserver%5D&sn=%5B3981293B102%5D&username=%5Badmin%5D', 505, '0', NULL, '2023-05-31 11:21:01', '2023-05-31 11:21:01', 'admin', 'admin');
INSERT INTO `sys_log` VALUES (1663747544773754882, '9', '登录失败', 'web', '127.0.0.1', 'Mozilla/5.0 (Windows NT 10.0; Win64; x64) AppleWebKit/537.36 (KHTML, like Gecko) Chrome/113.0.0.0 Safari/537.36', '/token/check_token', 'GET', 'token=%5Bc3b4b667-aef5-469e-a057-e5cac76d9873%5D', 12, '0', 'invalid_bearer_token', '2023-05-31 11:21:40', '2023-05-31 11:21:40', 'anonymousUser', 'anonymousUser');
INSERT INTO `sys_log` VALUES (1663747796465549314, '9', '登录失败', 'web', '127.0.0.1', 'Mozilla/5.0 (Windows NT 10.0; Win64; x64) AppleWebKit/537.36 (KHTML, like Gecko) Chrome/113.0.0.0 Safari/537.36', '/token/check_token', 'GET', 'token=%5Bc3b4b667-aef5-469e-a057-e5cac76d9873%5D', 11, '0', 'invalid_bearer_token', '2023-05-31 11:22:40', '2023-05-31 11:22:40', 'anonymousUser', 'anonymousUser');
INSERT INTO `sys_log` VALUES (1663748304492171266, '9', '登录失败', 'web', '127.0.0.1', 'Mozilla/5.0 (Windows NT 10.0; Win64; x64) AppleWebKit/537.36 (KHTML, like Gecko) Chrome/113.0.0.0 Safari/537.36', '/token/check_token', 'GET', 'token=%5Bc3b4b667-aef5-469e-a057-e5cac76d9873%5D', 286, '0', 'invalid_bearer_token', '2023-05-31 11:24:41', '2023-05-31 11:24:41', 'anonymousUser', 'anonymousUser');
INSERT INTO `sys_log` VALUES (1663748551524093954, '9', '登录失败', 'web', '127.0.0.1', 'Mozilla/5.0 (Windows NT 10.0; Win64; x64) AppleWebKit/537.36 (KHTML, like Gecko) Chrome/113.0.0.0 Safari/537.36', '/token/check_token', 'GET', 'token=%5Bc3b4b667-aef5-469e-a057-e5cac76d9873%5D', 11, '0', 'invalid_bearer_token', '2023-05-31 11:25:40', '2023-05-31 11:25:40', 'anonymousUser', 'anonymousUser');
INSERT INTO `sys_log` VALUES (1663748803111030785, '9', '登录失败', 'web', '127.0.0.1', 'Mozilla/5.0 (Windows NT 10.0; Win64; x64) AppleWebKit/537.36 (KHTML, like Gecko) Chrome/113.0.0.0 Safari/537.36', '/token/check_token', 'GET', 'token=%5Bc3b4b667-aef5-469e-a057-e5cac76d9873%5D', 11, '0', 'invalid_bearer_token', '2023-05-31 11:26:40', '2023-05-31 11:26:40', 'anonymousUser', 'anonymousUser');
INSERT INTO `sys_log` VALUES (1663749054748299265, '9', '登录失败', 'web', '127.0.0.1', 'Mozilla/5.0 (Windows NT 10.0; Win64; x64) AppleWebKit/537.36 (KHTML, like Gecko) Chrome/113.0.0.0 Safari/537.36', '/token/check_token', 'GET', 'token=%5Bc3b4b667-aef5-469e-a057-e5cac76d9873%5D', 10, '0', 'invalid_bearer_token', '2023-05-31 11:27:40', '2023-05-31 11:27:40', 'anonymousUser', 'anonymousUser');
INSERT INTO `sys_log` VALUES (1663749306377179137, '9', '登录失败', 'web', '127.0.0.1', 'Mozilla/5.0 (Windows NT 10.0; Win64; x64) AppleWebKit/537.36 (KHTML, like Gecko) Chrome/113.0.0.0 Safari/537.36', '/token/check_token', 'GET', 'token=%5Bc3b4b667-aef5-469e-a057-e5cac76d9873%5D', 14, '0', 'invalid_bearer_token', '2023-05-31 11:28:40', '2023-05-31 11:28:40', 'anonymousUser', 'anonymousUser');
INSERT INTO `sys_log` VALUES (1663749558203191298, '9', '登录失败', 'web', '127.0.0.1', 'Mozilla/5.0 (Windows NT 10.0; Win64; x64) AppleWebKit/537.36 (KHTML, like Gecko) Chrome/113.0.0.0 Safari/537.36', '/token/check_token', 'GET', 'token=%5Bc3b4b667-aef5-469e-a057-e5cac76d9873%5D', 12, '0', 'invalid_bearer_token', '2023-05-31 11:29:40', '2023-05-31 11:29:40', 'anonymousUser', 'anonymousUser');
INSERT INTO `sys_log` VALUES (1663749559184658434, '0', '登录成功', 'pda', '127.0.0.1', 'Apifox/1.0.0 (https://apifox.com)', '/oauth2/token', 'POST', 'password=%5B123456%5D&grant_type=%5Bpassword%5D&scope=%5Bserver%5D&sn=%5B3981293B102%5D&username=%5Badmin%5D', 330, '0', NULL, '2023-05-31 11:29:41', '2023-05-31 11:29:41', 'admin', 'admin');
INSERT INTO `sys_log` VALUES (1663749649173450754, '0', '登录成功', 'web', '127.0.0.1', 'Apifox/1.0.0 (https://apifox.com)', '/oauth2/token', 'POST', 'password=%5B123456%5D&grant_type=%5Bpassword%5D&scope=%5Bserver%5D&hosId=%5B1659018792143663105%5D&username=%5Badmin%5D', 711, '0', NULL, '2023-05-31 11:30:02', '2023-05-31 11:30:02', 'admin', 'admin');
INSERT INTO `sys_log` VALUES (1663749809798516737, '9', '登录失败', 'web', '127.0.0.1', 'Mozilla/5.0 (Windows NT 10.0; Win64; x64) AppleWebKit/537.36 (KHTML, like Gecko) Chrome/113.0.0.0 Safari/537.36', '/token/check_token', 'GET', 'token=%5Bc3b4b667-aef5-469e-a057-e5cac76d9873%5D', 15, '0', 'invalid_bearer_token', '2023-05-31 11:30:40', '2023-05-31 11:30:40', 'anonymousUser', 'anonymousUser');
INSERT INTO `sys_log` VALUES (1663750061347704833, '9', '登录失败', 'web', '127.0.0.1', 'Mozilla/5.0 (Windows NT 10.0; Win64; x64) AppleWebKit/537.36 (KHTML, like Gecko) Chrome/113.0.0.0 Safari/537.36', '/token/check_token', 'GET', 'token=%5Bc3b4b667-aef5-469e-a057-e5cac76d9873%5D', 12, '0', 'invalid_bearer_token', '2023-05-31 11:31:40', '2023-05-31 11:31:40', 'anonymousUser', 'anonymousUser');
INSERT INTO `sys_log` VALUES (1663750313106608129, '9', '登录失败', 'web', '127.0.0.1', 'Mozilla/5.0 (Windows NT 10.0; Win64; x64) AppleWebKit/537.36 (KHTML, like Gecko) Chrome/113.0.0.0 Safari/537.36', '/token/check_token', 'GET', 'token=%5Bc3b4b667-aef5-469e-a057-e5cac76d9873%5D', 14, '0', 'invalid_bearer_token', '2023-05-31 11:32:40', '2023-05-31 11:32:40', 'anonymousUser', 'anonymousUser');
INSERT INTO `sys_log` VALUES (1663750564722905090, '9', '登录失败', 'web', '127.0.0.1', 'Mozilla/5.0 (Windows NT 10.0; Win64; x64) AppleWebKit/537.36 (KHTML, like Gecko) Chrome/113.0.0.0 Safari/537.36', '/token/check_token', 'GET', 'token=%5Bc3b4b667-aef5-469e-a057-e5cac76d9873%5D', 12, '0', 'invalid_bearer_token', '2023-05-31 11:33:40', '2023-05-31 11:33:40', 'anonymousUser', 'anonymousUser');
INSERT INTO `sys_log` VALUES (1663750816460836865, '9', '登录失败', 'web', '127.0.0.1', 'Mozilla/5.0 (Windows NT 10.0; Win64; x64) AppleWebKit/537.36 (KHTML, like Gecko) Chrome/113.0.0.0 Safari/537.36', '/token/check_token', 'GET', 'token=%5Bc3b4b667-aef5-469e-a057-e5cac76d9873%5D', 10, '0', 'invalid_bearer_token', '2023-05-31 11:34:40', '2023-05-31 11:34:40', 'anonymousUser', 'anonymousUser');
INSERT INTO `sys_log` VALUES (1663751068035190786, '9', '登录失败', 'web', '127.0.0.1', 'Mozilla/5.0 (Windows NT 10.0; Win64; x64) AppleWebKit/537.36 (KHTML, like Gecko) Chrome/113.0.0.0 Safari/537.36', '/token/check_token', 'GET', 'token=%5Bc3b4b667-aef5-469e-a057-e5cac76d9873%5D', 11, '0', 'invalid_bearer_token', '2023-05-31 11:35:40', '2023-05-31 11:35:40', 'anonymousUser', 'anonymousUser');
INSERT INTO `sys_log` VALUES (1663751319731179521, '9', '登录失败', 'web', '127.0.0.1', 'Mozilla/5.0 (Windows NT 10.0; Win64; x64) AppleWebKit/537.36 (KHTML, like Gecko) Chrome/113.0.0.0 Safari/537.36', '/token/check_token', 'GET', 'token=%5Bc3b4b667-aef5-469e-a057-e5cac76d9873%5D', 12, '0', 'invalid_bearer_token', '2023-05-31 11:36:40', '2023-05-31 11:36:40', 'anonymousUser', 'anonymousUser');
INSERT INTO `sys_log` VALUES (1663751571385225217, '9', '登录失败', 'web', '127.0.0.1', 'Mozilla/5.0 (Windows NT 10.0; Win64; x64) AppleWebKit/537.36 (KHTML, like Gecko) Chrome/113.0.0.0 Safari/537.36', '/token/check_token', 'GET', 'token=%5Bc3b4b667-aef5-469e-a057-e5cac76d9873%5D', 11, '0', 'invalid_bearer_token', '2023-05-31 11:37:40', '2023-05-31 11:37:40', 'anonymousUser', 'anonymousUser');
INSERT INTO `sys_log` VALUES (1663751823068631041, '9', '登录失败', 'web', '127.0.0.1', 'Mozilla/5.0 (Windows NT 10.0; Win64; x64) AppleWebKit/537.36 (KHTML, like Gecko) Chrome/113.0.0.0 Safari/537.36', '/token/check_token', 'GET', 'token=%5Bc3b4b667-aef5-469e-a057-e5cac76d9873%5D', 12, '0', 'invalid_bearer_token', '2023-05-31 11:38:40', '2023-05-31 11:38:40', 'anonymousUser', 'anonymousUser');
INSERT INTO `sys_log` VALUES (1663752074655567874, '9', '登录失败', 'web', '127.0.0.1', 'Mozilla/5.0 (Windows NT 10.0; Win64; x64) AppleWebKit/537.36 (KHTML, like Gecko) Chrome/113.0.0.0 Safari/537.36', '/token/check_token', 'GET', 'token=%5Bc3b4b667-aef5-469e-a057-e5cac76d9873%5D', 11, '0', 'invalid_bearer_token', '2023-05-31 11:39:40', '2023-05-31 11:39:40', 'anonymousUser', 'anonymousUser');
INSERT INTO `sys_log` VALUES (1663752326334779393, '9', '登录失败', 'web', '127.0.0.1', 'Mozilla/5.0 (Windows NT 10.0; Win64; x64) AppleWebKit/537.36 (KHTML, like Gecko) Chrome/113.0.0.0 Safari/537.36', '/token/check_token', 'GET', 'token=%5Bc3b4b667-aef5-469e-a057-e5cac76d9873%5D', 13, '0', 'invalid_bearer_token', '2023-05-31 11:40:40', '2023-05-31 11:40:40', 'anonymousUser', 'anonymousUser');
INSERT INTO `sys_log` VALUES (1663752578097876994, '9', '登录失败', 'web', '127.0.0.1', 'Mozilla/5.0 (Windows NT 10.0; Win64; x64) AppleWebKit/537.36 (KHTML, like Gecko) Chrome/113.0.0.0 Safari/537.36', '/token/check_token', 'GET', 'token=%5Bc3b4b667-aef5-469e-a057-e5cac76d9873%5D', 18, '0', 'invalid_bearer_token', '2023-05-31 11:41:40', '2023-05-31 11:41:40', 'anonymousUser', 'anonymousUser');
INSERT INTO `sys_log` VALUES (1663752829777088514, '9', '登录失败', 'web', '127.0.0.1', 'Mozilla/5.0 (Windows NT 10.0; Win64; x64) AppleWebKit/537.36 (KHTML, like Gecko) Chrome/113.0.0.0 Safari/537.36', '/token/check_token', 'GET', 'token=%5Bc3b4b667-aef5-469e-a057-e5cac76d9873%5D', 20, '0', 'invalid_bearer_token', '2023-05-31 11:42:40', '2023-05-31 11:42:40', 'anonymousUser', 'anonymousUser');
INSERT INTO `sys_log` VALUES (1663753081393385473, '9', '登录失败', 'web', '127.0.0.1', 'Mozilla/5.0 (Windows NT 10.0; Win64; x64) AppleWebKit/537.36 (KHTML, like Gecko) Chrome/113.0.0.0 Safari/537.36', '/token/check_token', 'GET', 'token=%5Bc3b4b667-aef5-469e-a057-e5cac76d9873%5D', 23, '0', 'invalid_bearer_token', '2023-05-31 11:43:40', '2023-05-31 11:43:40', 'anonymousUser', 'anonymousUser');
INSERT INTO `sys_log` VALUES (1663753332992905218, '9', '登录失败', 'web', '127.0.0.1', 'Mozilla/5.0 (Windows NT 10.0; Win64; x64) AppleWebKit/537.36 (KHTML, like Gecko) Chrome/113.0.0.0 Safari/537.36', '/token/check_token', 'GET', 'token=%5Bc3b4b667-aef5-469e-a057-e5cac76d9873%5D', 12, '0', 'invalid_bearer_token', '2023-05-31 11:44:40', '2023-05-31 11:44:40', 'anonymousUser', 'anonymousUser');
INSERT INTO `sys_log` VALUES (1663753584680505345, '9', '登录失败', 'web', '127.0.0.1', 'Mozilla/5.0 (Windows NT 10.0; Win64; x64) AppleWebKit/537.36 (KHTML, like Gecko) Chrome/113.0.0.0 Safari/537.36', '/token/check_token', 'GET', 'token=%5Bc3b4b667-aef5-469e-a057-e5cac76d9873%5D', 9, '0', 'invalid_bearer_token', '2023-05-31 11:45:40', '2023-05-31 11:45:40', 'anonymousUser', 'anonymousUser');
INSERT INTO `sys_log` VALUES (1663753836359716865, '9', '登录失败', 'web', '127.0.0.1', 'Mozilla/5.0 (Windows NT 10.0; Win64; x64) AppleWebKit/537.36 (KHTML, like Gecko) Chrome/113.0.0.0 Safari/537.36', '/token/check_token', 'GET', 'token=%5Bc3b4b667-aef5-469e-a057-e5cac76d9873%5D', 14, '0', 'invalid_bearer_token', '2023-05-31 11:46:40', '2023-05-31 11:46:40', 'anonymousUser', 'anonymousUser');
INSERT INTO `sys_log` VALUES (1663754087988596737, '9', '登录失败', 'web', '127.0.0.1', 'Mozilla/5.0 (Windows NT 10.0; Win64; x64) AppleWebKit/537.36 (KHTML, like Gecko) Chrome/113.0.0.0 Safari/537.36', '/token/check_token', 'GET', 'token=%5Bc3b4b667-aef5-469e-a057-e5cac76d9873%5D', 11, '0', 'invalid_bearer_token', '2023-05-31 11:47:40', '2023-05-31 11:47:40', 'anonymousUser', 'anonymousUser');
INSERT INTO `sys_log` VALUES (1663754339550367746, '9', '登录失败', 'web', '127.0.0.1', 'Mozilla/5.0 (Windows NT 10.0; Win64; x64) AppleWebKit/537.36 (KHTML, like Gecko) Chrome/113.0.0.0 Safari/537.36', '/token/check_token', 'GET', 'token=%5Bc3b4b667-aef5-469e-a057-e5cac76d9873%5D', 11, '0', 'invalid_bearer_token', '2023-05-31 11:48:40', '2023-05-31 11:48:40', 'anonymousUser', 'anonymousUser');
INSERT INTO `sys_log` VALUES (1663754591246356481, '9', '登录失败', 'web', '127.0.0.1', 'Mozilla/5.0 (Windows NT 10.0; Win64; x64) AppleWebKit/537.36 (KHTML, like Gecko) Chrome/113.0.0.0 Safari/537.36', '/token/check_token', 'GET', 'token=%5Bc3b4b667-aef5-469e-a057-e5cac76d9873%5D', 11, '0', 'invalid_bearer_token', '2023-05-31 11:49:40', '2023-05-31 11:49:40', 'anonymousUser', 'anonymousUser');
INSERT INTO `sys_log` VALUES (1663754842959122433, '9', '登录失败', 'web', '127.0.0.1', 'Mozilla/5.0 (Windows NT 10.0; Win64; x64) AppleWebKit/537.36 (KHTML, like Gecko) Chrome/113.0.0.0 Safari/537.36', '/token/check_token', 'GET', 'token=%5Bc3b4b667-aef5-469e-a057-e5cac76d9873%5D', 16, '0', 'invalid_bearer_token', '2023-05-31 11:50:40', '2023-05-31 11:50:40', 'anonymousUser', 'anonymousUser');
INSERT INTO `sys_log` VALUES (1663755094625751042, '9', '登录失败', 'web', '127.0.0.1', 'Mozilla/5.0 (Windows NT 10.0; Win64; x64) AppleWebKit/537.36 (KHTML, like Gecko) Chrome/113.0.0.0 Safari/537.36', '/token/check_token', 'GET', 'token=%5Bc3b4b667-aef5-469e-a057-e5cac76d9873%5D', 19, '0', 'invalid_bearer_token', '2023-05-31 11:51:40', '2023-05-31 11:51:40', 'anonymousUser', 'anonymousUser');
INSERT INTO `sys_log` VALUES (1663755346183327746, '9', '登录失败', 'web', '127.0.0.1', 'Mozilla/5.0 (Windows NT 10.0; Win64; x64) AppleWebKit/537.36 (KHTML, like Gecko) Chrome/113.0.0.0 Safari/537.36', '/token/check_token', 'GET', 'token=%5Bc3b4b667-aef5-469e-a057-e5cac76d9873%5D', 12, '0', 'invalid_bearer_token', '2023-05-31 11:52:40', '2023-05-31 11:52:40', 'anonymousUser', 'anonymousUser');
INSERT INTO `sys_log` VALUES (1663755597946425345, '9', '登录失败', 'web', '127.0.0.1', 'Mozilla/5.0 (Windows NT 10.0; Win64; x64) AppleWebKit/537.36 (KHTML, like Gecko) Chrome/113.0.0.0 Safari/537.36', '/token/check_token', 'GET', 'token=%5Bc3b4b667-aef5-469e-a057-e5cac76d9873%5D', 11, '0', 'invalid_bearer_token', '2023-05-31 11:53:40', '2023-05-31 11:53:40', 'anonymousUser', 'anonymousUser');
INSERT INTO `sys_log` VALUES (1663755849667579906, '9', '登录失败', 'web', '127.0.0.1', 'Mozilla/5.0 (Windows NT 10.0; Win64; x64) AppleWebKit/537.36 (KHTML, like Gecko) Chrome/113.0.0.0 Safari/537.36', '/token/check_token', 'GET', 'token=%5Bc3b4b667-aef5-469e-a057-e5cac76d9873%5D', 13, '0', 'invalid_bearer_token', '2023-05-31 11:54:40', '2023-05-31 11:54:40', 'anonymousUser', 'anonymousUser');
INSERT INTO `sys_log` VALUES (1663756101220962305, '9', '登录失败', 'web', '127.0.0.1', 'Mozilla/5.0 (Windows NT 10.0; Win64; x64) AppleWebKit/537.36 (KHTML, like Gecko) Chrome/113.0.0.0 Safari/537.36', '/token/check_token', 'GET', 'token=%5Bc3b4b667-aef5-469e-a057-e5cac76d9873%5D', 14, '0', 'invalid_bearer_token', '2023-05-31 11:55:40', '2023-05-31 11:55:40', 'anonymousUser', 'anonymousUser');
INSERT INTO `sys_log` VALUES (1663756352929533953, '9', '登录失败', 'web', '127.0.0.1', 'Mozilla/5.0 (Windows NT 10.0; Win64; x64) AppleWebKit/537.36 (KHTML, like Gecko) Chrome/113.0.0.0 Safari/537.36', '/token/check_token', 'GET', 'token=%5Bc3b4b667-aef5-469e-a057-e5cac76d9873%5D', 15, '0', 'invalid_bearer_token', '2023-05-31 11:56:40', '2023-05-31 11:56:40', 'anonymousUser', 'anonymousUser');
INSERT INTO `sys_log` VALUES (1663756604621328385, '9', '登录失败', 'web', '127.0.0.1', 'Mozilla/5.0 (Windows NT 10.0; Win64; x64) AppleWebKit/537.36 (KHTML, like Gecko) Chrome/113.0.0.0 Safari/537.36', '/token/check_token', 'GET', 'token=%5Bc3b4b667-aef5-469e-a057-e5cac76d9873%5D', 15, '0', 'invalid_bearer_token', '2023-05-31 11:57:40', '2023-05-31 11:57:40', 'anonymousUser', 'anonymousUser');
INSERT INTO `sys_log` VALUES (1663756856271179777, '9', '登录失败', 'web', '127.0.0.1', 'Mozilla/5.0 (Windows NT 10.0; Win64; x64) AppleWebKit/537.36 (KHTML, like Gecko) Chrome/113.0.0.0 Safari/537.36', '/token/check_token', 'GET', 'token=%5Bc3b4b667-aef5-469e-a057-e5cac76d9873%5D', 15, '0', 'invalid_bearer_token', '2023-05-31 11:58:40', '2023-05-31 11:58:40', 'anonymousUser', 'anonymousUser');
INSERT INTO `sys_log` VALUES (1663757107971362817, '9', '登录失败', 'web', '127.0.0.1', 'Mozilla/5.0 (Windows NT 10.0; Win64; x64) AppleWebKit/537.36 (KHTML, like Gecko) Chrome/113.0.0.0 Safari/537.36', '/token/check_token', 'GET', 'token=%5Bc3b4b667-aef5-469e-a057-e5cac76d9873%5D', 16, '0', 'invalid_bearer_token', '2023-05-31 11:59:40', '2023-05-31 11:59:40', 'anonymousUser', 'anonymousUser');
INSERT INTO `sys_log` VALUES (1663757359633797122, '9', '登录失败', 'web', '127.0.0.1', 'Mozilla/5.0 (Windows NT 10.0; Win64; x64) AppleWebKit/537.36 (KHTML, like Gecko) Chrome/113.0.0.0 Safari/537.36', '/token/check_token', 'GET', 'token=%5Bc3b4b667-aef5-469e-a057-e5cac76d9873%5D', 19, '0', 'invalid_bearer_token', '2023-05-31 12:00:40', '2023-05-31 12:00:40', 'anonymousUser', 'anonymousUser');
INSERT INTO `sys_log` VALUES (1663757611241705473, '9', '登录失败', 'web', '127.0.0.1', 'Mozilla/5.0 (Windows NT 10.0; Win64; x64) AppleWebKit/537.36 (KHTML, like Gecko) Chrome/113.0.0.0 Safari/537.36', '/token/check_token', 'GET', 'token=%5Bc3b4b667-aef5-469e-a057-e5cac76d9873%5D', 13, '0', 'invalid_bearer_token', '2023-05-31 12:01:40', '2023-05-31 12:01:40', 'anonymousUser', 'anonymousUser');
INSERT INTO `sys_log` VALUES (1663757862937694210, '9', '登录失败', 'web', '127.0.0.1', 'Mozilla/5.0 (Windows NT 10.0; Win64; x64) AppleWebKit/537.36 (KHTML, like Gecko) Chrome/113.0.0.0 Safari/537.36', '/token/check_token', 'GET', 'token=%5Bc3b4b667-aef5-469e-a057-e5cac76d9873%5D', 12, '0', 'invalid_bearer_token', '2023-05-31 12:02:40', '2023-05-31 12:02:40', 'anonymousUser', 'anonymousUser');
INSERT INTO `sys_log` VALUES (1663758114574962690, '9', '登录失败', 'web', '127.0.0.1', 'Mozilla/5.0 (Windows NT 10.0; Win64; x64) AppleWebKit/537.36 (KHTML, like Gecko) Chrome/113.0.0.0 Safari/537.36', '/token/check_token', 'GET', 'token=%5Bc3b4b667-aef5-469e-a057-e5cac76d9873%5D', 19, '0', 'invalid_bearer_token', '2023-05-31 12:03:40', '2023-05-31 12:03:40', 'anonymousUser', 'anonymousUser');
INSERT INTO `sys_log` VALUES (1663758366216425474, '9', '登录失败', 'web', '127.0.0.1', 'Mozilla/5.0 (Windows NT 10.0; Win64; x64) AppleWebKit/537.36 (KHTML, like Gecko) Chrome/113.0.0.0 Safari/537.36', '/token/check_token', 'GET', 'token=%5Bc3b4b667-aef5-469e-a057-e5cac76d9873%5D', 16, '0', 'invalid_bearer_token', '2023-05-31 12:04:40', '2023-05-31 12:04:40', 'anonymousUser', 'anonymousUser');
INSERT INTO `sys_log` VALUES (1663758617824333826, '9', '登录失败', 'web', '127.0.0.1', 'Mozilla/5.0 (Windows NT 10.0; Win64; x64) AppleWebKit/537.36 (KHTML, like Gecko) Chrome/113.0.0.0 Safari/537.36', '/token/check_token', 'GET', 'token=%5Bc3b4b667-aef5-469e-a057-e5cac76d9873%5D', 9, '0', 'invalid_bearer_token', '2023-05-31 12:05:40', '2023-05-31 12:05:40', 'anonymousUser', 'anonymousUser');
INSERT INTO `sys_log` VALUES (1663758869503545345, '9', '登录失败', 'web', '127.0.0.1', 'Mozilla/5.0 (Windows NT 10.0; Win64; x64) AppleWebKit/537.36 (KHTML, like Gecko) Chrome/113.0.0.0 Safari/537.36', '/token/check_token', 'GET', 'token=%5Bc3b4b667-aef5-469e-a057-e5cac76d9873%5D', 10, '0', 'invalid_bearer_token', '2023-05-31 12:06:40', '2023-05-31 12:06:40', 'anonymousUser', 'anonymousUser');
INSERT INTO `sys_log` VALUES (1663759121300197378, '9', '登录失败', 'web', '127.0.0.1', 'Mozilla/5.0 (Windows NT 10.0; Win64; x64) AppleWebKit/537.36 (KHTML, like Gecko) Chrome/113.0.0.0 Safari/537.36', '/token/check_token', 'GET', 'token=%5Bc3b4b667-aef5-469e-a057-e5cac76d9873%5D', 43, '0', 'invalid_bearer_token', '2023-05-31 12:07:40', '2023-05-31 12:07:40', 'anonymousUser', 'anonymousUser');
INSERT INTO `sys_log` VALUES (1663759372752916481, '9', '登录失败', 'web', '127.0.0.1', 'Mozilla/5.0 (Windows NT 10.0; Win64; x64) AppleWebKit/537.36 (KHTML, like Gecko) Chrome/113.0.0.0 Safari/537.36', '/token/check_token', 'GET', 'token=%5Bc3b4b667-aef5-469e-a057-e5cac76d9873%5D', 9, '0', 'invalid_bearer_token', '2023-05-31 12:08:40', '2023-05-31 12:08:40', 'anonymousUser', 'anonymousUser');
INSERT INTO `sys_log` VALUES (1663759624465682433, '9', '登录失败', 'web', '127.0.0.1', 'Mozilla/5.0 (Windows NT 10.0; Win64; x64) AppleWebKit/537.36 (KHTML, like Gecko) Chrome/113.0.0.0 Safari/537.36', '/token/check_token', 'GET', 'token=%5Bc3b4b667-aef5-469e-a057-e5cac76d9873%5D', 8, '0', 'invalid_bearer_token', '2023-05-31 12:09:40', '2023-05-31 12:09:40', 'anonymousUser', 'anonymousUser');
INSERT INTO `sys_log` VALUES (1663759876098756610, '9', '登录失败', 'web', '127.0.0.1', 'Mozilla/5.0 (Windows NT 10.0; Win64; x64) AppleWebKit/537.36 (KHTML, like Gecko) Chrome/113.0.0.0 Safari/537.36', '/token/check_token', 'GET', 'token=%5Bc3b4b667-aef5-469e-a057-e5cac76d9873%5D', 9, '0', 'invalid_bearer_token', '2023-05-31 12:10:40', '2023-05-31 12:10:40', 'anonymousUser', 'anonymousUser');
INSERT INTO `sys_log` VALUES (1663760127694082050, '9', '登录失败', 'web', '127.0.0.1', 'Mozilla/5.0 (Windows NT 10.0; Win64; x64) AppleWebKit/537.36 (KHTML, like Gecko) Chrome/113.0.0.0 Safari/537.36', '/token/check_token', 'GET', 'token=%5Bc3b4b667-aef5-469e-a057-e5cac76d9873%5D', 8, '0', 'invalid_bearer_token', '2023-05-31 12:11:40', '2023-05-31 12:11:40', 'anonymousUser', 'anonymousUser');
INSERT INTO `sys_log` VALUES (1663760379448791041, '9', '登录失败', 'web', '127.0.0.1', 'Mozilla/5.0 (Windows NT 10.0; Win64; x64) AppleWebKit/537.36 (KHTML, like Gecko) Chrome/113.0.0.0 Safari/537.36', '/token/check_token', 'GET', 'token=%5Bc3b4b667-aef5-469e-a057-e5cac76d9873%5D', 12, '0', 'invalid_bearer_token', '2023-05-31 12:12:40', '2023-05-31 12:12:40', 'anonymousUser', 'anonymousUser');
INSERT INTO `sys_log` VALUES (1663760631119613954, '9', '登录失败', 'web', '127.0.0.1', 'Mozilla/5.0 (Windows NT 10.0; Win64; x64) AppleWebKit/537.36 (KHTML, like Gecko) Chrome/113.0.0.0 Safari/537.36', '/token/check_token', 'GET', 'token=%5Bc3b4b667-aef5-469e-a057-e5cac76d9873%5D', 9, '0', 'invalid_bearer_token', '2023-05-31 12:13:40', '2023-05-31 12:13:40', 'anonymousUser', 'anonymousUser');
INSERT INTO `sys_log` VALUES (1663760882727522305, '9', '登录失败', 'web', '127.0.0.1', 'Mozilla/5.0 (Windows NT 10.0; Win64; x64) AppleWebKit/537.36 (KHTML, like Gecko) Chrome/113.0.0.0 Safari/537.36', '/token/check_token', 'GET', 'token=%5Bc3b4b667-aef5-469e-a057-e5cac76d9873%5D', 10, '0', 'invalid_bearer_token', '2023-05-31 12:14:40', '2023-05-31 12:14:40', 'anonymousUser', 'anonymousUser');
INSERT INTO `sys_log` VALUES (1663761134427705346, '9', '登录失败', 'web', '127.0.0.1', 'Mozilla/5.0 (Windows NT 10.0; Win64; x64) AppleWebKit/537.36 (KHTML, like Gecko) Chrome/113.0.0.0 Safari/537.36', '/token/check_token', 'GET', 'token=%5Bc3b4b667-aef5-469e-a057-e5cac76d9873%5D', 10, '0', 'invalid_bearer_token', '2023-05-31 12:15:40', '2023-05-31 12:15:40', 'anonymousUser', 'anonymousUser');
INSERT INTO `sys_log` VALUES (1663761386044002306, '9', '登录失败', 'web', '127.0.0.1', 'Mozilla/5.0 (Windows NT 10.0; Win64; x64) AppleWebKit/537.36 (KHTML, like Gecko) Chrome/113.0.0.0 Safari/537.36', '/token/check_token', 'GET', 'token=%5Bc3b4b667-aef5-469e-a057-e5cac76d9873%5D', 10, '0', 'invalid_bearer_token', '2023-05-31 12:16:40', '2023-05-31 12:16:40', 'anonymousUser', 'anonymousUser');
INSERT INTO `sys_log` VALUES (1663761637698048001, '9', '登录失败', 'web', '127.0.0.1', 'Mozilla/5.0 (Windows NT 10.0; Win64; x64) AppleWebKit/537.36 (KHTML, like Gecko) Chrome/113.0.0.0 Safari/537.36', '/token/check_token', 'GET', 'token=%5Bc3b4b667-aef5-469e-a057-e5cac76d9873%5D', 11, '0', 'invalid_bearer_token', '2023-05-31 12:17:40', '2023-05-31 12:17:40', 'anonymousUser', 'anonymousUser');
INSERT INTO `sys_log` VALUES (1663761889402425345, '9', '登录失败', 'web', '127.0.0.1', 'Mozilla/5.0 (Windows NT 10.0; Win64; x64) AppleWebKit/537.36 (KHTML, like Gecko) Chrome/113.0.0.0 Safari/537.36', '/token/check_token', 'GET', 'token=%5Bc3b4b667-aef5-469e-a057-e5cac76d9873%5D', 13, '0', 'invalid_bearer_token', '2023-05-31 12:18:40', '2023-05-31 12:18:40', 'anonymousUser', 'anonymousUser');
INSERT INTO `sys_log` VALUES (1663762141043888130, '9', '登录失败', 'web', '127.0.0.1', 'Mozilla/5.0 (Windows NT 10.0; Win64; x64) AppleWebKit/537.36 (KHTML, like Gecko) Chrome/113.0.0.0 Safari/537.36', '/token/check_token', 'GET', 'token=%5Bc3b4b667-aef5-469e-a057-e5cac76d9873%5D', 11, '0', 'invalid_bearer_token', '2023-05-31 12:19:40', '2023-05-31 12:19:40', 'anonymousUser', 'anonymousUser');
INSERT INTO `sys_log` VALUES (1663762392786014209, '9', '登录失败', 'web', '127.0.0.1', 'Mozilla/5.0 (Windows NT 10.0; Win64; x64) AppleWebKit/537.36 (KHTML, like Gecko) Chrome/113.0.0.0 Safari/537.36', '/token/check_token', 'GET', 'token=%5Bc3b4b667-aef5-469e-a057-e5cac76d9873%5D', 11, '0', 'invalid_bearer_token', '2023-05-31 12:20:40', '2023-05-31 12:20:40', 'anonymousUser', 'anonymousUser');
INSERT INTO `sys_log` VALUES (1663762644372951041, '9', '登录失败', 'web', '127.0.0.1', 'Mozilla/5.0 (Windows NT 10.0; Win64; x64) AppleWebKit/537.36 (KHTML, like Gecko) Chrome/113.0.0.0 Safari/537.36', '/token/check_token', 'GET', 'token=%5Bc3b4b667-aef5-469e-a057-e5cac76d9873%5D', 16, '0', 'invalid_bearer_token', '2023-05-31 12:21:40', '2023-05-31 12:21:40', 'anonymousUser', 'anonymousUser');
INSERT INTO `sys_log` VALUES (1663762896068939777, '9', '登录失败', 'web', '127.0.0.1', 'Mozilla/5.0 (Windows NT 10.0; Win64; x64) AppleWebKit/537.36 (KHTML, like Gecko) Chrome/113.0.0.0 Safari/537.36', '/token/check_token', 'GET', 'token=%5Bc3b4b667-aef5-469e-a057-e5cac76d9873%5D', 12, '0', 'invalid_bearer_token', '2023-05-31 12:22:40', '2023-05-31 12:22:40', 'anonymousUser', 'anonymousUser');
INSERT INTO `sys_log` VALUES (1663763147697819649, '9', '登录失败', 'web', '127.0.0.1', 'Mozilla/5.0 (Windows NT 10.0; Win64; x64) AppleWebKit/537.36 (KHTML, like Gecko) Chrome/113.0.0.0 Safari/537.36', '/token/check_token', 'GET', 'token=%5Bc3b4b667-aef5-469e-a057-e5cac76d9873%5D', 12, '0', 'invalid_bearer_token', '2023-05-31 12:23:40', '2023-05-31 12:23:40', 'anonymousUser', 'anonymousUser');
INSERT INTO `sys_log` VALUES (1663763399423168513, '9', '登录失败', 'web', '127.0.0.1', 'Mozilla/5.0 (Windows NT 10.0; Win64; x64) AppleWebKit/537.36 (KHTML, like Gecko) Chrome/113.0.0.0 Safari/537.36', '/token/check_token', 'GET', 'token=%5Bc3b4b667-aef5-469e-a057-e5cac76d9873%5D', 13, '0', 'invalid_bearer_token', '2023-05-31 12:24:40', '2023-05-31 12:24:40', 'anonymousUser', 'anonymousUser');
INSERT INTO `sys_log` VALUES (1663763651085602817, '9', '登录失败', 'web', '127.0.0.1', 'Mozilla/5.0 (Windows NT 10.0; Win64; x64) AppleWebKit/537.36 (KHTML, like Gecko) Chrome/113.0.0.0 Safari/537.36', '/token/check_token', 'GET', 'token=%5Bc3b4b667-aef5-469e-a057-e5cac76d9873%5D', 12, '0', 'invalid_bearer_token', '2023-05-31 12:25:40', '2023-05-31 12:25:40', 'anonymousUser', 'anonymousUser');
INSERT INTO `sys_log` VALUES (1663763902748037122, '9', '登录失败', 'web', '127.0.0.1', 'Mozilla/5.0 (Windows NT 10.0; Win64; x64) AppleWebKit/537.36 (KHTML, like Gecko) Chrome/113.0.0.0 Safari/537.36', '/token/check_token', 'GET', 'token=%5Bc3b4b667-aef5-469e-a057-e5cac76d9873%5D', 12, '0', 'invalid_bearer_token', '2023-05-31 12:26:40', '2023-05-31 12:26:40', 'anonymousUser', 'anonymousUser');
INSERT INTO `sys_log` VALUES (1663764154385305601, '9', '登录失败', 'web', '127.0.0.1', 'Mozilla/5.0 (Windows NT 10.0; Win64; x64) AppleWebKit/537.36 (KHTML, like Gecko) Chrome/113.0.0.0 Safari/537.36', '/token/check_token', 'GET', 'token=%5Bc3b4b667-aef5-469e-a057-e5cac76d9873%5D', 12, '0', 'invalid_bearer_token', '2023-05-31 12:27:40', '2023-05-31 12:27:40', 'anonymousUser', 'anonymousUser');
INSERT INTO `sys_log` VALUES (1663764406022574082, '9', '登录失败', 'web', '127.0.0.1', 'Mozilla/5.0 (Windows NT 10.0; Win64; x64) AppleWebKit/537.36 (KHTML, like Gecko) Chrome/113.0.0.0 Safari/537.36', '/token/check_token', 'GET', 'token=%5Bc3b4b667-aef5-469e-a057-e5cac76d9873%5D', 16, '0', 'invalid_bearer_token', '2023-05-31 12:28:40', '2023-05-31 12:28:40', 'anonymousUser', 'anonymousUser');
INSERT INTO `sys_log` VALUES (1663764657584345089, '9', '登录失败', 'web', '127.0.0.1', 'Mozilla/5.0 (Windows NT 10.0; Win64; x64) AppleWebKit/537.36 (KHTML, like Gecko) Chrome/113.0.0.0 Safari/537.36', '/token/check_token', 'GET', 'token=%5Bc3b4b667-aef5-469e-a057-e5cac76d9873%5D', 11, '0', 'invalid_bearer_token', '2023-05-31 12:29:40', '2023-05-31 12:29:40', 'anonymousUser', 'anonymousUser');
INSERT INTO `sys_log` VALUES (1663764909368414210, '9', '登录失败', 'web', '127.0.0.1', 'Mozilla/5.0 (Windows NT 10.0; Win64; x64) AppleWebKit/537.36 (KHTML, like Gecko) Chrome/113.0.0.0 Safari/537.36', '/token/check_token', 'GET', 'token=%5Bc3b4b667-aef5-469e-a057-e5cac76d9873%5D', 12, '0', 'invalid_bearer_token', '2023-05-31 12:30:40', '2023-05-31 12:30:40', 'anonymousUser', 'anonymousUser');
INSERT INTO `sys_log` VALUES (1663765160967933953, '9', '登录失败', 'web', '127.0.0.1', 'Mozilla/5.0 (Windows NT 10.0; Win64; x64) AppleWebKit/537.36 (KHTML, like Gecko) Chrome/113.0.0.0 Safari/537.36', '/token/check_token', 'GET', 'token=%5Bc3b4b667-aef5-469e-a057-e5cac76d9873%5D', 13, '0', 'invalid_bearer_token', '2023-05-31 12:31:40', '2023-05-31 12:31:40', 'anonymousUser', 'anonymousUser');
INSERT INTO `sys_log` VALUES (1663765412609396737, '9', '登录失败', 'web', '127.0.0.1', 'Mozilla/5.0 (Windows NT 10.0; Win64; x64) AppleWebKit/537.36 (KHTML, like Gecko) Chrome/113.0.0.0 Safari/537.36', '/token/check_token', 'GET', 'token=%5Bc3b4b667-aef5-469e-a057-e5cac76d9873%5D', 14, '0', 'invalid_bearer_token', '2023-05-31 12:32:40', '2023-05-31 12:32:40', 'anonymousUser', 'anonymousUser');
INSERT INTO `sys_log` VALUES (1663765664288608258, '9', '登录失败', 'web', '127.0.0.1', 'Mozilla/5.0 (Windows NT 10.0; Win64; x64) AppleWebKit/537.36 (KHTML, like Gecko) Chrome/113.0.0.0 Safari/537.36', '/token/check_token', 'GET', 'token=%5Bc3b4b667-aef5-469e-a057-e5cac76d9873%5D', 12, '0', 'invalid_bearer_token', '2023-05-31 12:33:40', '2023-05-31 12:33:40', 'anonymousUser', 'anonymousUser');
INSERT INTO `sys_log` VALUES (1663765916068483073, '9', '登录失败', 'web', '127.0.0.1', 'Mozilla/5.0 (Windows NT 10.0; Win64; x64) AppleWebKit/537.36 (KHTML, like Gecko) Chrome/113.0.0.0 Safari/537.36', '/token/check_token', 'GET', 'token=%5Bc3b4b667-aef5-469e-a057-e5cac76d9873%5D', 13, '0', 'invalid_bearer_token', '2023-05-31 12:34:40', '2023-05-31 12:34:40', 'anonymousUser', 'anonymousUser');
INSERT INTO `sys_log` VALUES (1663766167605088258, '9', '登录失败', 'web', '127.0.0.1', 'Mozilla/5.0 (Windows NT 10.0; Win64; x64) AppleWebKit/537.36 (KHTML, like Gecko) Chrome/113.0.0.0 Safari/537.36', '/token/check_token', 'GET', 'token=%5Bc3b4b667-aef5-469e-a057-e5cac76d9873%5D', 11, '0', 'invalid_bearer_token', '2023-05-31 12:35:40', '2023-05-31 12:35:40', 'anonymousUser', 'anonymousUser');
INSERT INTO `sys_log` VALUES (1663766419301076993, '9', '登录失败', 'web', '127.0.0.1', 'Mozilla/5.0 (Windows NT 10.0; Win64; x64) AppleWebKit/537.36 (KHTML, like Gecko) Chrome/113.0.0.0 Safari/537.36', '/token/check_token', 'GET', 'token=%5Bc3b4b667-aef5-469e-a057-e5cac76d9873%5D', 13, '0', 'invalid_bearer_token', '2023-05-31 12:36:40', '2023-05-31 12:36:40', 'anonymousUser', 'anonymousUser');
INSERT INTO `sys_log` VALUES (1663766670921568257, '9', '登录失败', 'web', '127.0.0.1', 'Mozilla/5.0 (Windows NT 10.0; Win64; x64) AppleWebKit/537.36 (KHTML, like Gecko) Chrome/113.0.0.0 Safari/537.36', '/token/check_token', 'GET', 'token=%5Bc3b4b667-aef5-469e-a057-e5cac76d9873%5D', 15, '0', 'invalid_bearer_token', '2023-05-31 12:37:40', '2023-05-31 12:37:40', 'anonymousUser', 'anonymousUser');
INSERT INTO `sys_log` VALUES (1663766922579808258, '9', '登录失败', 'web', '127.0.0.1', 'Mozilla/5.0 (Windows NT 10.0; Win64; x64) AppleWebKit/537.36 (KHTML, like Gecko) Chrome/113.0.0.0 Safari/537.36', '/token/check_token', 'GET', 'token=%5Bc3b4b667-aef5-469e-a057-e5cac76d9873%5D', 12, '0', 'invalid_bearer_token', '2023-05-31 12:38:40', '2023-05-31 12:38:40', 'anonymousUser', 'anonymousUser');
INSERT INTO `sys_log` VALUES (1663767174200299521, '9', '登录失败', 'web', '127.0.0.1', 'Mozilla/5.0 (Windows NT 10.0; Win64; x64) AppleWebKit/537.36 (KHTML, like Gecko) Chrome/113.0.0.0 Safari/537.36', '/token/check_token', 'GET', 'token=%5Bc3b4b667-aef5-469e-a057-e5cac76d9873%5D', 9, '0', 'invalid_bearer_token', '2023-05-31 12:39:40', '2023-05-31 12:39:40', 'anonymousUser', 'anonymousUser');
INSERT INTO `sys_log` VALUES (1663767425900482561, '9', '登录失败', 'web', '127.0.0.1', 'Mozilla/5.0 (Windows NT 10.0; Win64; x64) AppleWebKit/537.36 (KHTML, like Gecko) Chrome/113.0.0.0 Safari/537.36', '/token/check_token', 'GET', 'token=%5Bc3b4b667-aef5-469e-a057-e5cac76d9873%5D', 9, '0', 'invalid_bearer_token', '2023-05-31 12:40:40', '2023-05-31 12:40:40', 'anonymousUser', 'anonymousUser');
INSERT INTO `sys_log` VALUES (1663767677525168129, '9', '登录失败', 'web', '127.0.0.1', 'Mozilla/5.0 (Windows NT 10.0; Win64; x64) AppleWebKit/537.36 (KHTML, like Gecko) Chrome/113.0.0.0 Safari/537.36', '/token/check_token', 'GET', 'token=%5Bc3b4b667-aef5-469e-a057-e5cac76d9873%5D', 9, '0', 'invalid_bearer_token', '2023-05-31 12:41:40', '2023-05-31 12:41:40', 'anonymousUser', 'anonymousUser');
INSERT INTO `sys_log` VALUES (1663767929191796737, '9', '登录失败', 'web', '127.0.0.1', 'Mozilla/5.0 (Windows NT 10.0; Win64; x64) AppleWebKit/537.36 (KHTML, like Gecko) Chrome/113.0.0.0 Safari/537.36', '/token/check_token', 'GET', 'token=%5Bc3b4b667-aef5-469e-a057-e5cac76d9873%5D', 8, '0', 'invalid_bearer_token', '2023-05-31 12:42:40', '2023-05-31 12:42:40', 'anonymousUser', 'anonymousUser');
INSERT INTO `sys_log` VALUES (1663768180841648129, '9', '登录失败', 'web', '127.0.0.1', 'Mozilla/5.0 (Windows NT 10.0; Win64; x64) AppleWebKit/537.36 (KHTML, like Gecko) Chrome/113.0.0.0 Safari/537.36', '/token/check_token', 'GET', 'token=%5Bc3b4b667-aef5-469e-a057-e5cac76d9873%5D', 9, '0', 'invalid_bearer_token', '2023-05-31 12:43:40', '2023-05-31 12:43:40', 'anonymousUser', 'anonymousUser');
INSERT INTO `sys_log` VALUES (1663768432520859650, '9', '登录失败', 'web', '127.0.0.1', 'Mozilla/5.0 (Windows NT 10.0; Win64; x64) AppleWebKit/537.36 (KHTML, like Gecko) Chrome/113.0.0.0 Safari/537.36', '/token/check_token', 'GET', 'token=%5Bc3b4b667-aef5-469e-a057-e5cac76d9873%5D', 9, '0', 'invalid_bearer_token', '2023-05-31 12:44:40', '2023-05-31 12:44:40', 'anonymousUser', 'anonymousUser');
INSERT INTO `sys_log` VALUES (1663768684179099650, '9', '登录失败', 'web', '127.0.0.1', 'Mozilla/5.0 (Windows NT 10.0; Win64; x64) AppleWebKit/537.36 (KHTML, like Gecko) Chrome/113.0.0.0 Safari/537.36', '/token/check_token', 'GET', 'token=%5Bc3b4b667-aef5-469e-a057-e5cac76d9873%5D', 12, '0', 'invalid_bearer_token', '2023-05-31 12:45:40', '2023-05-31 12:45:40', 'anonymousUser', 'anonymousUser');
INSERT INTO `sys_log` VALUES (1663768935782813698, '9', '登录失败', 'web', '127.0.0.1', 'Mozilla/5.0 (Windows NT 10.0; Win64; x64) AppleWebKit/537.36 (KHTML, like Gecko) Chrome/113.0.0.0 Safari/537.36', '/token/check_token', 'GET', 'token=%5Bc3b4b667-aef5-469e-a057-e5cac76d9873%5D', 10, '0', 'invalid_bearer_token', '2023-05-31 12:46:40', '2023-05-31 12:46:40', 'anonymousUser', 'anonymousUser');
INSERT INTO `sys_log` VALUES (1663769187482996738, '9', '登录失败', 'web', '127.0.0.1', 'Mozilla/5.0 (Windows NT 10.0; Win64; x64) AppleWebKit/537.36 (KHTML, like Gecko) Chrome/113.0.0.0 Safari/537.36', '/token/check_token', 'GET', 'token=%5Bc3b4b667-aef5-469e-a057-e5cac76d9873%5D', 13, '0', 'invalid_bearer_token', '2023-05-31 12:47:40', '2023-05-31 12:47:40', 'anonymousUser', 'anonymousUser');
INSERT INTO `sys_log` VALUES (1663769439158013953, '9', '登录失败', 'web', '127.0.0.1', 'Mozilla/5.0 (Windows NT 10.0; Win64; x64) AppleWebKit/537.36 (KHTML, like Gecko) Chrome/113.0.0.0 Safari/537.36', '/token/check_token', 'GET', 'token=%5Bc3b4b667-aef5-469e-a057-e5cac76d9873%5D', 13, '0', 'invalid_bearer_token', '2023-05-31 12:48:40', '2023-05-31 12:48:40', 'anonymousUser', 'anonymousUser');
INSERT INTO `sys_log` VALUES (1663769690795282433, '9', '登录失败', 'web', '127.0.0.1', 'Mozilla/5.0 (Windows NT 10.0; Win64; x64) AppleWebKit/537.36 (KHTML, like Gecko) Chrome/113.0.0.0 Safari/537.36', '/token/check_token', 'GET', 'token=%5Bc3b4b667-aef5-469e-a057-e5cac76d9873%5D', 14, '0', 'invalid_bearer_token', '2023-05-31 12:49:40', '2023-05-31 12:49:40', 'anonymousUser', 'anonymousUser');
INSERT INTO `sys_log` VALUES (1663769942453522434, '9', '登录失败', 'web', '127.0.0.1', 'Mozilla/5.0 (Windows NT 10.0; Win64; x64) AppleWebKit/537.36 (KHTML, like Gecko) Chrome/113.0.0.0 Safari/537.36', '/token/check_token', 'GET', 'token=%5Bc3b4b667-aef5-469e-a057-e5cac76d9873%5D', 11, '0', 'invalid_bearer_token', '2023-05-31 12:50:40', '2023-05-31 12:50:40', 'anonymousUser', 'anonymousUser');
INSERT INTO `sys_log` VALUES (1663770194086596609, '9', '登录失败', 'web', '127.0.0.1', 'Mozilla/5.0 (Windows NT 10.0; Win64; x64) AppleWebKit/537.36 (KHTML, like Gecko) Chrome/113.0.0.0 Safari/537.36', '/token/check_token', 'GET', 'token=%5Bc3b4b667-aef5-469e-a057-e5cac76d9873%5D', 13, '0', 'invalid_bearer_token', '2023-05-31 12:51:40', '2023-05-31 12:51:40', 'anonymousUser', 'anonymousUser');
INSERT INTO `sys_log` VALUES (1663770445820334082, '9', '登录失败', 'web', '127.0.0.1', 'Mozilla/5.0 (Windows NT 10.0; Win64; x64) AppleWebKit/537.36 (KHTML, like Gecko) Chrome/113.0.0.0 Safari/537.36', '/token/check_token', 'GET', 'token=%5Bc3b4b667-aef5-469e-a057-e5cac76d9873%5D', 15, '0', 'invalid_bearer_token', '2023-05-31 12:52:40', '2023-05-31 12:52:40', 'anonymousUser', 'anonymousUser');
INSERT INTO `sys_log` VALUES (1663770697445019649, '9', '登录失败', 'web', '127.0.0.1', 'Mozilla/5.0 (Windows NT 10.0; Win64; x64) AppleWebKit/537.36 (KHTML, like Gecko) Chrome/113.0.0.0 Safari/537.36', '/token/check_token', 'GET', 'token=%5Bc3b4b667-aef5-469e-a057-e5cac76d9873%5D', 10, '0', 'invalid_bearer_token', '2023-05-31 12:53:40', '2023-05-31 12:53:40', 'anonymousUser', 'anonymousUser');
INSERT INTO `sys_log` VALUES (1663770949120036865, '9', '登录失败', 'web', '127.0.0.1', 'Mozilla/5.0 (Windows NT 10.0; Win64; x64) AppleWebKit/537.36 (KHTML, like Gecko) Chrome/113.0.0.0 Safari/537.36', '/token/check_token', 'GET', 'token=%5Bc3b4b667-aef5-469e-a057-e5cac76d9873%5D', 13, '0', 'invalid_bearer_token', '2023-05-31 12:54:40', '2023-05-31 12:54:40', 'anonymousUser', 'anonymousUser');
INSERT INTO `sys_log` VALUES (1663771200757305345, '9', '登录失败', 'web', '127.0.0.1', 'Mozilla/5.0 (Windows NT 10.0; Win64; x64) AppleWebKit/537.36 (KHTML, like Gecko) Chrome/113.0.0.0 Safari/537.36', '/token/check_token', 'GET', 'token=%5Bc3b4b667-aef5-469e-a057-e5cac76d9873%5D', 8, '0', 'invalid_bearer_token', '2023-05-31 12:55:40', '2023-05-31 12:55:40', 'anonymousUser', 'anonymousUser');
INSERT INTO `sys_log` VALUES (1663771452423933954, '9', '登录失败', 'web', '127.0.0.1', 'Mozilla/5.0 (Windows NT 10.0; Win64; x64) AppleWebKit/537.36 (KHTML, like Gecko) Chrome/113.0.0.0 Safari/537.36', '/token/check_token', 'GET', 'token=%5Bc3b4b667-aef5-469e-a057-e5cac76d9873%5D', 14, '0', 'invalid_bearer_token', '2023-05-31 12:56:40', '2023-05-31 12:56:40', 'anonymousUser', 'anonymousUser');
INSERT INTO `sys_log` VALUES (1663771704040230914, '9', '登录失败', 'web', '127.0.0.1', 'Mozilla/5.0 (Windows NT 10.0; Win64; x64) AppleWebKit/537.36 (KHTML, like Gecko) Chrome/113.0.0.0 Safari/537.36', '/token/check_token', 'GET', 'token=%5Bc3b4b667-aef5-469e-a057-e5cac76d9873%5D', 13, '0', 'invalid_bearer_token', '2023-05-31 12:57:40', '2023-05-31 12:57:40', 'anonymousUser', 'anonymousUser');
INSERT INTO `sys_log` VALUES (1663771955698470913, '9', '登录失败', 'web', '127.0.0.1', 'Mozilla/5.0 (Windows NT 10.0; Win64; x64) AppleWebKit/537.36 (KHTML, like Gecko) Chrome/113.0.0.0 Safari/537.36', '/token/check_token', 'GET', 'token=%5Bc3b4b667-aef5-469e-a057-e5cac76d9873%5D', 15, '0', 'invalid_bearer_token', '2023-05-31 12:58:40', '2023-05-31 12:58:40', 'anonymousUser', 'anonymousUser');
INSERT INTO `sys_log` VALUES (1663772207381876737, '9', '登录失败', 'web', '127.0.0.1', 'Mozilla/5.0 (Windows NT 10.0; Win64; x64) AppleWebKit/537.36 (KHTML, like Gecko) Chrome/113.0.0.0 Safari/537.36', '/token/check_token', 'GET', 'token=%5Bc3b4b667-aef5-469e-a057-e5cac76d9873%5D', 13, '0', 'invalid_bearer_token', '2023-05-31 12:59:40', '2023-05-31 12:59:40', 'anonymousUser', 'anonymousUser');
INSERT INTO `sys_log` VALUES (1663772459140780033, '9', '登录失败', 'web', '127.0.0.1', 'Mozilla/5.0 (Windows NT 10.0; Win64; x64) AppleWebKit/537.36 (KHTML, like Gecko) Chrome/113.0.0.0 Safari/537.36', '/token/check_token', 'GET', 'token=%5Bc3b4b667-aef5-469e-a057-e5cac76d9873%5D', 16, '0', 'invalid_bearer_token', '2023-05-31 13:00:40', '2023-05-31 13:00:40', 'anonymousUser', 'anonymousUser');
INSERT INTO `sys_log` VALUES (1663772710698356737, '9', '登录失败', 'web', '127.0.0.1', 'Mozilla/5.0 (Windows NT 10.0; Win64; x64) AppleWebKit/537.36 (KHTML, like Gecko) Chrome/113.0.0.0 Safari/537.36', '/token/check_token', 'GET', 'token=%5Bc3b4b667-aef5-469e-a057-e5cac76d9873%5D', 9, '0', 'invalid_bearer_token', '2023-05-31 13:01:40', '2023-05-31 13:01:40', 'anonymousUser', 'anonymousUser');
INSERT INTO `sys_log` VALUES (1663772962398539777, '9', '登录失败', 'web', '127.0.0.1', 'Mozilla/5.0 (Windows NT 10.0; Win64; x64) AppleWebKit/537.36 (KHTML, like Gecko) Chrome/113.0.0.0 Safari/537.36', '/token/check_token', 'GET', 'token=%5Bc3b4b667-aef5-469e-a057-e5cac76d9873%5D', 15, '0', 'invalid_bearer_token', '2023-05-31 13:02:40', '2023-05-31 13:02:40', 'anonymousUser', 'anonymousUser');
INSERT INTO `sys_log` VALUES (1663773214149054465, '9', '登录失败', 'web', '127.0.0.1', 'Mozilla/5.0 (Windows NT 10.0; Win64; x64) AppleWebKit/537.36 (KHTML, like Gecko) Chrome/113.0.0.0 Safari/537.36', '/token/check_token', 'GET', 'token=%5Bc3b4b667-aef5-469e-a057-e5cac76d9873%5D', 14, '0', 'invalid_bearer_token', '2023-05-31 13:03:40', '2023-05-31 13:03:40', 'anonymousUser', 'anonymousUser');
INSERT INTO `sys_log` VALUES (1663773465727602690, '9', '登录失败', 'web', '127.0.0.1', 'Mozilla/5.0 (Windows NT 10.0; Win64; x64) AppleWebKit/537.36 (KHTML, like Gecko) Chrome/113.0.0.0 Safari/537.36', '/token/check_token', 'GET', 'token=%5Bc3b4b667-aef5-469e-a057-e5cac76d9873%5D', 23, '0', 'invalid_bearer_token', '2023-05-31 13:04:40', '2023-05-31 13:04:40', 'anonymousUser', 'anonymousUser');
INSERT INTO `sys_log` VALUES (1663773717301956609, '9', '登录失败', 'web', '127.0.0.1', 'Mozilla/5.0 (Windows NT 10.0; Win64; x64) AppleWebKit/537.36 (KHTML, like Gecko) Chrome/113.0.0.0 Safari/537.36', '/token/check_token', 'GET', 'token=%5Bc3b4b667-aef5-469e-a057-e5cac76d9873%5D', 13, '0', 'invalid_bearer_token', '2023-05-31 13:05:40', '2023-05-31 13:05:40', 'anonymousUser', 'anonymousUser');
INSERT INTO `sys_log` VALUES (1663773969018916865, '9', '登录失败', 'web', '127.0.0.1', 'Mozilla/5.0 (Windows NT 10.0; Win64; x64) AppleWebKit/537.36 (KHTML, like Gecko) Chrome/113.0.0.0 Safari/537.36', '/token/check_token', 'GET', 'token=%5Bc3b4b667-aef5-469e-a057-e5cac76d9873%5D', 13, '0', 'invalid_bearer_token', '2023-05-31 13:06:40', '2023-05-31 13:06:40', 'anonymousUser', 'anonymousUser');
INSERT INTO `sys_log` VALUES (1663774220685545474, '9', '登录失败', 'web', '127.0.0.1', 'Mozilla/5.0 (Windows NT 10.0; Win64; x64) AppleWebKit/537.36 (KHTML, like Gecko) Chrome/113.0.0.0 Safari/537.36', '/token/check_token', 'GET', 'token=%5Bc3b4b667-aef5-469e-a057-e5cac76d9873%5D', 11, '0', 'invalid_bearer_token', '2023-05-31 13:07:40', '2023-05-31 13:07:40', 'anonymousUser', 'anonymousUser');
INSERT INTO `sys_log` VALUES (1663774258337812482, '9', '登录失败', 'web', '127.0.0.1', 'Mozilla/5.0 (Windows NT 10.0; Win64; x64) AppleWebKit/537.36 (KHTML, like Gecko) Chrome/113.0.0.0 Safari/537.36', '/token/check_token', 'GET', 'token=%5Bc3b4b667-aef5-469e-a057-e5cac76d9873%5D', 14, '0', 'invalid_bearer_token', '2023-05-31 13:07:49', '2023-05-31 13:07:49', 'anonymousUser', 'anonymousUser');
INSERT INTO `sys_log` VALUES (1663774298884149250, '0', '登录成功', 'web', '127.0.0.1', 'Mozilla/5.0 (Windows NT 10.0; Win64; x64) AppleWebKit/537.36 (KHTML, like Gecko) Chrome/113.0.0.0 Safari/537.36', '/oauth2/token', 'POST', 'randomStr=%5B%5D&password=%5B123456%5D&code=%5B%5D&grant_type=%5Bpassword%5D&scope=%5Bserver%5D&hosId=%5B1659018792143663105%5D&username=%5Badmin%5D', 194, '0', NULL, '2023-05-31 13:07:59', '2023-05-31 13:07:59', 'admin', 'admin');
INSERT INTO `sys_log` VALUES (1663774389569196033, '0', '更新菜单', 'web', '127.0.0.1', 'Mozilla/5.0 (Windows NT 10.0; Win64; x64) AppleWebKit/537.36 (KHTML, like Gecko) Chrome/113.0.0.0 Safari/537.36', '/menu', 'PUT', '{\"createBy\":\" \",\"createTime\":\"2018-09-28 08:29:53\",\"updateBy\":\" \",\"updateTime\":\"2020-03-11 23:58:18\",\"menuId\":\"1000\",\"name\":\"基础设置\",\"permission\":null,\"parentId\":\"-1\",\"icon\":\"icon-quanxianguanli\",\"path\":\"/admin\",\"sortOrder\":1,\"type\":\"0\",\"keepAlive\":\"0\",\"delFlag\":\"0\"}', 32, '0', NULL, '2023-05-31 13:08:21', '2023-05-31 13:08:21', 'admin', 'admin');
INSERT INTO `sys_log` VALUES (1663774397584510978, '0', '清除菜单缓存', 'web', '127.0.0.1', 'Mozilla/5.0 (Windows NT 10.0; Win64; x64) AppleWebKit/537.36 (KHTML, like Gecko) Chrome/113.0.0.0 Safari/537.36', '/menu/cache', 'DELETE', '', 2, '0', NULL, '2023-05-31 13:08:22', '2023-05-31 13:08:22', 'admin', 'admin');
INSERT INTO `sys_log` VALUES (1663814945464795138, '0', '登录成功', 'web', '127.0.0.1', 'Mozilla/5.0 (Windows NT 10.0; Win64; x64) AppleWebKit/537.36 (KHTML, like Gecko) Chrome/113.0.0.0 Safari/537.36', '/oauth2/token', 'POST', 'randomStr=%5B%5D&password=%5B123456%5D&code=%5B%5D&grant_type=%5Bpassword%5D&scope=%5Bserver%5D&hosId=%5B1659018792143663105%5D&username=%5Badmin%5D', 718, '0', NULL, '2023-05-31 15:49:30', '2023-05-31 15:49:30', 'admin', 'admin');
INSERT INTO `sys_log` VALUES (1663815108849713154, '0', '新增质控记录', 'web', '127.0.0.1', 'Mozilla/5.0 (Windows NT 10.0; Win64; x64) AppleWebKit/537.36 (KHTML, like Gecko) Chrome/113.0.0.0 Safari/537.36', '/qc/record', 'POST', '{\"id\":\"\",\"sn\":\"3981293B101\",\"deptId\":\"1659386542775017473\",\"value\":12,\"sampleType\":\"1\",\"result\":\"1\",\"measureTime\":\"2023-05-31 15:50:00\",\"paperId\":\"1662428123929202690\",\"liquidId\":\"1662644783596404737\",\"operatorName\":\"\",\"$sampleType\":\"血糖\",\"$result\":\"通过\",\"$sn\":\"3981293B101\",\"$deptId\":\"内分泌科\"}', 191, '0', NULL, '2023-05-31 15:50:09', '2023-05-31 15:50:09', 'admin', 'admin');
INSERT INTO `sys_log` VALUES (1663815682190098434, '0', '登录成功', 'web', '127.0.0.1', 'Apifox/1.0.0 (https://apifox.com)', '/oauth2/token', 'POST', 'password=%5B123456%5D&grant_type=%5Bpassword%5D&scope=%5Bserver%5D&hosId=%5B1659018792143663105%5D&username=%5Badmin%5D', 145, '0', NULL, '2023-05-31 15:52:26', '2023-05-31 15:52:26', 'admin', 'admin');
INSERT INTO `sys_log` VALUES (1663816214564716546, '9', '新增质控记录', 'web', '127.0.0.1', 'Apifox/1.0.0 (https://apifox.com)', '/qc/record', 'POST', '{', 3627, '0', '重复添加！', '2023-05-31 15:54:32', '2023-05-31 15:54:32', 'admin', 'admin');
INSERT INTO `sys_log` VALUES (1663816441954713601, '9', '新增质控记录', 'web', '127.0.0.1', 'Apifox/1.0.0 (https://apifox.com)', '/qc/record', 'POST', '{', 27, '0', '重复添加！', '2023-05-31 15:55:27', '2023-05-31 15:55:27', 'admin', 'admin');
INSERT INTO `sys_log` VALUES (1663816935649460225, '9', '新增质控记录', 'web', '127.0.0.1', 'Apifox/1.0.0 (https://apifox.com)', '/qc/record', 'POST', '{', 981, '0', '重复添加！', '2023-05-31 15:57:24', '2023-05-31 15:57:24', 'admin', 'admin');
INSERT INTO `sys_log` VALUES (1663817267230162946, '9', '新增质控记录', 'web', '127.0.0.1', 'Apifox/1.0.0 (https://apifox.com)', '/qc/record', 'POST', '{', 870, '0', '重复添加！', '2023-05-31 15:58:43', '2023-05-31 15:58:43', 'admin', 'admin');
INSERT INTO `sys_log` VALUES (1663817493567389698, '9', '新增质控记录', 'web', '127.0.0.1', 'Apifox/1.0.0 (https://apifox.com)', '/qc/record', 'POST', '{\"id\":\"\",\"sn\":\"3981293B101\",\"deptId\":\"1659386542775017473\",\"value\":12,\"sampleType\":\"1\",\"result\":\"1\",\"measureTime\":\"2023-05-31 15:50:00\",\"paperId\":\"1662428123929202690\",\"liquidId\":\"1662644783596404737\"}', 1590, '0', '重复添加！', '2023-05-31 15:59:37', '2023-05-31 15:59:37', 'admin', 'admin');
INSERT INTO `sys_log` VALUES (1663819071212896257, '0', '新增质控记录', 'web', '127.0.0.1', 'Apifox/1.0.0 (https://apifox.com)', '/qc/record', 'POST', '{\"id\":\"\",\"sn\":\"3981293B101\",\"deptId\":\"1659386542775017473\",\"value\":13,\"sampleType\":\"1\",\"result\":\"1\",\"measureTime\":\"2023-05-31 15:50:00\",\"paperId\":\"1662428123929202690\",\"liquidId\":\"1662644783596404737\"}', 391, '0', NULL, '2023-05-31 16:05:54', '2023-05-31 16:05:54', 'admin', 'admin');
INSERT INTO `sys_log` VALUES (1663819071212896258, '9', '新增质控记录', 'web', '127.0.0.1', 'Apifox/1.0.0 (https://apifox.com)', '/qc/record', 'POST', '{\"id\":\"\",\"sn\":\"3981293B101\",\"deptId\":\"1659386542775017473\",\"value\":13,\"sampleType\":\"1\",\"result\":\"1\",\"measureTime\":\"2023-05-31 15:50:00\",\"paperId\":\"1662428123929202690\",\"liquidId\":\"1662644783596404737\"}', 412, '0', '重复添加！', '2023-05-31 16:05:54', '2023-05-31 16:05:54', 'admin', 'admin');
INSERT INTO `sys_log` VALUES (1663819071581995010, '9', '新增质控记录', 'web', '127.0.0.1', 'Apifox/1.0.0 (https://apifox.com)', '/qc/record', 'POST', '{\"id\":\"\",\"sn\":\"3981293B101\",\"deptId\":\"1659386542775017473\",\"value\":13,\"sampleType\":\"1\",\"result\":\"1\",\"measureTime\":\"2023-05-31 15:50:00\",\"paperId\":\"1662428123929202690\",\"liquidId\":\"1662644783596404737\"}', 526, '0', '重复添加！', '2023-05-31 16:05:54', '2023-05-31 16:05:54', 'admin', 'admin');
INSERT INTO `sys_log` VALUES (1663819095783129089, '9', '新增质控记录', 'web', '127.0.0.1', 'Apifox/1.0.0 (https://apifox.com)', '/qc/record', 'POST', '{\"id\":\"\",\"sn\":\"3981293B101\",\"deptId\":\"1659386542775017473\",\"value\":13,\"sampleType\":\"1\",\"result\":\"1\",\"measureTime\":\"2023-05-31 15:50:00\",\"paperId\":\"1662428123929202690\",\"liquidId\":\"1662644783596404737\"}', 184, '0', '重复添加！', '2023-05-31 16:05:59', '2023-05-31 16:05:59', 'admin', 'admin');
INSERT INTO `sys_log` VALUES (1663819096219336706, '9', '新增质控记录', 'web', '127.0.0.1', 'Apifox/1.0.0 (https://apifox.com)', '/qc/record', 'POST', '{\"id\":\"\",\"sn\":\"3981293B101\",\"deptId\":\"1659386542775017473\",\"value\":13,\"sampleType\":\"1\",\"result\":\"1\",\"measureTime\":\"2023-05-31 15:50:00\",\"paperId\":\"1662428123929202690\",\"liquidId\":\"1662644783596404737\"}', 174, '0', '重复添加！', '2023-05-31 16:05:59', '2023-05-31 16:05:59', 'admin', 'admin');
INSERT INTO `sys_log` VALUES (1663819097515376641, '9', '新增质控记录', 'web', '127.0.0.1', 'Apifox/1.0.0 (https://apifox.com)', '/qc/record', 'POST', '{\"id\":\"\",\"sn\":\"3981293B101\",\"deptId\":\"1659386542775017473\",\"value\":13,\"sampleType\":\"1\",\"result\":\"1\",\"measureTime\":\"2023-05-31 15:50:00\",\"paperId\":\"1662428123929202690\",\"liquidId\":\"1662644783596404737\"}', 312, '0', '重复添加！', '2023-05-31 16:06:00', '2023-05-31 16:06:00', 'admin', 'admin');
INSERT INTO `sys_log` VALUES (1663819116041617410, '9', '新增质控记录', 'web', '127.0.0.1', 'Apifox/1.0.0 (https://apifox.com)', '/qc/record', 'POST', '{\"id\":\"\",\"sn\":\"3981293B101\",\"deptId\":\"1659386542775017473\",\"value\":13,\"sampleType\":\"1\",\"result\":\"1\",\"measureTime\":\"2023-05-31 15:50:00\",\"paperId\":\"1662428123929202690\",\"liquidId\":\"1662644783596404737\"}', 288, '0', '重复添加！', '2023-05-31 16:06:04', '2023-05-31 16:06:04', 'admin', 'admin');
INSERT INTO `sys_log` VALUES (1663819116779814914, '9', '新增质控记录', 'web', '127.0.0.1', 'Apifox/1.0.0 (https://apifox.com)', '/qc/record', 'POST', '{\"id\":\"\",\"sn\":\"3981293B101\",\"deptId\":\"1659386542775017473\",\"value\":13,\"sampleType\":\"1\",\"result\":\"1\",\"measureTime\":\"2023-05-31 15:50:00\",\"paperId\":\"1662428123929202690\",\"liquidId\":\"1662644783596404737\"}', 272, '0', '重复添加！', '2023-05-31 16:06:04', '2023-05-31 16:06:04', 'admin', 'admin');
INSERT INTO `sys_log` VALUES (1663819117820002305, '9', '新增质控记录', 'web', '127.0.0.1', 'Apifox/1.0.0 (https://apifox.com)', '/qc/record', 'POST', '{\"id\":\"\",\"sn\":\"3981293B101\",\"deptId\":\"1659386542775017473\",\"value\":13,\"sampleType\":\"1\",\"result\":\"1\",\"measureTime\":\"2023-05-31 15:50:00\",\"paperId\":\"1662428123929202690\",\"liquidId\":\"1662644783596404737\"}', 538, '0', '重复添加！', '2023-05-31 16:06:05', '2023-05-31 16:06:05', 'admin', 'admin');
INSERT INTO `sys_log` VALUES (1663819136455294977, '9', '新增质控记录', 'web', '127.0.0.1', 'Apifox/1.0.0 (https://apifox.com)', '/qc/record', 'POST', '{\"id\":\"\",\"sn\":\"3981293B101\",\"deptId\":\"1659386542775017473\",\"value\":13,\"sampleType\":\"1\",\"result\":\"1\",\"measureTime\":\"2023-05-31 15:50:00\",\"paperId\":\"1662428123929202690\",\"liquidId\":\"1662644783596404737\"}', 169, '0', '重复添加！', '2023-05-31 16:06:09', '2023-05-31 16:06:09', 'admin', 'admin');
INSERT INTO `sys_log` VALUES (1663819137868775426, '9', '新增质控记录', 'web', '127.0.0.1', 'Apifox/1.0.0 (https://apifox.com)', '/qc/record', 'POST', '{\"id\":\"\",\"sn\":\"3981293B101\",\"deptId\":\"1659386542775017473\",\"value\":13,\"sampleType\":\"1\",\"result\":\"1\",\"measureTime\":\"2023-05-31 15:50:00\",\"paperId\":\"1662428123929202690\",\"liquidId\":\"1662644783596404737\"}', 480, '0', '重复添加！', '2023-05-31 16:06:09', '2023-05-31 16:06:09', 'admin', 'admin');
INSERT INTO `sys_log` VALUES (1663819138204319746, '9', '新增质控记录', 'web', '127.0.0.1', 'Apifox/1.0.0 (https://apifox.com)', '/qc/record', 'POST', '{\"id\":\"\",\"sn\":\"3981293B101\",\"deptId\":\"1659386542775017473\",\"value\":13,\"sampleType\":\"1\",\"result\":\"1\",\"measureTime\":\"2023-05-31 15:50:00\",\"paperId\":\"1662428123929202690\",\"liquidId\":\"1662644783596404737\"}', 581, '0', '重复添加！', '2023-05-31 16:06:09', '2023-05-31 16:06:09', 'admin', 'admin');
INSERT INTO `sys_log` VALUES (1663819151730950145, '9', '新增质控记录', 'web', '127.0.0.1', 'Apifox/1.0.0 (https://apifox.com)', '/qc/record', 'POST', '{\"id\":\"\",\"sn\":\"3981293B101\",\"deptId\":\"1659386542775017473\",\"value\":13,\"sampleType\":\"1\",\"result\":\"1\",\"measureTime\":\"2023-05-31 15:50:00\",\"paperId\":\"1662428123929202690\",\"liquidId\":\"1662644783596404737\"}', 130, '0', '重复添加！', '2023-05-31 16:06:13', '2023-05-31 16:06:13', 'admin', 'admin');
INSERT INTO `sys_log` VALUES (1663819152179740674, '9', '新增质控记录', 'web', '127.0.0.1', 'Apifox/1.0.0 (https://apifox.com)', '/qc/record', 'POST', '{\"id\":\"\",\"sn\":\"3981293B101\",\"deptId\":\"1659386542775017473\",\"value\":13,\"sampleType\":\"1\",\"result\":\"1\",\"measureTime\":\"2023-05-31 15:50:00\",\"paperId\":\"1662428123929202690\",\"liquidId\":\"1662644783596404737\"}', 210, '0', '重复添加！', '2023-05-31 16:06:13', '2023-05-31 16:06:13', 'admin', 'admin');
INSERT INTO `sys_log` VALUES (1663819152179740675, '9', '新增质控记录', 'web', '127.0.0.1', 'Apifox/1.0.0 (https://apifox.com)', '/qc/record', 'POST', '{\"id\":\"\",\"sn\":\"3981293B101\",\"deptId\":\"1659386542775017473\",\"value\":13,\"sampleType\":\"1\",\"result\":\"1\",\"measureTime\":\"2023-05-31 15:50:00\",\"paperId\":\"1662428123929202690\",\"liquidId\":\"1662644783596404737\"}', 228, '0', '重复添加！', '2023-05-31 16:06:13', '2023-05-31 16:06:13', 'admin', 'admin');
INSERT INTO `sys_log` VALUES (1663819158064349186, '9', '新增质控记录', 'web', '127.0.0.1', 'Apifox/1.0.0 (https://apifox.com)', '/qc/record', 'POST', '{\"id\":\"\",\"sn\":\"3981293B101\",\"deptId\":\"1659386542775017473\",\"value\":13,\"sampleType\":\"1\",\"result\":\"1\",\"measureTime\":\"2023-05-31 15:50:00\",\"paperId\":\"1662428123929202690\",\"liquidId\":\"1662644783596404737\"}', 163, '0', '重复添加！', '2023-05-31 16:06:14', '2023-05-31 16:06:14', 'admin', 'admin');
INSERT INTO `sys_log` VALUES (1663819158156623873, '9', '新增质控记录', 'web', '127.0.0.1', 'Apifox/1.0.0 (https://apifox.com)', '/qc/record', 'POST', '{\"id\":\"\",\"sn\":\"3981293B101\",\"deptId\":\"1659386542775017473\",\"value\":13,\"sampleType\":\"1\",\"result\":\"1\",\"measureTime\":\"2023-05-31 15:50:00\",\"paperId\":\"1662428123929202690\",\"liquidId\":\"1662644783596404737\"}', 219, '0', '重复添加！', '2023-05-31 16:06:14', '2023-05-31 16:06:14', 'admin', 'admin');
INSERT INTO `sys_log` VALUES (1663819159486218241, '9', '新增质控记录', 'web', '127.0.0.1', 'Apifox/1.0.0 (https://apifox.com)', '/qc/record', 'POST', '{\"id\":\"\",\"sn\":\"3981293B101\",\"deptId\":\"1659386542775017473\",\"value\":13,\"sampleType\":\"1\",\"result\":\"1\",\"measureTime\":\"2023-05-31 15:50:00\",\"paperId\":\"1662428123929202690\",\"liquidId\":\"1662644783596404737\"}', 557, '0', '重复添加！', '2023-05-31 16:06:15', '2023-05-31 16:06:15', 'admin', 'admin');
INSERT INTO `sys_log` VALUES (1663819165144334337, '9', '新增质控记录', 'web', '127.0.0.1', 'Apifox/1.0.0 (https://apifox.com)', '/qc/record', 'POST', '{\"id\":\"\",\"sn\":\"3981293B101\",\"deptId\":\"1659386542775017473\",\"value\":13,\"sampleType\":\"1\",\"result\":\"1\",\"measureTime\":\"2023-05-31 15:50:00\",\"paperId\":\"1662428123929202690\",\"liquidId\":\"1662644783596404737\"}', 250, '0', '重复添加！', '2023-05-31 16:06:16', '2023-05-31 16:06:16', 'admin', 'admin');
INSERT INTO `sys_log` VALUES (1663819167484755970, '9', '新增质控记录', 'web', '127.0.0.1', 'Apifox/1.0.0 (https://apifox.com)', '/qc/record', 'POST', '{\"id\":\"\",\"sn\":\"3981293B101\",\"deptId\":\"1659386542775017473\",\"value\":13,\"sampleType\":\"1\",\"result\":\"1\",\"measureTime\":\"2023-05-31 15:50:00\",\"paperId\":\"1662428123929202690\",\"liquidId\":\"1662644783596404737\"}', 589, '0', '重复添加！', '2023-05-31 16:06:16', '2023-05-31 16:06:16', 'admin', 'admin');
INSERT INTO `sys_log` VALUES (1663819168910819330, '9', '新增质控记录', 'web', '127.0.0.1', 'Apifox/1.0.0 (https://apifox.com)', '/qc/record', 'POST', '{\"id\":\"\",\"sn\":\"3981293B101\",\"deptId\":\"1659386542775017473\",\"value\":13,\"sampleType\":\"1\",\"result\":\"1\",\"measureTime\":\"2023-05-31 15:50:00\",\"paperId\":\"1662428123929202690\",\"liquidId\":\"1662644783596404737\"}', 920, '0', '重复添加！', '2023-05-31 16:06:17', '2023-05-31 16:06:17', 'admin', 'admin');
INSERT INTO `sys_log` VALUES (1663819169099563010, '9', '新增质控记录', 'web', '127.0.0.1', 'Apifox/1.0.0 (https://apifox.com)', '/qc/record', 'POST', '{\"id\":\"\",\"sn\":\"3981293B101\",\"deptId\":\"1659386542775017473\",\"value\":13,\"sampleType\":\"1\",\"result\":\"1\",\"measureTime\":\"2023-05-31 15:50:00\",\"paperId\":\"1662428123929202690\",\"liquidId\":\"1662644783596404737\"}', 844, '0', '重复添加！', '2023-05-31 16:06:17', '2023-05-31 16:06:17', 'admin', 'admin');
INSERT INTO `sys_log` VALUES (1663819180608733185, '9', '新增质控记录', 'web', '127.0.0.1', 'Apifox/1.0.0 (https://apifox.com)', '/qc/record', 'POST', '{\"id\":\"\",\"sn\":\"3981293B101\",\"deptId\":\"1659386542775017473\",\"value\":13,\"sampleType\":\"1\",\"result\":\"1\",\"measureTime\":\"2023-05-31 15:50:00\",\"paperId\":\"1662428123929202690\",\"liquidId\":\"1662644783596404737\"}', 210, '0', '重复添加！', '2023-05-31 16:06:20', '2023-05-31 16:06:20', 'admin', 'admin');
INSERT INTO `sys_log` VALUES (1663819180701007873, '9', '新增质控记录', 'web', '127.0.0.1', 'Apifox/1.0.0 (https://apifox.com)', '/qc/record', 'POST', '{\"id\":\"\",\"sn\":\"3981293B101\",\"deptId\":\"1659386542775017473\",\"value\":13,\"sampleType\":\"1\",\"result\":\"1\",\"measureTime\":\"2023-05-31 15:50:00\",\"paperId\":\"1662428123929202690\",\"liquidId\":\"1662644783596404737\"}', 272, '0', '重复添加！', '2023-05-31 16:06:20', '2023-05-31 16:06:20', 'admin', 'admin');
INSERT INTO `sys_log` VALUES (1663819180868780033, '9', '新增质控记录', 'web', '127.0.0.1', 'Apifox/1.0.0 (https://apifox.com)', '/qc/record', 'POST', '{\"id\":\"\",\"sn\":\"3981293B101\",\"deptId\":\"1659386542775017473\",\"value\":13,\"sampleType\":\"1\",\"result\":\"1\",\"measureTime\":\"2023-05-31 15:50:00\",\"paperId\":\"1662428123929202690\",\"liquidId\":\"1662644783596404737\"}', 232, '0', '重复添加！', '2023-05-31 16:06:20', '2023-05-31 16:06:20', 'admin', 'admin');
INSERT INTO `sys_log` VALUES (1663819181510508546, '9', '新增质控记录', 'web', '127.0.0.1', 'Apifox/1.0.0 (https://apifox.com)', '/qc/record', 'POST', '{\"id\":\"\",\"sn\":\"3981293B101\",\"deptId\":\"1659386542775017473\",\"value\":13,\"sampleType\":\"1\",\"result\":\"1\",\"measureTime\":\"2023-05-31 15:50:00\",\"paperId\":\"1662428123929202690\",\"liquidId\":\"1662644783596404737\"}', 296, '0', '重复添加！', '2023-05-31 16:06:20', '2023-05-31 16:06:20', 'admin', 'admin');
INSERT INTO `sys_log` VALUES (1663819182177402882, '9', '新增质控记录', 'web', '127.0.0.1', 'Apifox/1.0.0 (https://apifox.com)', '/qc/record', 'POST', '{\"id\":\"\",\"sn\":\"3981293B101\",\"deptId\":\"1659386542775017473\",\"value\":13,\"sampleType\":\"1\",\"result\":\"1\",\"measureTime\":\"2023-05-31 15:50:00\",\"paperId\":\"1662428123929202690\",\"liquidId\":\"1662644783596404737\"}', 355, '0', '重复添加！', '2023-05-31 16:06:20', '2023-05-31 16:06:20', 'admin', 'admin');
INSERT INTO `sys_log` VALUES (1663819200930136066, '9', '新增质控记录', 'web', '127.0.0.1', 'Apifox/1.0.0 (https://apifox.com)', '/qc/record', 'POST', '{\"id\":\"\",\"sn\":\"3981293B101\",\"deptId\":\"1659386542775017473\",\"value\":13,\"sampleType\":\"1\",\"result\":\"1\",\"measureTime\":\"2023-05-31 15:50:00\",\"paperId\":\"1662428123929202690\",\"liquidId\":\"1662644783596404737\"}', 80, '0', '重复添加！', '2023-05-31 16:06:24', '2023-05-31 16:06:24', 'admin', 'admin');
INSERT INTO `sys_log` VALUES (1663819200930136067, '9', '新增质控记录', 'web', '127.0.0.1', 'Apifox/1.0.0 (https://apifox.com)', '/qc/record', 'POST', '{\"id\":\"\",\"sn\":\"3981293B101\",\"deptId\":\"1659386542775017473\",\"value\":13,\"sampleType\":\"1\",\"result\":\"1\",\"measureTime\":\"2023-05-31 15:50:00\",\"paperId\":\"1662428123929202690\",\"liquidId\":\"1662644783596404737\"}', 110, '0', '重复添加！', '2023-05-31 16:06:24', '2023-05-31 16:06:24', 'admin', 'admin');
INSERT INTO `sys_log` VALUES (1663819201324400642, '9', '新增质控记录', 'web', '127.0.0.1', 'Apifox/1.0.0 (https://apifox.com)', '/qc/record', 'POST', '{\"id\":\"\",\"sn\":\"3981293B101\",\"deptId\":\"1659386542775017473\",\"value\":13,\"sampleType\":\"1\",\"result\":\"1\",\"measureTime\":\"2023-05-31 15:50:00\",\"paperId\":\"1662428123929202690\",\"liquidId\":\"1662644783596404737\"}', 108, '0', '重复添加！', '2023-05-31 16:06:25', '2023-05-31 16:06:25', 'admin', 'admin');
INSERT INTO `sys_log` VALUES (1663819201471201282, '9', '新增质控记录', 'web', '127.0.0.1', 'Apifox/1.0.0 (https://apifox.com)', '/qc/record', 'POST', '{\"id\":\"\",\"sn\":\"3981293B101\",\"deptId\":\"1659386542775017473\",\"value\":13,\"sampleType\":\"1\",\"result\":\"1\",\"measureTime\":\"2023-05-31 15:50:00\",\"paperId\":\"1662428123929202690\",\"liquidId\":\"1662644783596404737\"}', 129, '0', '重复添加！', '2023-05-31 16:06:25', '2023-05-31 16:06:25', 'admin', 'admin');
INSERT INTO `sys_log` VALUES (1663819204461740034, '9', '新增质控记录', 'web', '127.0.0.1', 'Apifox/1.0.0 (https://apifox.com)', '/qc/record', 'POST', '{\"id\":\"\",\"sn\":\"3981293B101\",\"deptId\":\"1659386542775017473\",\"value\":13,\"sampleType\":\"1\",\"result\":\"1\",\"measureTime\":\"2023-05-31 15:50:00\",\"paperId\":\"1662428123929202690\",\"liquidId\":\"1662644783596404737\"}', 78, '0', '重复添加！', '2023-05-31 16:06:25', '2023-05-31 16:06:25', 'admin', 'admin');
INSERT INTO `sys_log` VALUES (1663819204914724866, '9', '新增质控记录', 'web', '127.0.0.1', 'Apifox/1.0.0 (https://apifox.com)', '/qc/record', 'POST', '{\"id\":\"\",\"sn\":\"3981293B101\",\"deptId\":\"1659386542775017473\",\"value\":13,\"sampleType\":\"1\",\"result\":\"1\",\"measureTime\":\"2023-05-31 15:50:00\",\"paperId\":\"1662428123929202690\",\"liquidId\":\"1662644783596404737\"}', 147, '0', '重复添加！', '2023-05-31 16:06:25', '2023-05-31 16:06:25', 'admin', 'admin');
INSERT INTO `sys_log` VALUES (1663819229774364674, '9', '新增质控记录', 'web', '127.0.0.1', 'Apifox/1.0.0 (https://apifox.com)', '/qc/record', 'POST', '{\"id\":\"\",\"sn\":\"3981293B101\",\"deptId\":\"1659386542775017473\",\"value\":13,\"sampleType\":\"1\",\"result\":\"1\",\"measureTime\":\"2023-05-31 15:50:00\",\"paperId\":\"1662428123929202690\",\"liquidId\":\"1662644783596404737\"}', 81, '0', '重复添加！', '2023-05-31 16:06:31', '2023-05-31 16:06:31', 'admin', 'admin');
INSERT INTO `sys_log` VALUES (1663819230059577345, '9', '新增质控记录', 'web', '127.0.0.1', 'Apifox/1.0.0 (https://apifox.com)', '/qc/record', 'POST', '{\"id\":\"\",\"sn\":\"3981293B101\",\"deptId\":\"1659386542775017473\",\"value\":13,\"sampleType\":\"1\",\"result\":\"1\",\"measureTime\":\"2023-05-31 15:50:00\",\"paperId\":\"1662428123929202690\",\"liquidId\":\"1662644783596404737\"}', 76, '0', '重复添加！', '2023-05-31 16:06:31', '2023-05-31 16:06:31', 'admin', 'admin');
INSERT INTO `sys_log` VALUES (1663819230374150146, '9', '新增质控记录', 'web', '127.0.0.1', 'Apifox/1.0.0 (https://apifox.com)', '/qc/record', 'POST', '{\"id\":\"\",\"sn\":\"3981293B101\",\"deptId\":\"1659386542775017473\",\"value\":13,\"sampleType\":\"1\",\"result\":\"1\",\"measureTime\":\"2023-05-31 15:50:00\",\"paperId\":\"1662428123929202690\",\"liquidId\":\"1662644783596404737\"}', 85, '0', '重复添加！', '2023-05-31 16:06:31', '2023-05-31 16:06:31', 'admin', 'admin');
INSERT INTO `sys_log` VALUES (1663819233343717378, '9', '新增质控记录', 'web', '127.0.0.1', 'Apifox/1.0.0 (https://apifox.com)', '/qc/record', 'POST', '{\"id\":\"\",\"sn\":\"3981293B101\",\"deptId\":\"1659386542775017473\",\"value\":13,\"sampleType\":\"1\",\"result\":\"1\",\"measureTime\":\"2023-05-31 15:50:00\",\"paperId\":\"1662428123929202690\",\"liquidId\":\"1662644783596404737\"}', 90, '0', '重复添加！', '2023-05-31 16:06:32', '2023-05-31 16:06:32', 'admin', 'admin');
INSERT INTO `sys_log` VALUES (1663819234211938305, '9', '新增质控记录', 'web', '127.0.0.1', 'Apifox/1.0.0 (https://apifox.com)', '/qc/record', 'POST', '{\"id\":\"\",\"sn\":\"3981293B101\",\"deptId\":\"1659386542775017473\",\"value\":13,\"sampleType\":\"1\",\"result\":\"1\",\"measureTime\":\"2023-05-31 15:50:00\",\"paperId\":\"1662428123929202690\",\"liquidId\":\"1662644783596404737\"}', 261, '0', '重复添加！', '2023-05-31 16:06:32', '2023-05-31 16:06:32', 'admin', 'admin');
INSERT INTO `sys_log` VALUES (1663819234388099074, '9', '新增质控记录', 'web', '127.0.0.1', 'Apifox/1.0.0 (https://apifox.com)', '/qc/record', 'POST', '{\"id\":\"\",\"sn\":\"3981293B101\",\"deptId\":\"1659386542775017473\",\"value\":13,\"sampleType\":\"1\",\"result\":\"1\",\"measureTime\":\"2023-05-31 15:50:00\",\"paperId\":\"1662428123929202690\",\"liquidId\":\"1662644783596404737\"}', 143, '0', '重复添加！', '2023-05-31 16:06:32', '2023-05-31 16:06:32', 'admin', 'admin');
INSERT INTO `sys_log` VALUES (1663819234388099075, '9', '新增质控记录', 'web', '127.0.0.1', 'Apifox/1.0.0 (https://apifox.com)', '/qc/record', 'POST', '{\"id\":\"\",\"sn\":\"3981293B101\",\"deptId\":\"1659386542775017473\",\"value\":13,\"sampleType\":\"1\",\"result\":\"1\",\"measureTime\":\"2023-05-31 15:50:00\",\"paperId\":\"1662428123929202690\",\"liquidId\":\"1662644783596404737\"}', 313, '0', '重复添加！', '2023-05-31 16:06:32', '2023-05-31 16:06:32', 'admin', 'admin');
INSERT INTO `sys_log` VALUES (1663819249181409282, '9', '新增质控记录', 'web', '127.0.0.1', 'Apifox/1.0.0 (https://apifox.com)', '/qc/record', 'POST', '{\"id\":\"\",\"sn\":\"3981293B101\",\"deptId\":\"1659386542775017473\",\"value\":13,\"sampleType\":\"1\",\"result\":\"1\",\"measureTime\":\"2023-05-31 15:50:00\",\"paperId\":\"1662428123929202690\",\"liquidId\":\"1662644783596404737\"}', 98, '0', '重复添加！', '2023-05-31 16:06:36', '2023-05-31 16:06:36', 'admin', 'admin');
INSERT INTO `sys_log` VALUES (1663819249516953601, '9', '新增质控记录', 'web', '127.0.0.1', 'Apifox/1.0.0 (https://apifox.com)', '/qc/record', 'POST', '{\"id\":\"\",\"sn\":\"3981293B101\",\"deptId\":\"1659386542775017473\",\"value\":13,\"sampleType\":\"1\",\"result\":\"1\",\"measureTime\":\"2023-05-31 15:50:00\",\"paperId\":\"1662428123929202690\",\"liquidId\":\"1662644783596404737\"}', 123, '0', '重复添加！', '2023-05-31 16:06:36', '2023-05-31 16:06:36', 'admin', 'admin');
INSERT INTO `sys_log` VALUES (1663819262179557378, '9', '新增质控记录', 'web', '127.0.0.1', 'Apifox/1.0.0 (https://apifox.com)', '/qc/record', 'POST', '{\"id\":\"\",\"sn\":\"3981293B101\",\"deptId\":\"1659386542775017473\",\"value\":13,\"sampleType\":\"1\",\"result\":\"1\",\"measureTime\":\"2023-05-31 15:50:00\",\"paperId\":\"1662428123929202690\",\"liquidId\":\"1662644783596404737\"}', 99, '0', '重复添加！', '2023-05-31 16:06:39', '2023-05-31 16:06:39', 'admin', 'admin');
INSERT INTO `sys_log` VALUES (1663819262179557379, '9', '新增质控记录', 'web', '127.0.0.1', 'Apifox/1.0.0 (https://apifox.com)', '/qc/record', 'POST', '{\"id\":\"\",\"sn\":\"3981293B101\",\"deptId\":\"1659386542775017473\",\"value\":13,\"sampleType\":\"1\",\"result\":\"1\",\"measureTime\":\"2023-05-31 15:50:00\",\"paperId\":\"1662428123929202690\",\"liquidId\":\"1662644783596404737\"}', 93, '0', '重复添加！', '2023-05-31 16:06:39', '2023-05-31 16:06:39', 'admin', 'admin');
INSERT INTO `sys_log` VALUES (1663819262179557380, '9', '新增质控记录', 'web', '127.0.0.1', 'Apifox/1.0.0 (https://apifox.com)', '/qc/record', 'POST', '{\"id\":\"\",\"sn\":\"3981293B101\",\"deptId\":\"1659386542775017473\",\"value\":13,\"sampleType\":\"1\",\"result\":\"1\",\"measureTime\":\"2023-05-31 15:50:00\",\"paperId\":\"1662428123929202690\",\"liquidId\":\"1662644783596404737\"}', 85, '0', '重复添加！', '2023-05-31 16:06:39', '2023-05-31 16:06:39', 'admin', 'admin');
INSERT INTO `sys_log` VALUES (1663819262640930817, '9', '新增质控记录', 'web', '127.0.0.1', 'Apifox/1.0.0 (https://apifox.com)', '/qc/record', 'POST', '{\"id\":\"\",\"sn\":\"3981293B101\",\"deptId\":\"1659386542775017473\",\"value\":13,\"sampleType\":\"1\",\"result\":\"1\",\"measureTime\":\"2023-05-31 15:50:00\",\"paperId\":\"1662428123929202690\",\"liquidId\":\"1662644783596404737\"}', 156, '0', '重复添加！', '2023-05-31 16:06:39', '2023-05-31 16:06:39', 'admin', 'admin');
INSERT INTO `sys_log` VALUES (1663819272367521794, '9', '新增质控记录', 'web', '127.0.0.1', 'Apifox/1.0.0 (https://apifox.com)', '/qc/record', 'POST', '{\"id\":\"\",\"sn\":\"3981293B101\",\"deptId\":\"1659386542775017473\",\"value\":13,\"sampleType\":\"1\",\"result\":\"1\",\"measureTime\":\"2023-05-31 15:50:00\",\"paperId\":\"1662428123929202690\",\"liquidId\":\"1662644783596404737\"}', 84, '0', '重复添加！', '2023-05-31 16:06:41', '2023-05-31 16:06:41', 'admin', 'admin');
INSERT INTO `sys_log` VALUES (1663819272535293953, '9', '新增质控记录', 'web', '127.0.0.1', 'Apifox/1.0.0 (https://apifox.com)', '/qc/record', 'POST', '{\"id\":\"\",\"sn\":\"3981293B101\",\"deptId\":\"1659386542775017473\",\"value\":13,\"sampleType\":\"1\",\"result\":\"1\",\"measureTime\":\"2023-05-31 15:50:00\",\"paperId\":\"1662428123929202690\",\"liquidId\":\"1662644783596404737\"}', 75, '0', '重复添加！', '2023-05-31 16:06:42', '2023-05-31 16:06:42', 'admin', 'admin');
INSERT INTO `sys_log` VALUES (1663819272711454722, '9', '新增质控记录', 'web', '127.0.0.1', 'Apifox/1.0.0 (https://apifox.com)', '/qc/record', 'POST', '{\"id\":\"\",\"sn\":\"3981293B101\",\"deptId\":\"1659386542775017473\",\"value\":13,\"sampleType\":\"1\",\"result\":\"1\",\"measureTime\":\"2023-05-31 15:50:00\",\"paperId\":\"1662428123929202690\",\"liquidId\":\"1662644783596404737\"}', 118, '0', '重复添加！', '2023-05-31 16:06:42', '2023-05-31 16:06:42', 'admin', 'admin');
INSERT INTO `sys_log` VALUES (1663819287534125057, '9', '新增质控记录', 'web', '127.0.0.1', 'Apifox/1.0.0 (https://apifox.com)', '/qc/record', 'POST', '{\"id\":\"\",\"sn\":\"3981293B101\",\"deptId\":\"1659386542775017473\",\"value\":13,\"sampleType\":\"1\",\"result\":\"1\",\"measureTime\":\"2023-05-31 15:50:00\",\"paperId\":\"1662428123929202690\",\"liquidId\":\"1662644783596404737\"}', 96, '0', '重复添加！', '2023-05-31 16:06:45', '2023-05-31 16:06:45', 'admin', 'admin');
INSERT INTO `sys_log` VALUES (1663819287739645953, '9', '新增质控记录', 'web', '127.0.0.1', 'Apifox/1.0.0 (https://apifox.com)', '/qc/record', 'POST', '{\"id\":\"\",\"sn\":\"3981293B101\",\"deptId\":\"1659386542775017473\",\"value\":13,\"sampleType\":\"1\",\"result\":\"1\",\"measureTime\":\"2023-05-31 15:50:00\",\"paperId\":\"1662428123929202690\",\"liquidId\":\"1662644783596404737\"}', 87, '0', '重复添加！', '2023-05-31 16:06:45', '2023-05-31 16:06:45', 'admin', 'admin');
INSERT INTO `sys_log` VALUES (1663819287798366210, '9', '新增质控记录', 'web', '127.0.0.1', 'Apifox/1.0.0 (https://apifox.com)', '/qc/record', 'POST', '{\"id\":\"\",\"sn\":\"3981293B101\",\"deptId\":\"1659386542775017473\",\"value\":13,\"sampleType\":\"1\",\"result\":\"1\",\"measureTime\":\"2023-05-31 15:50:00\",\"paperId\":\"1662428123929202690\",\"liquidId\":\"1662644783596404737\"}', 97, '0', '重复添加！', '2023-05-31 16:06:45', '2023-05-31 16:06:45', 'admin', 'admin');
INSERT INTO `sys_log` VALUES (1663819288117133313, '9', '新增质控记录', 'web', '127.0.0.1', 'Apifox/1.0.0 (https://apifox.com)', '/qc/record', 'POST', '{\"id\":\"\",\"sn\":\"3981293B101\",\"deptId\":\"1659386542775017473\",\"value\":13,\"sampleType\":\"1\",\"result\":\"1\",\"measureTime\":\"2023-05-31 15:50:00\",\"paperId\":\"1662428123929202690\",\"liquidId\":\"1662644783596404737\"}', 123, '0', '重复添加！', '2023-05-31 16:06:45', '2023-05-31 16:06:45', 'admin', 'admin');
INSERT INTO `sys_log` VALUES (1663819310476967938, '9', '新增质控记录', 'web', '127.0.0.1', 'Apifox/1.0.0 (https://apifox.com)', '/qc/record', 'POST', '{\"id\":\"\",\"sn\":\"3981293B101\",\"deptId\":\"1659386542775017473\",\"value\":13,\"sampleType\":\"1\",\"result\":\"1\",\"measureTime\":\"2023-05-31 15:50:00\",\"paperId\":\"1662428123929202690\",\"liquidId\":\"1662644783596404737\"}', 94, '0', '重复添加！', '2023-05-31 16:06:51', '2023-05-31 16:06:51', 'admin', 'admin');
INSERT INTO `sys_log` VALUES (1663819310942535682, '9', '新增质控记录', 'web', '127.0.0.1', 'Apifox/1.0.0 (https://apifox.com)', '/qc/record', 'POST', '{\"id\":\"\",\"sn\":\"3981293B101\",\"deptId\":\"1659386542775017473\",\"value\":13,\"sampleType\":\"1\",\"result\":\"1\",\"measureTime\":\"2023-05-31 15:50:00\",\"paperId\":\"1662428123929202690\",\"liquidId\":\"1662644783596404737\"}', 88, '0', '重复添加！', '2023-05-31 16:06:51', '2023-05-31 16:06:51', 'admin', 'admin');
INSERT INTO `sys_log` VALUES (1663819311257108482, '9', '新增质控记录', 'web', '127.0.0.1', 'Apifox/1.0.0 (https://apifox.com)', '/qc/record', 'POST', '{\"id\":\"\",\"sn\":\"3981293B101\",\"deptId\":\"1659386542775017473\",\"value\":13,\"sampleType\":\"1\",\"result\":\"1\",\"measureTime\":\"2023-05-31 15:50:00\",\"paperId\":\"1662428123929202690\",\"liquidId\":\"1662644783596404737\"}', 211, '0', '重复添加！', '2023-05-31 16:06:51', '2023-05-31 16:06:51', 'admin', 'admin');
INSERT INTO `sys_log` VALUES (1663819311328411650, '9', '新增质控记录', 'web', '127.0.0.1', 'Apifox/1.0.0 (https://apifox.com)', '/qc/record', 'POST', '{\"id\":\"\",\"sn\":\"3981293B101\",\"deptId\":\"1659386542775017473\",\"value\":13,\"sampleType\":\"1\",\"result\":\"1\",\"measureTime\":\"2023-05-31 15:50:00\",\"paperId\":\"1662428123929202690\",\"liquidId\":\"1662644783596404737\"}', 165, '0', '重复添加！', '2023-05-31 16:06:51', '2023-05-31 16:06:51', 'admin', 'admin');
INSERT INTO `sys_log` VALUES (1663819936036438017, '9', '新增质控记录', 'web', '127.0.0.1', 'Apifox/1.0.0 (https://apifox.com)', '/qc/record', 'POST', '{', 79, '0', '重复添加！', '2023-05-31 16:09:20', '2023-05-31 16:09:20', 'admin', 'admin');
INSERT INTO `sys_log` VALUES (1663819936036438018, '9', '新增质控记录', 'web', '127.0.0.1', 'Apifox/1.0.0 (https://apifox.com)', '/qc/record', 'POST', '{', 69, '0', '重复添加！', '2023-05-31 16:09:20', '2023-05-31 16:09:20', 'admin', 'admin');
INSERT INTO `sys_log` VALUES (1663819936107741185, '9', '新增质控记录', 'web', '127.0.0.1', 'Apifox/1.0.0 (https://apifox.com)', '/qc/record', 'POST', '{', 101, '0', '重复添加！', '2023-05-31 16:09:20', '2023-05-31 16:09:20', 'admin', 'admin');
INSERT INTO `sys_log` VALUES (1663819953459576834, '0', '新增质控记录', 'web', '127.0.0.1', 'Apifox/1.0.0 (https://apifox.com)', '/qc/record', 'POST', '{', 92, '0', NULL, '2023-05-31 16:09:24', '2023-05-31 16:09:24', 'admin', 'admin');
INSERT INTO `sys_log` VALUES (1663819953858035714, '9', '新增质控记录', 'web', '127.0.0.1', 'Apifox/1.0.0 (https://apifox.com)', '/qc/record', 'POST', '{', 119, '0', '重复添加！', '2023-05-31 16:09:24', '2023-05-31 16:09:24', 'admin', 'admin');
INSERT INTO `sys_log` VALUES (1663819954021613570, '9', '新增质控记录', 'web', '127.0.0.1', 'Apifox/1.0.0 (https://apifox.com)', '/qc/record', 'POST', '{', 123, '0', '重复添加！', '2023-05-31 16:09:24', '2023-05-31 16:09:24', 'admin', 'admin');
INSERT INTO `sys_log` VALUES (1663819958895394818, '9', '新增质控记录', 'web', '127.0.0.1', 'Apifox/1.0.0 (https://apifox.com)', '/qc/record', 'POST', '{', 71, '0', '重复添加！', '2023-05-31 16:09:25', '2023-05-31 16:09:25', 'admin', 'admin');
INSERT INTO `sys_log` VALUES (1663819959029612545, '9', '新增质控记录', 'web', '127.0.0.1', 'Apifox/1.0.0 (https://apifox.com)', '/qc/record', 'POST', '{', 88, '0', '重复添加！', '2023-05-31 16:09:25', '2023-05-31 16:09:25', 'admin', 'admin');
INSERT INTO `sys_log` VALUES (1663819959113498626, '9', '新增质控记录', 'web', '127.0.0.1', 'Apifox/1.0.0 (https://apifox.com)', '/qc/record', 'POST', '{', 180, '0', '重复添加！', '2023-05-31 16:09:25', '2023-05-31 16:09:25', 'admin', 'admin');
INSERT INTO `sys_log` VALUES (1663819970094186497, '9', '新增质控记录', 'web', '127.0.0.1', 'Apifox/1.0.0 (https://apifox.com)', '/qc/record', 'POST', '{', 74, '0', '重复添加！', '2023-05-31 16:09:28', '2023-05-31 16:09:28', 'admin', 'admin');
INSERT INTO `sys_log` VALUES (1663819970731720705, '9', '新增质控记录', 'web', '127.0.0.1', 'Apifox/1.0.0 (https://apifox.com)', '/qc/record', 'POST', '{', 99, '0', '重复添加！', '2023-05-31 16:09:28', '2023-05-31 16:09:28', 'admin', 'admin');
INSERT INTO `sys_log` VALUES (1663819970991767553, '9', '新增质控记录', 'web', '127.0.0.1', 'Apifox/1.0.0 (https://apifox.com)', '/qc/record', 'POST', '{', 429, '0', '重复添加！', '2023-05-31 16:09:28', '2023-05-31 16:09:28', 'admin', 'admin');
INSERT INTO `sys_log` VALUES (1663819972371693569, '0', '新增质控记录', 'web', '127.0.0.1', 'Apifox/1.0.0 (https://apifox.com)', '/qc/record', 'POST', '{', 141, '0', NULL, '2023-05-31 16:09:28', '2023-05-31 16:09:28', 'admin', 'admin');
INSERT INTO `sys_log` VALUES (1663819972765958146, '9', '新增质控记录', 'web', '127.0.0.1', 'Apifox/1.0.0 (https://apifox.com)', '/qc/record', 'POST', '{', 199, '0', '重复添加！', '2023-05-31 16:09:28', '2023-05-31 16:09:28', 'admin', 'admin');
INSERT INTO `sys_log` VALUES (1663819972765958147, '9', '新增质控记录', 'web', '127.0.0.1', 'Apifox/1.0.0 (https://apifox.com)', '/qc/record', 'POST', '{', 198, '0', '重复添加！', '2023-05-31 16:09:28', '2023-05-31 16:09:28', 'admin', 'admin');
INSERT INTO `sys_log` VALUES (1663819982995865602, '9', '新增质控记录', 'web', '127.0.0.1', 'Apifox/1.0.0 (https://apifox.com)', '/qc/record', 'POST', '{', 94, '0', '重复添加！', '2023-05-31 16:09:31', '2023-05-31 16:09:31', 'admin', 'admin');
INSERT INTO `sys_log` VALUES (1663819983260106754, '9', '新增质控记录', 'web', '127.0.0.1', 'Apifox/1.0.0 (https://apifox.com)', '/qc/record', 'POST', '{', 110, '0', '重复添加！', '2023-05-31 16:09:31', '2023-05-31 16:09:31', 'admin', 'admin');
INSERT INTO `sys_log` VALUES (1663819991879401474, '0', '新增质控记录', 'web', '127.0.0.1', 'Apifox/1.0.0 (https://apifox.com)', '/qc/record', 'POST', '{', 79, '0', NULL, '2023-05-31 16:09:33', '2023-05-31 16:09:33', 'admin', 'admin');
INSERT INTO `sys_log` VALUES (1663819992173002753, '9', '新增质控记录', 'web', '127.0.0.1', 'Apifox/1.0.0 (https://apifox.com)', '/qc/record', 'POST', '{', 87, '0', '重复添加！', '2023-05-31 16:09:33', '2023-05-31 16:09:33', 'admin', 'admin');
INSERT INTO `sys_log` VALUES (1663819992592433154, '9', '新增质控记录', 'web', '127.0.0.1', 'Apifox/1.0.0 (https://apifox.com)', '/qc/record', 'POST', '{', 206, '0', '重复添加！', '2023-05-31 16:09:33', '2023-05-31 16:09:33', 'admin', 'admin');
INSERT INTO `sys_log` VALUES (1663820006165200897, '9', '新增质控记录', 'web', '127.0.0.1', 'Apifox/1.0.0 (https://apifox.com)', '/qc/record', 'POST', '{', 85, '0', '重复添加！', '2023-05-31 16:09:36', '2023-05-31 16:09:36', 'admin', 'admin');
INSERT INTO `sys_log` VALUES (1663820006307807234, '9', '新增质控记录', 'web', '127.0.0.1', 'Apifox/1.0.0 (https://apifox.com)', '/qc/record', 'POST', '{', 110, '0', '重复添加！', '2023-05-31 16:09:36', '2023-05-31 16:09:36', 'admin', 'admin');
INSERT INTO `sys_log` VALUES (1663820006488162306, '9', '新增质控记录', 'web', '127.0.0.1', 'Apifox/1.0.0 (https://apifox.com)', '/qc/record', 'POST', '{', 78, '0', '重复添加！', '2023-05-31 16:09:36', '2023-05-31 16:09:36', 'admin', 'admin');
INSERT INTO `sys_log` VALUES (1663820010632134657, '9', '新增质控记录', 'web', '127.0.0.1', 'Apifox/1.0.0 (https://apifox.com)', '/qc/record', 'POST', '{', 228, '0', '重复添加！', '2023-05-31 16:09:37', '2023-05-31 16:09:37', 'admin', 'admin');
INSERT INTO `sys_log` VALUES (1663820011210948609, '9', '新增质控记录', 'web', '127.0.0.1', 'Apifox/1.0.0 (https://apifox.com)', '/qc/record', 'POST', '{', 710, '0', '重复添加！', '2023-05-31 16:09:38', '2023-05-31 16:09:38', 'admin', 'admin');
INSERT INTO `sys_log` VALUES (1663820011269668865, '9', '新增质控记录', 'web', '127.0.0.1', 'Apifox/1.0.0 (https://apifox.com)', '/qc/record', 'POST', '{', 741, '0', '重复添加！', '2023-05-31 16:09:38', '2023-05-31 16:09:38', 'admin', 'admin');
INSERT INTO `sys_log` VALUES (1663820011269668866, '9', '新增质控记录', 'web', '127.0.0.1', 'Apifox/1.0.0 (https://apifox.com)', '/qc/record', 'POST', '{', 746, '0', '重复添加！', '2023-05-31 16:09:38', '2023-05-31 16:09:38', 'admin', 'admin');
INSERT INTO `sys_log` VALUES (1663820012444073986, '0', '新增质控记录', 'web', '127.0.0.1', 'Apifox/1.0.0 (https://apifox.com)', '/qc/record', 'POST', '{', 185, '0', NULL, '2023-05-31 16:09:38', '2023-05-31 16:09:38', 'admin', 'admin');
INSERT INTO `sys_log` VALUES (1663820012909641730, '9', '新增质控记录', 'web', '127.0.0.1', 'Apifox/1.0.0 (https://apifox.com)', '/qc/record', 'POST', '{', 205, '0', '重复添加！', '2023-05-31 16:09:38', '2023-05-31 16:09:38', 'admin', 'admin');
INSERT INTO `sys_log` VALUES (1663820013157105665, '9', '新增质控记录', 'web', '127.0.0.1', 'Apifox/1.0.0 (https://apifox.com)', '/qc/record', 'POST', '{', 299, '0', '重复添加！', '2023-05-31 16:09:38', '2023-05-31 16:09:38', 'admin', 'admin');
INSERT INTO `sys_log` VALUES (1663820033629503490, '9', '新增质控记录', 'web', '127.0.0.1', 'Apifox/1.0.0 (https://apifox.com)', '/qc/record', 'POST', '{', 263, '0', '重复添加！', '2023-05-31 16:09:43', '2023-05-31 16:09:43', 'admin', 'admin');
INSERT INTO `sys_log` VALUES (1663820033763721218, '9', '新增质控记录', 'web', '127.0.0.1', 'Apifox/1.0.0 (https://apifox.com)', '/qc/record', 'POST', '{', 354, '0', '重复添加！', '2023-05-31 16:09:43', '2023-05-31 16:09:43', 'admin', 'admin');
INSERT INTO `sys_log` VALUES (1663820034023768065, '9', '新增质控记录', 'web', '127.0.0.1', 'Apifox/1.0.0 (https://apifox.com)', '/qc/record', 'POST', '{', 273, '0', '重复添加！', '2023-05-31 16:09:43', '2023-05-31 16:09:43', 'admin', 'admin');
INSERT INTO `sys_log` VALUES (1663820034833268738, '9', '新增质控记录', 'web', '127.0.0.1', 'Apifox/1.0.0 (https://apifox.com)', '/qc/record', 'POST', '{', 334, '0', '重复添加！', '2023-05-31 16:09:43', '2023-05-31 16:09:43', 'admin', 'admin');
INSERT INTO `sys_log` VALUES (1663820034938126338, '9', '新增质控记录', 'web', '127.0.0.1', 'Apifox/1.0.0 (https://apifox.com)', '/qc/record', 'POST', '{', 470, '0', '重复添加！', '2023-05-31 16:09:43', '2023-05-31 16:09:43', 'admin', 'admin');
INSERT INTO `sys_log` VALUES (1663820035072344065, '9', '新增质控记录', 'web', '127.0.0.1', 'Apifox/1.0.0 (https://apifox.com)', '/qc/record', 'POST', '{', 562, '0', '重复添加！', '2023-05-31 16:09:43', '2023-05-31 16:09:43', 'admin', 'admin');
INSERT INTO `sys_log` VALUES (1663820045767819265, '9', '新增质控记录', 'web', '127.0.0.1', 'Apifox/1.0.0 (https://apifox.com)', '/qc/record', 'POST', '{', 97, '0', '重复添加！', '2023-05-31 16:09:46', '2023-05-31 16:09:46', 'admin', 'admin');
INSERT INTO `sys_log` VALUES (1663820047076442113, '9', '新增质控记录', 'web', '127.0.0.1', 'Apifox/1.0.0 (https://apifox.com)', '/qc/record', 'POST', '{', 68, '0', '重复添加！', '2023-05-31 16:09:46', '2023-05-31 16:09:46', 'admin', 'admin');
INSERT INTO `sys_log` VALUES (1663820047730753538, '9', '新增质控记录', 'web', '127.0.0.1', 'Apifox/1.0.0 (https://apifox.com)', '/qc/record', 'POST', '{', 89, '0', '重复添加！', '2023-05-31 16:09:46', '2023-05-31 16:09:46', 'admin', 'admin');
INSERT INTO `sys_log` VALUES (1663820047806251010, '9', '新增质控记录', 'web', '127.0.0.1', 'Apifox/1.0.0 (https://apifox.com)', '/qc/record', 'POST', '{', 76, '0', '重复添加！', '2023-05-31 16:09:46', '2023-05-31 16:09:46', 'admin', 'admin');
INSERT INTO `sys_log` VALUES (1663820055750262786, '9', '新增质控记录', 'web', '127.0.0.1', 'Apifox/1.0.0 (https://apifox.com)', '/qc/record', 'POST', '{', 77, '0', '重复添加！', '2023-05-31 16:09:48', '2023-05-31 16:09:48', 'admin', 'admin');
INSERT INTO `sys_log` VALUES (1663820063664914433, '9', '新增质控记录', 'web', '127.0.0.1', 'Apifox/1.0.0 (https://apifox.com)', '/qc/record', 'POST', '{', 1895, '0', '重复添加！', '2023-05-31 16:09:50', '2023-05-31 16:09:50', 'admin', 'admin');
INSERT INTO `sys_log` VALUES (1663820063740411905, '9', '新增质控记录', 'web', '127.0.0.1', 'Apifox/1.0.0 (https://apifox.com)', '/qc/record', 'POST', '{', 1885, '0', '重复添加！', '2023-05-31 16:09:50', '2023-05-31 16:09:50', 'admin', 'admin');
INSERT INTO `sys_log` VALUES (1663820063790743553, '9', '新增质控记录', 'web', '127.0.0.1', 'Apifox/1.0.0 (https://apifox.com)', '/qc/record', 'POST', '{', 688, '0', '重复添加！', '2023-05-31 16:09:50', '2023-05-31 16:09:50', 'admin', 'admin');
INSERT INTO `sys_log` VALUES (1663820078038794242, '9', '新增质控记录', 'web', '127.0.0.1', 'Apifox/1.0.0 (https://apifox.com)', '/qc/record', 'POST', '{', 86, '0', '重复添加！', '2023-05-31 16:09:54', '2023-05-31 16:09:54', 'admin', 'admin');
INSERT INTO `sys_log` VALUES (1663820078286258177, '9', '新增质控记录', 'web', '127.0.0.1', 'Apifox/1.0.0 (https://apifox.com)', '/qc/record', 'POST', '{', 117, '0', '重复添加！', '2023-05-31 16:09:54', '2023-05-31 16:09:54', 'admin', 'admin');
INSERT INTO `sys_log` VALUES (1663820079066398722, '9', '新增质控记录', 'web', '127.0.0.1', 'Apifox/1.0.0 (https://apifox.com)', '/qc/record', 'POST', '{', 253, '0', '重复添加！', '2023-05-31 16:09:54', '2023-05-31 16:09:54', 'admin', 'admin');
INSERT INTO `sys_log` VALUES (1663820079259336706, '9', '新增质控记录', 'web', '127.0.0.1', 'Apifox/1.0.0 (https://apifox.com)', '/qc/record', 'POST', '{', 195, '0', '重复添加！', '2023-05-31 16:09:54', '2023-05-31 16:09:54', 'admin', 'admin');
INSERT INTO `sys_log` VALUES (1663820083332005889, '9', '新增质控记录', 'web', '127.0.0.1', 'Apifox/1.0.0 (https://apifox.com)', '/qc/record', 'POST', '{', 92, '0', '重复添加！', '2023-05-31 16:09:55', '2023-05-31 16:09:55', 'admin', 'admin');
INSERT INTO `sys_log` VALUES (1663820083390726146, '9', '新增质控记录', 'web', '127.0.0.1', 'Apifox/1.0.0 (https://apifox.com)', '/qc/record', 'POST', '{', 138, '0', '重复添加！', '2023-05-31 16:09:55', '2023-05-31 16:09:55', 'admin', 'admin');
INSERT INTO `sys_log` VALUES (1663820100365074433, '9', '新增质控记录', 'web', '127.0.0.1', 'Apifox/1.0.0 (https://apifox.com)', '/qc/record', 'POST', '{', 52, '0', '重复添加！', '2023-05-31 16:09:59', '2023-05-31 16:09:59', 'admin', 'admin');
INSERT INTO `sys_log` VALUES (1663820100415406081, '9', '新增质控记录', 'web', '127.0.0.1', 'Apifox/1.0.0 (https://apifox.com)', '/qc/record', 'POST', '{', 45, '0', '重复添加！', '2023-05-31 16:09:59', '2023-05-31 16:09:59', 'admin', 'admin');
INSERT INTO `sys_log` VALUES (1663820100474126338, '9', '新增质控记录', 'web', '127.0.0.1', 'Apifox/1.0.0 (https://apifox.com)', '/qc/record', 'POST', '{', 53, '0', '重复添加！', '2023-05-31 16:09:59', '2023-05-31 16:09:59', 'admin', 'admin');
INSERT INTO `sys_log` VALUES (1663820124280995841, '9', '新增质控记录', 'web', '127.0.0.1', 'Apifox/1.0.0 (https://apifox.com)', '/qc/record', 'POST', '{', 99, '0', '重复添加！', '2023-05-31 16:10:05', '2023-05-31 16:10:05', 'admin', 'admin');
INSERT INTO `sys_log` VALUES (1663820124767535106, '9', '新增质控记录', 'web', '127.0.0.1', 'Apifox/1.0.0 (https://apifox.com)', '/qc/record', 'POST', '{', 130, '0', '重复添加！', '2023-05-31 16:10:05', '2023-05-31 16:10:05', 'admin', 'admin');
INSERT INTO `sys_log` VALUES (1663820124805283841, '9', '新增质控记录', 'web', '127.0.0.1', 'Apifox/1.0.0 (https://apifox.com)', '/qc/record', 'POST', '{', 196, '0', '重复添加！', '2023-05-31 16:10:05', '2023-05-31 16:10:05', 'admin', 'admin');
INSERT INTO `sys_log` VALUES (1664473530452594690, '0', '登录成功', 'web', '127.0.0.1', 'Mozilla/5.0 (Windows NT 10.0; Win64; x64) AppleWebKit/537.36 (KHTML, like Gecko) Chrome/113.0.0.0 Safari/537.36', '/oauth2/token', 'POST', 'randomStr=%5B%5D&password=%5B123456%5D&code=%5B%5D&grant_type=%5Bpassword%5D&scope=%5Bserver%5D&hosId=%5B1659018792143663105%5D&username=%5Badmin%5D', 3268, '0', NULL, '2023-06-02 11:26:29', '2023-06-02 11:26:29', 'admin', 'admin');
INSERT INTO `sys_log` VALUES (1664473929712586753, '0', '新增数据源表', 'web', '127.0.0.1', 'Mozilla/5.0 (Windows NT 10.0; Win64; x64) AppleWebKit/537.36 (KHTML, like Gecko) Chrome/113.0.0.0 Safari/537.36', '/dsconf', 'POST', '{\"id\":\"\",\"name\":\"codeape_inhos\",\"url\":\"jdbc:mysql://codeape-mysql:3306/codeape_inhos?characterEncoding=utf8&zeroDateTimeBehavior=convertToNull&useSSL=false&useJDBCCompliantTimezoneShift=true&useLegacyDatetimeCode=false&serverTimezone=Asia/Shanghai&nullCatalogMeansCurrent=true&allowPublicKeyRetrieval=true\",\"username\":\"root\",\"password\":\"Nov2014\",\"createTime\":\"\",\"updateTime\":\"\"}', 43, '0', NULL, '2023-06-02 11:28:04', '2023-06-02 11:28:04', 'admin', 'admin');
INSERT INTO `sys_log` VALUES (1664487958308900865, '0', '新增岗位信息表', 'web', '127.0.0.1', 'Mozilla/5.0 (Windows NT 10.0; Win64; x64) AppleWebKit/537.36 (KHTML, like Gecko) Chrome/113.0.0.0 Safari/537.36', '/post', 'POST', '{\"postName\":\"院外医生\",\"postCode\":\"OUT_HOS_DOC\",\"remark\":\"院外医生\",\"postSort\":5,\"createTime\":\"\"}', 17, '0', NULL, '2023-06-02 12:23:49', '2023-06-02 12:23:49', 'admin', 'admin');
INSERT INTO `sys_log` VALUES (1664488078542819329, '0', '修改岗位信息表', 'web', '127.0.0.1', 'Mozilla/5.0 (Windows NT 10.0; Win64; x64) AppleWebKit/537.36 (KHTML, like Gecko) Chrome/113.0.0.0 Safari/537.36', '/post', 'PUT', '{\"postName\":\"住院医生\",\"postCode\":\"IN_HOS_DOC\",\"remark\":\"住院医生\",\"postSort\":0,\"createTime\":\"2022-03-19 10:06:20\",\"createBy\":\"admin\",\"updateBy\":\"admin\",\"updateTime\":\"2023-05-19 12:27:43\",\"postId\":\"2\",\"hosId\":\"1659018792143663105\",\"delFlag\":\"0\"}', 19, '0', NULL, '2023-06-02 12:24:17', '2023-06-02 12:24:17', 'admin', 'admin');
INSERT INTO `sys_log` VALUES (1664488165239083010, '0', '修改岗位信息表', 'web', '127.0.0.1', 'Mozilla/5.0 (Windows NT 10.0; Win64; x64) AppleWebKit/537.36 (KHTML, like Gecko) Chrome/113.0.0.0 Safari/537.36', '/post', 'PUT', '{\"postName\":\"住院护士\",\"postCode\":\"IN_HOS_NURSE\",\"remark\":\"住院护士\",\"postSort\":0,\"createTime\":\"2023-05-19 13:53:28\",\"createBy\":\"admin\",\"updateBy\":\"admin\",\"updateTime\":\"2023-05-19 13:53:28\",\"postId\":\"1659437092614897665\",\"hosId\":\"1659018792143663105\",\"delFlag\":\"0\"}', 11, '0', NULL, '2023-06-02 12:24:38', '2023-06-02 12:24:38', 'admin', 'admin');
INSERT INTO `sys_log` VALUES (1664488275322785793, '0', '新增岗位信息表', 'web', '127.0.0.1', 'Mozilla/5.0 (Windows NT 10.0; Win64; x64) AppleWebKit/537.36 (KHTML, like Gecko) Chrome/113.0.0.0 Safari/537.36', '/post', 'POST', '{\"postName\":\"门诊医生\",\"postCode\":\"MZ_INHOS_DOC\",\"remark\":\"门诊医生\",\"postSort\":0,\"createTime\":\"\"}', 11, '0', NULL, '2023-06-02 12:25:04', '2023-06-02 12:25:04', 'admin', 'admin');
INSERT INTO `sys_log` VALUES (1664488426510667777, '0', '新增岗位信息表', 'web', '127.0.0.1', 'Mozilla/5.0 (Windows NT 10.0; Win64; x64) AppleWebKit/537.36 (KHTML, like Gecko) Chrome/113.0.0.0 Safari/537.36', '/post', 'POST', '{\"postName\":\"体检医生\",\"postCode\":\"physical_DOC\",\"remark\":\"体检医生\",\"postSort\":0,\"createTime\":\"\"}', 16, '0', NULL, '2023-06-02 12:25:40', '2023-06-02 12:25:40', 'admin', 'admin');
INSERT INTO `sys_log` VALUES (1664488583818039297, '0', '修改岗位信息表', 'web', '127.0.0.1', 'Mozilla/5.0 (Windows NT 10.0; Win64; x64) AppleWebKit/537.36 (KHTML, like Gecko) Chrome/113.0.0.0 Safari/537.36', '/post', 'PUT', '{\"postName\":\"体检医生\",\"postCode\":\"PHYSICAL_DOC\",\"remark\":\"体检医生\",\"postSort\":0,\"createTime\":\"2023-06-02 12:25:40\",\"createBy\":\"admin\",\"updateBy\":\"admin\",\"updateTime\":\"2023-06-02 12:25:40\",\"postId\":\"1664488426309341185\",\"hosId\":\"1659018792143663105\",\"delFlag\":\"0\"}', 9, '0', NULL, '2023-06-02 12:26:18', '2023-06-02 12:26:18', 'admin', 'admin');
INSERT INTO `sys_log` VALUES (1664488944704344066, '0', '修改岗位信息表', 'web', '127.0.0.1', 'Mozilla/5.0 (Windows NT 10.0; Win64; x64) AppleWebKit/537.36 (KHTML, like Gecko) Chrome/113.0.0.0 Safari/537.36', '/post', 'PUT', '{\"postName\":\"院长\",\"postCode\":\"BOSS\",\"remark\":\"大boss\",\"postSort\":-1,\"createTime\":\"2022-03-19 10:06:35\",\"createBy\":\"admin\",\"updateBy\":\"admin\",\"updateTime\":\"2023-05-19 12:27:25\",\"postId\":\"3\",\"hosId\":\"1659018792143663105\",\"delFlag\":\"0\"}', 15, '0', NULL, '2023-06-02 12:27:44', '2023-06-02 12:27:44', 'admin', 'admin');
INSERT INTO `sys_log` VALUES (1664557236450226177, '0', '登录成功', 'web', '127.0.0.1', 'Mozilla/5.0 (Windows NT 10.0; Win64; x64) AppleWebKit/537.36 (KHTML, like Gecko) Chrome/113.0.0.0 Safari/537.36', '/oauth2/token', 'POST', 'randomStr=%5B%5D&password=%5B123456%5D&code=%5B%5D&grant_type=%5Bpassword%5D&scope=%5Bserver%5D&hosId=%5B1659018792143663105%5D&username=%5Badmin%5D', 452, '0', NULL, '2023-06-02 16:59:06', '2023-06-02 16:59:06', 'admin', 'admin');
INSERT INTO `sys_log` VALUES (1664966058507468802, '0', '登录成功', 'web', '127.0.0.1', 'Mozilla/5.0 (Windows NT 10.0; Win64; x64) AppleWebKit/537.36 (KHTML, like Gecko) Chrome/113.0.0.0 Safari/537.36', '/oauth2/token', 'POST', 'randomStr=%5B%5D&password=%5B123456%5D&code=%5B%5D&grant_type=%5Bpassword%5D&scope=%5Bserver%5D&hosId=%5B1659018792143663105%5D&username=%5Badmin%5D', 569, '0', NULL, '2023-06-03 20:03:37', '2023-06-03 20:03:37', 'admin', 'admin');
INSERT INTO `sys_log` VALUES (1664966871665573890, '0', '更新菜单', 'web', '127.0.0.1', 'Mozilla/5.0 (Windows NT 10.0; Win64; x64) AppleWebKit/537.36 (KHTML, like Gecko) Chrome/113.0.0.0 Safari/537.36', '/menu', 'PUT', '{\"createBy\":null,\"createTime\":\"2018-01-20 13:17:19\",\"updateBy\":null,\"updateTime\":\"2018-07-29 13:38:19\",\"menuId\":\"1685676844730\",\"name\":\"住院管理\",\"permission\":\"\",\"parentId\":\"-1\",\"icon\":\"icon-bangzhushouji\",\"path\":\"/inhos/index\",\"sortOrder\":7,\"type\":\"0\",\"keepAlive\":\"0\",\"delFlag\":\"0\"}', 47, '0', NULL, '2023-06-03 20:06:50', '2023-06-03 20:06:50', 'admin', 'admin');
INSERT INTO `sys_log` VALUES (1664967045515280385, '0', '更新菜单', 'web', '127.0.0.1', 'Mozilla/5.0 (Windows NT 10.0; Win64; x64) AppleWebKit/537.36 (KHTML, like Gecko) Chrome/113.0.0.0 Safari/537.36', '/menu', 'PUT', '{\"createBy\":null,\"createTime\":\"2018-01-20 13:17:19\",\"updateBy\":\"admin\",\"updateTime\":\"2023-06-03 20:06:49\",\"menuId\":\"1685676844730\",\"name\":\"住院管理\",\"permission\":\"\",\"parentId\":\"-1\",\"icon\":\"icon-jiaoseguanli\",\"path\":\"/inhos/index\",\"sortOrder\":7,\"type\":\"0\",\"keepAlive\":\"0\",\"delFlag\":\"0\"}', 17, '0', NULL, '2023-06-03 20:07:32', '2023-06-03 20:07:32', 'admin', 'admin');
INSERT INTO `sys_log` VALUES (1664967092638285826, '0', '更新角色菜单', 'web', '127.0.0.1', 'Mozilla/5.0 (Windows NT 10.0; Win64; x64) AppleWebKit/537.36 (KHTML, like Gecko) Chrome/113.0.0.0 Safari/537.36', '/role/menu', 'PUT', '{\"roleId\":\"1660134954269057025\",\"menuIds\":\"1000,1100,1101,1102,1103,1104,1200,1201,1202,1203,1300,1301,1302,1303,1304,1305,1400,1401,1402,1403,1500,1501,1502,1503,1504,1505,1684725265770,1684725265771,1684725265772,1684725265773,1684725265774,2000,2400,2401,2402,2403,2600,2601,2602,2603,2200,2201,2202,2203,2100,2101,2102,2300,2301,2700,2701,2702,2703,3000,3200,3300,3301,3302,3303,3400,3100,4000,1684374329728,1684374329729,1684374329730,1684374329731,1684374329732,1685002829989,1661700003911647234,1685002829991,1685002829990,1685002829992,1685002829993,1685178890515,1685178890516,1685178890517,1685178890518,1685178890519,1685191950869,1685191950870,1685191950871,1685191950872,1685191950873,1685247343294,1685247343295,1685247343296,1685247343297,1685247343298,1685350289870,1685350289871,1685350289872,1685350289873,1685350289874,1685676844730,1685676844731,1685676844732,1685676844733,1685676844734,9999,\"}', 195, '0', NULL, '2023-06-03 20:07:43', '2023-06-03 20:07:43', 'admin', 'admin');
INSERT INTO `sys_log` VALUES (1664967136112246786, '0', '退出成功', 'web', '127.0.0.1', 'Mozilla/5.0 (Windows NT 10.0; Win64; x64) AppleWebKit/537.36 (KHTML, like Gecko) Chrome/113.0.0.0 Safari/537.36', '/token/logout', 'DELETE', 'Bearer 8d0d89ea-bd01-4eaa-a73d-4235e10a3866', 0, '0', NULL, '2023-06-03 20:07:54', '2023-06-03 20:07:54', 'admin', 'admin');
INSERT INTO `sys_log` VALUES (1664967150846836738, '0', '登录成功', 'web', '127.0.0.1', 'Mozilla/5.0 (Windows NT 10.0; Win64; x64) AppleWebKit/537.36 (KHTML, like Gecko) Chrome/113.0.0.0 Safari/537.36', '/oauth2/token', 'POST', 'randomStr=%5B%5D&password=%5B123456%5D&code=%5B%5D&grant_type=%5Bpassword%5D&scope=%5Bserver%5D&hosId=%5B1659018792143663105%5D&username=%5Badmin%5D', 287, '0', NULL, '2023-06-03 20:07:57', '2023-06-03 20:07:57', 'admin', 'admin');
INSERT INTO `sys_log` VALUES (1664969466186530817, '0', '添加字典', 'web', '127.0.0.1', 'Mozilla/5.0 (Windows NT 10.0; Win64; x64) AppleWebKit/537.36 (KHTML, like Gecko) Chrome/113.0.0.0 Safari/537.36', '/dict', 'POST', '{\"dictKey\":\"diabetes_type\",\"description\":\"糖尿病类型\",\"systemFlag\":\"0\",\"remark\":\"糖尿病类型\",\"createTime\":\"\"}', 19, '0', NULL, '2023-06-03 20:17:09', '2023-06-03 20:17:09', 'admin', 'admin');
INSERT INTO `sys_log` VALUES (1664969694465720322, '0', '新增字典项', 'web', '127.0.0.1', 'Mozilla/5.0 (Windows NT 10.0; Win64; x64) AppleWebKit/537.36 (KHTML, like Gecko) Chrome/113.0.0.0 Safari/537.36', '/dict/item', 'POST', '{\"dictKey\":\"diabetes_type\",\"value\":\"1\",\"label\":\"I型\",\"type\":\"\",\"description\":\"I型糖尿病\",\"sortOrder\":1,\"remark\":\"\",\"dictId\":\"1664969466052313089\"}', 18, '0', NULL, '2023-06-03 20:18:03', '2023-06-03 20:18:03', 'admin', 'admin');
INSERT INTO `sys_log` VALUES (1664969789416374274, '0', '新增字典项', 'web', '127.0.0.1', 'Mozilla/5.0 (Windows NT 10.0; Win64; x64) AppleWebKit/537.36 (KHTML, like Gecko) Chrome/113.0.0.0 Safari/537.36', '/dict/item', 'POST', '{\"dictKey\":\"diabetes_type\",\"value\":\"2\",\"label\":\"II型\",\"type\":\"\",\"description\":\"II型糖尿病\",\"sortOrder\":2,\"remark\":\"\",\"dictId\":\"1664969466052313089\"}', 11, '0', NULL, '2023-06-03 20:18:26', '2023-06-03 20:18:26', 'admin', 'admin');
INSERT INTO `sys_log` VALUES (1664996000590970881, '0', '新增住院患者', 'web', '127.0.0.1', 'Mozilla/5.0 (Windows NT 10.0; Win64; x64) AppleWebKit/537.36 (KHTML, like Gecko) Chrome/113.0.0.0 Safari/537.36', '/pat', 'POST', '{\"id\":\"\",\"iptNum\":\"203495\",\"idCard\":\"\",\"name\":\"张三\",\"bedNum\":\"23\",\"iptTime\":\"2023-06-03 21:46:57\",\"deptId\":\"1659386542775017473\",\"phone\":\"\",\"gender\":\"1\",\"birthday\":\"2021-06-08\",\"docId\":\"1659458202844733441\",\"nurseId\":\"1662432715555459074\",\"leaveTime\":\"\",\"height\":\"120\",\"weight\":\"123\",\"diabetesType\":\"1\",\"diagnosis\":\"\",\"scanCode\":\"\"}', 28334, '0', NULL, '2023-06-03 22:02:35', '2023-06-03 22:02:35', 'admin', 'admin');
INSERT INTO `sys_log` VALUES (1664996971610095618, '0', '新增住院患者', 'web', '127.0.0.1', 'Mozilla/5.0 (Windows NT 10.0; Win64; x64) AppleWebKit/537.36 (KHTML, like Gecko) Chrome/113.0.0.0 Safari/537.36', '/pat', 'POST', '{\"id\":\"\",\"iptNum\":\"23941\",\"idCard\":\"\",\"name\":\"李四\",\"bedNum\":\"12\",\"iptTime\":\"2023-06-03 22:06:01\",\"deptId\":\"1659386264763965441\",\"phone\":\"\",\"gender\":\"1\",\"birthday\":\"2020-06-17\",\"docId\":\"1659441176889720833\",\"nurseId\":\"1662432715555459074\",\"leaveTime\":\"\",\"height\":\"\",\"weight\":\"\",\"diabetesType\":\"\",\"diagnosis\":\"\",\"scanCode\":\"\"}', 11546, '0', NULL, '2023-06-03 22:06:27', '2023-06-03 22:06:27', 'admin', 'admin');
INSERT INTO `sys_log` VALUES (1665000521404760065, '0', '登录成功', 'web', '127.0.0.1', 'Apifox/1.0.0 (https://apifox.com)', '/oauth2/token', 'POST', 'password=%5B123456%5D&grant_type=%5Bpassword%5D&scope=%5Bserver%5D&hosId=%5B1659018792143663105%5D&username=%5Badmin%5D', 326, '0', NULL, '2023-06-03 22:20:33', '2023-06-03 22:20:33', 'admin', 'admin');
INSERT INTO `sys_log` VALUES (1665001350966788098, '0', '办理出院', 'web', '127.0.0.1', 'Apifox/1.0.0 (https://apifox.com)', '/pat/leave', 'POST', '{', 7930, '0', NULL, '2023-06-03 22:23:51', '2023-06-03 22:23:51', 'admin', 'admin');
INSERT INTO `sys_log` VALUES (1665002888409890817, '0', '办理出院', 'web', '127.0.0.1', 'Apifox/1.0.0 (https://apifox.com)', '/pat/leave', 'POST', '{', 3248, '0', NULL, '2023-06-03 22:29:58', '2023-06-03 22:29:58', 'admin', 'admin');
INSERT INTO `sys_log` VALUES (1665169310217834498, '0', '登录成功', 'web', '127.0.0.1', 'Mozilla/5.0 (Windows NT 10.0; Win64; x64) AppleWebKit/537.36 (KHTML, like Gecko) Chrome/113.0.0.0 Safari/537.36', '/oauth2/token', 'POST', 'randomStr=%5B%5D&password=%5B123456%5D&code=%5B%5D&grant_type=%5Bpassword%5D&scope=%5Bserver%5D&hosId=%5B1659018792143663105%5D&username=%5Badmin%5D', 1289, '0', NULL, '2023-06-04 09:31:16', '2023-06-04 09:31:16', 'admin', 'admin');
INSERT INTO `sys_log` VALUES (1665170113712263169, '0', '新增菜单', 'web', '127.0.0.1', 'Mozilla/5.0 (Windows NT 10.0; Win64; x64) AppleWebKit/537.36 (KHTML, like Gecko) Chrome/113.0.0.0 Safari/537.36', '/menu', 'POST', '{\"name\":\"住院管理\",\"path\":\"/inhos\",\"icon\":\"icon-rizhi\",\"type\":\"0\",\"keepAlive\":\"0\",\"sortOrder\":999,\"parentId\":\"-1\"}', 39, '0', NULL, '2023-06-04 09:34:27', '2023-06-04 09:34:27', 'admin', 'admin');
INSERT INTO `sys_log` VALUES (1665170270335963138, '0', '更新菜单', 'web', '127.0.0.1', 'Mozilla/5.0 (Windows NT 10.0; Win64; x64) AppleWebKit/537.36 (KHTML, like Gecko) Chrome/113.0.0.0 Safari/537.36', '/menu', 'PUT', '{\"createBy\":null,\"createTime\":\"2018-01-20 13:17:19\",\"updateBy\":\"admin\",\"updateTime\":\"2023-06-03 20:07:32\",\"menuId\":\"1685676844730\",\"name\":\"住院患者\",\"permission\":\"\",\"parentId\":\"1665170110243573762\",\"icon\":\"icon-jiaoseguanli\",\"path\":\"/inhos/pat/index\",\"sortOrder\":1,\"type\":\"0\",\"keepAlive\":\"0\",\"delFlag\":\"0\"}', 51, '0', NULL, '2023-06-04 09:35:04', '2023-06-04 09:35:04', 'admin', 'admin');
INSERT INTO `sys_log` VALUES (1665170319644200962, '0', '清除菜单缓存', 'web', '127.0.0.1', 'Mozilla/5.0 (Windows NT 10.0; Win64; x64) AppleWebKit/537.36 (KHTML, like Gecko) Chrome/113.0.0.0 Safari/537.36', '/menu/cache', 'DELETE', '', 2, '0', NULL, '2023-06-04 09:35:16', '2023-06-04 09:35:16', 'admin', 'admin');
INSERT INTO `sys_log` VALUES (1665170358491844609, '0', '更新角色菜单', 'web', '127.0.0.1', 'Mozilla/5.0 (Windows NT 10.0; Win64; x64) AppleWebKit/537.36 (KHTML, like Gecko) Chrome/113.0.0.0 Safari/537.36', '/role/menu', 'PUT', '{\"roleId\":\"1660134954269057025\",\"menuIds\":\"1000,1100,1101,1102,1103,1104,1200,1201,1202,1203,1300,1301,1302,1303,1304,1305,1400,1401,1402,1403,1500,1501,1502,1503,1504,1505,1684725265770,1684725265771,1684725265772,1684725265773,1684725265774,2000,2400,2401,2402,2403,2600,2601,2602,2603,2200,2201,2202,2203,2100,2101,2102,2300,2301,2700,2701,2702,2703,3000,3200,3300,3301,3302,3303,3400,3100,4000,1684374329728,1684374329729,1684374329730,1684374329731,1684374329732,1685002829989,1661700003911647234,1685002829991,1685002829990,1685002829992,1685002829993,1685178890515,1685178890516,1685178890517,1685178890518,1685178890519,1685191950869,1685191950870,1685191950871,1685191950872,1685191950873,1685247343294,1685247343295,1685247343296,1685247343297,1685247343298,1685350289870,1685350289871,1685350289872,1685350289873,1685350289874,1665170110243573762,1685676844730,1685676844731,1685676844732,1685676844733,1685676844734,9999,\"}', 339, '0', NULL, '2023-06-04 09:35:25', '2023-06-04 09:35:25', 'admin', 'admin');
INSERT INTO `sys_log` VALUES (1665170380100898817, '0', '退出成功', 'web', '127.0.0.1', 'Mozilla/5.0 (Windows NT 10.0; Win64; x64) AppleWebKit/537.36 (KHTML, like Gecko) Chrome/113.0.0.0 Safari/537.36', '/token/logout', 'DELETE', 'Bearer ba616409-5147-43e3-957e-5e0728a10941', 0, '0', NULL, '2023-06-04 09:35:31', '2023-06-04 09:35:31', 'admin', 'admin');
INSERT INTO `sys_log` VALUES (1665170396089585665, '0', '登录成功', 'web', '127.0.0.1', 'Mozilla/5.0 (Windows NT 10.0; Win64; x64) AppleWebKit/537.36 (KHTML, like Gecko) Chrome/113.0.0.0 Safari/537.36', '/oauth2/token', 'POST', 'randomStr=%5B%5D&password=%5B123456%5D&code=%5B%5D&grant_type=%5Bpassword%5D&scope=%5Bserver%5D&hosId=%5B1659018792143663105%5D&username=%5Badmin%5D', 176, '0', NULL, '2023-06-04 09:35:34', '2023-06-04 09:35:34', 'admin', 'admin');
INSERT INTO `sys_log` VALUES (1665170669235245057, '0', '新增住院患者', 'web', '127.0.0.1', 'Mozilla/5.0 (Windows NT 10.0; Win64; x64) AppleWebKit/537.36 (KHTML, like Gecko) Chrome/113.0.0.0 Safari/537.36', '/pat', 'POST', '{\"id\":\"\",\"iptNum\":\"2930823\",\"idCard\":\"\",\"name\":\"袁天罡\",\"bedNum\":\"\",\"iptTime\":\"2023-06-04 09:36:23\",\"deptId\":\"1659386542775017473\",\"phone\":\"\",\"gender\":\"1\",\"birthday\":\"2021-06-14\",\"docId\":\"1659458202844733441\",\"nurseId\":\"1662432715555459074\",\"leaveTime\":\"\",\"height\":\"\",\"weight\":\"\",\"diabetesType\":\"1\",\"diagnosis\":\"\",\"scanCode\":\"\"}', 226, '0', NULL, '2023-06-04 09:36:40', '2023-06-04 09:36:40', 'admin', 'admin');
INSERT INTO `sys_log` VALUES (1665188940525244418, '0', '修改住院患者', 'web', '127.0.0.1', 'Mozilla/5.0 (Windows NT 10.0; Win64; x64) AppleWebKit/537.36 (KHTML, like Gecko) Chrome/113.0.0.0 Safari/537.36', '/pat', 'PUT', '{\"id\":\"1665170666039193602\",\"iptNum\":\"2930823\",\"idCard\":\"\",\"name\":\"袁天罡\",\"bedNum\":\"13\",\"iptTime\":\"2023-06-04 09:36:23\",\"deptId\":\"1659789309465214978\",\"phone\":\"\",\"gender\":\"1\",\"birthday\":\"2021-06-14\",\"docId\":\"1659458202844733441\",\"nurseId\":\"1662432715555459074\",\"leaveTime\":null,\"height\":null,\"weight\":null,\"diabetesType\":\"1\",\"diagnosis\":\"\",\"scanCode\":\"\",\"visitId\":\"1665170666005639169\",\"docName\":null,\"nurseName\":null,\"inGluValue\":null,\"outGluValue\":null}', 1705, '0', NULL, '2023-06-04 10:49:16', '2023-06-04 10:49:16', 'admin', 'admin');
INSERT INTO `sys_log` VALUES (1665235329619836929, '0', '新增菜单', 'web', '127.0.0.1', 'Mozilla/5.0 (Windows NT 10.0; Win64; x64) AppleWebKit/537.36 (KHTML, like Gecko) Chrome/113.0.0.0 Safari/537.36', '/menu', 'POST', '{\"name\":\"住院患者出院\",\"permission\":\"inhos_patinfo_leave\",\"type\":\"1\",\"keepAlive\":\"0\",\"sortOrder\":4,\"parentId\":\"1685676844730\"}', 93, '0', NULL, '2023-06-04 13:53:36', '2023-06-04 13:53:36', 'admin', 'admin');
INSERT INTO `sys_log` VALUES (1665235581148053506, '0', '更新角色菜单', 'web', '127.0.0.1', 'Mozilla/5.0 (Windows NT 10.0; Win64; x64) AppleWebKit/537.36 (KHTML, like Gecko) Chrome/113.0.0.0 Safari/537.36', '/role/menu', 'PUT', '{\"roleId\":\"1660134954269057025\",\"menuIds\":\"1000,1100,1101,1102,1103,1104,1200,1201,1202,1203,1300,1301,1302,1303,1304,1305,1400,1401,1402,1403,1500,1501,1502,1503,1504,1505,1684725265770,1684725265771,1684725265772,1684725265773,1684725265774,2000,2400,2401,2402,2403,2600,2601,2602,2603,2200,2201,2202,2203,2100,2101,2102,2300,2301,2700,2701,2702,2703,3000,3200,3300,3301,3302,3303,3400,3100,4000,1684374329728,1684374329729,1684374329730,1684374329731,1684374329732,1685002829989,1661700003911647234,1685002829991,1685002829990,1685002829992,1685002829993,1685178890515,1685178890516,1685178890517,1685178890518,1685178890519,1685191950869,1685191950870,1685191950871,1685191950872,1685191950873,1685247343294,1685247343295,1685247343296,1685247343297,1685247343298,1685350289870,1685350289871,1685350289872,1685350289873,1685350289874,1665170110243573762,1685676844730,1685676844731,1685676844732,1685676844733,1685676844734,1665235323353546753,9999,\"}', 718, '0', NULL, '2023-06-04 13:54:36', '2023-06-04 13:54:36', 'admin', 'admin');
INSERT INTO `sys_log` VALUES (1665238109025714178, '0', '办理出院', 'web', '127.0.0.1', 'Mozilla/5.0 (Windows NT 10.0; Win64; x64) AppleWebKit/537.36 (KHTML, like Gecko) Chrome/113.0.0.0 Safari/537.36', '/pat/leave', 'POST', '{\"id\":\"1665170666039193602\",\"iptNum\":\"2930823\",\"visitId\":\"1665170666005639169\",\"idCard\":\"\",\"name\":\"袁天罡\",\"phone\":\"\",\"gender\":\"1\",\"bedNum\":\"13\",\"docId\":\"1659458202844733441\",\"docName\":null,\"nurseId\":\"1662432715555459074\",\"nurseName\":null,\"deptId\":\"1659789309465214978\",\"iptTime\":\"2023-06-04 09:36:23\",\"leaveTime\":null,\"birthday\":\"2021-06-14\",\"height\":null,\"weight\":null,\"diabetesType\":\"1\",\"diagnosis\":\"\",\"scanCode\":\"\",\"inGluValue\":null,\"outGluValue\":null,\"$cellEdit\":false,\"$index\":0,\"$deptId\":\"心内科\",\"$gender\":\"男\",\"$docId\":\"李四\"}', 19460, '0', NULL, '2023-06-04 14:04:38', '2023-06-04 14:04:38', 'admin', 'admin');
INSERT INTO `sys_log` VALUES (1665239263751159810, '0', '新增住院患者', 'web', '127.0.0.1', 'Mozilla/5.0 (Windows NT 10.0; Win64; x64) AppleWebKit/537.36 (KHTML, like Gecko) Chrome/113.0.0.0 Safari/537.36', '/pat', 'POST', '{\"id\":\"\",\"iptNum\":\"2039182\",\"idCard\":\"\",\"name\":\"李长风\",\"bedNum\":\"38\",\"iptTime\":\"2021-06-08 00:00:00\",\"deptId\":\"1659789309465214978\",\"phone\":\"\",\"gender\":\"1\",\"birthday\":\"2020-06-02\",\"docId\":\"1659887681463345154\",\"nurseId\":\"1662432715555459074\",\"leaveTime\":\"\",\"height\":\"\",\"weight\":\"\",\"diabetesType\":\"1\",\"diagnosis\":\"\",\"scanCode\":\"\"}', 173, '0', NULL, '2023-06-04 14:09:14', '2023-06-04 14:09:14', 'admin', 'admin');
INSERT INTO `sys_log` VALUES (1665239715062464514, '0', '办理出院', 'web', '127.0.0.1', 'Mozilla/5.0 (Windows NT 10.0; Win64; x64) AppleWebKit/537.36 (KHTML, like Gecko) Chrome/113.0.0.0 Safari/537.36', '/pat/leave', 'POST', '{\"id\":\"1665239263361064962\",\"iptNum\":\"2039182\",\"visitId\":\"1665239263281373186\",\"idCard\":\"\",\"name\":\"李长风\",\"phone\":\"\",\"gender\":\"1\",\"bedNum\":\"38\",\"docId\":\"1659887681463345154\",\"docName\":null,\"nurseId\":\"1662432715555459074\",\"nurseName\":null,\"deptId\":\"1659789309465214978\",\"iptTime\":\"2021-06-08 00:00:00\",\"leaveTime\":null,\"birthday\":\"2020-06-02\",\"height\":null,\"weight\":null,\"diabetesType\":\"1\",\"diagnosis\":\"\",\"scanCode\":\"\",\"inGluValue\":null,\"outGluValue\":null,\"$cellEdit\":false,\"$index\":0,\"$deptId\":\"心内科\",\"$gender\":\"男\",\"$docId\":\"王玮\"}', 19606, '0', NULL, '2023-06-04 14:11:01', '2023-06-04 14:11:01', 'admin', 'admin');
INSERT INTO `sys_log` VALUES (1665240146949947394, '0', '新增住院患者', 'web', '127.0.0.1', 'Mozilla/5.0 (Windows NT 10.0; Win64; x64) AppleWebKit/537.36 (KHTML, like Gecko) Chrome/113.0.0.0 Safari/537.36', '/pat', 'POST', '{\"id\":\"\",\"iptNum\":\"123987\",\"idCard\":\"\",\"name\":\"步惊云\",\"bedNum\":\"12\",\"iptTime\":\"2023-06-04 14:12:26\",\"deptId\":\"1659789309465214978\",\"phone\":\"\",\"gender\":\"1\",\"birthday\":\"2021-06-08\",\"docId\":\"1659458202844733441\",\"nurseId\":\"1662432715555459074\",\"leaveTime\":\"\",\"height\":\"\",\"weight\":\"\",\"diabetesType\":\"1\",\"diagnosis\":\"\",\"scanCode\":\"\"}', 4794, '0', NULL, '2023-06-04 14:12:44', '2023-06-04 14:12:44', 'admin', 'admin');
INSERT INTO `sys_log` VALUES (1665240284812525570, '0', '办理出院', 'web', '127.0.0.1', 'Mozilla/5.0 (Windows NT 10.0; Win64; x64) AppleWebKit/537.36 (KHTML, like Gecko) Chrome/113.0.0.0 Safari/537.36', '/pat/leave', 'POST', '{\"id\":\"1665240146559852546\",\"iptNum\":\"123987\",\"visitId\":\"1665240146559852545\",\"idCard\":\"\",\"name\":\"步惊云\",\"phone\":\"\",\"gender\":\"1\",\"bedNum\":\"12\",\"docId\":\"1659458202844733441\",\"docName\":null,\"nurseId\":\"1662432715555459074\",\"nurseName\":null,\"deptId\":\"1659789309465214978\",\"iptTime\":\"2023-06-04 14:12:26\",\"leaveTime\":null,\"birthday\":\"2021-06-08\",\"height\":null,\"weight\":null,\"diabetesType\":\"1\",\"diagnosis\":\"\",\"scanCode\":\"\",\"inGluValue\":null,\"outGluValue\":null,\"$cellEdit\":false,\"$index\":0,\"$deptId\":\"心内科\",\"$gender\":\"男\",\"$docId\":\"李四\"}', 5874, '0', NULL, '2023-06-04 14:13:17', '2023-06-04 14:13:17', 'admin', 'admin');
INSERT INTO `sys_log` VALUES (1665240510600298497, '0', '新增住院患者', 'web', '127.0.0.1', 'Mozilla/5.0 (Windows NT 10.0; Win64; x64) AppleWebKit/537.36 (KHTML, like Gecko) Chrome/113.0.0.0 Safari/537.36', '/pat', 'POST', '{\"id\":\"\",\"iptNum\":\"203939\",\"idCard\":\"\",\"name\":\"聂风\",\"bedNum\":\"13\",\"iptTime\":\"2023-06-04 14:13:58\",\"deptId\":\"1659789309465214978\",\"phone\":\"\",\"gender\":\"1\",\"birthday\":\"2020-06-09\",\"docId\":\"1659458202844733441\",\"nurseId\":\"1662432715555459074\",\"leaveTime\":\"\",\"height\":\"\",\"weight\":\"\",\"diabetesType\":\"2\",\"diagnosis\":\"\",\"scanCode\":\"\"}', 74, '0', NULL, '2023-06-04 14:14:11', '2023-06-04 14:14:11', 'admin', 'admin');
INSERT INTO `sys_log` VALUES (1665240742406897665, '0', '办理出院', 'web', '127.0.0.1', 'Mozilla/5.0 (Windows NT 10.0; Win64; x64) AppleWebKit/537.36 (KHTML, like Gecko) Chrome/113.0.0.0 Safari/537.36', '/pat/leave', 'POST', '{\"id\":\"1665240510147289091\",\"iptNum\":\"203939\",\"visitId\":\"1665240510147289090\",\"idCard\":\"\",\"name\":\"聂风\",\"phone\":\"\",\"gender\":\"1\",\"bedNum\":\"13\",\"docId\":\"1659458202844733441\",\"docName\":null,\"nurseId\":\"1662432715555459074\",\"nurseName\":null,\"deptId\":\"1659789309465214978\",\"iptTime\":\"2023-06-04 14:13:58\",\"leaveTime\":null,\"birthday\":\"2020-06-09\",\"height\":null,\"weight\":null,\"diabetesType\":\"2\",\"diagnosis\":\"\",\"scanCode\":\"\",\"inGluValue\":null,\"outGluValue\":null,\"$cellEdit\":false,\"$index\":0,\"$deptId\":\"心内科\",\"$gender\":\"男\",\"$docId\":\"李四\"}', 51641, '0', NULL, '2023-06-04 14:15:06', '2023-06-04 14:15:06', 'admin', 'admin');
INSERT INTO `sys_log` VALUES (1665241906141708289, '0', '新增住院患者', 'web', '127.0.0.1', 'Mozilla/5.0 (Windows NT 10.0; Win64; x64) AppleWebKit/537.36 (KHTML, like Gecko) Chrome/113.0.0.0 Safari/537.36', '/pat', 'POST', '{\"id\":\"\",\"iptNum\":\"2039498\",\"idCard\":\"\",\"name\":\"雄霸\",\"bedNum\":\"12\",\"iptTime\":\"2023-06-04 14:19:27\",\"deptId\":\"1659386542775017473\",\"phone\":\"\",\"gender\":\"1\",\"birthday\":\"2019-06-04\",\"docId\":\"1659458202844733441\",\"nurseId\":\"1662432715555459074\",\"leaveTime\":\"\",\"height\":\"\",\"weight\":\"\",\"diabetesType\":\"\",\"diagnosis\":\"\",\"scanCode\":\"\"}', 355, '0', NULL, '2023-06-04 14:19:44', '2023-06-04 14:19:44', 'admin', 'admin');
INSERT INTO `sys_log` VALUES (1665241966531297282, '0', '办理出院', 'web', '127.0.0.1', 'Mozilla/5.0 (Windows NT 10.0; Win64; x64) AppleWebKit/537.36 (KHTML, like Gecko) Chrome/113.0.0.0 Safari/537.36', '/pat/leave', 'POST', '{\"id\":\"1665241901465055234\",\"iptNum\":\"2039498\",\"visitId\":\"1665241901280505857\",\"idCard\":\"\",\"name\":\"雄霸\",\"phone\":\"\",\"gender\":\"1\",\"bedNum\":\"12\",\"docId\":\"1659458202844733441\",\"docName\":null,\"nurseId\":\"1662432715555459074\",\"nurseName\":null,\"deptId\":\"1659386542775017473\",\"iptTime\":\"2023-06-04 14:19:27\",\"leaveTime\":null,\"birthday\":\"2019-06-04\",\"height\":null,\"weight\":null,\"diabetesType\":\"\",\"diagnosis\":\"\",\"scanCode\":\"\",\"inGluValue\":null,\"outGluValue\":null,\"$cellEdit\":false,\"$index\":0,\"$deptId\":\"内分泌科\",\"$gender\":\"男\",\"$docId\":\"李四\"}', 9721, '0', NULL, '2023-06-04 14:19:58', '2023-06-04 14:19:58', 'admin', 'admin');
INSERT INTO `sys_log` VALUES (1665279082757771266, '0', '登录成功', 'web', '127.0.0.1', 'Mozilla/5.0 (Windows NT 10.0; Win64; x64) AppleWebKit/537.36 (KHTML, like Gecko) Chrome/113.0.0.0 Safari/537.36', '/oauth2/token', 'POST', 'randomStr=%5B%5D&password=%5B123456%5D&code=%5B%5D&grant_type=%5Bpassword%5D&scope=%5Bserver%5D&hosId=%5B1659018792143663105%5D&username=%5Badmin%5D', 822, '0', NULL, '2023-06-04 16:47:27', '2023-06-04 16:47:27', 'admin', 'admin');
INSERT INTO `sys_log` VALUES (1665280506552012802, '0', '新增住院患者', 'web', '127.0.0.1', 'Mozilla/5.0 (Windows NT 10.0; Win64; x64) AppleWebKit/537.36 (KHTML, like Gecko) Chrome/113.0.0.0 Safari/537.36', '/pat', 'POST', '{\"id\":\"\",\"iptNum\":\"203847\",\"idCard\":\"\",\"name\":\"张三丰\",\"bedNum\":\"34\",\"iptTime\":\"2023-06-04 16:52:48\",\"deptId\":\"1659386542775017473\",\"phone\":\"\",\"gender\":\"1\",\"birthday\":\"2021-06-08\",\"docId\":\"1659458202844733441\",\"nurseId\":\"1662432715555459074\",\"leaveTime\":\"\",\"height\":\"\",\"weight\":\"\",\"diabetesType\":\"\",\"diagnosis\":\"\",\"scanCode\":\"\"}', 273, '0', NULL, '2023-06-04 16:53:07', '2023-06-04 16:53:07', 'admin', 'admin');
INSERT INTO `sys_log` VALUES (1665644227107426306, '0', '登录成功', 'web', '127.0.0.1', 'Mozilla/5.0 (Windows NT 10.0; Win64; x64) AppleWebKit/537.36 (KHTML, like Gecko) Chrome/113.0.0.0 Safari/537.36', '/oauth2/token', 'POST', 'randomStr=%5B%5D&password=%5B123456%5D&code=%5B%5D&grant_type=%5Bpassword%5D&scope=%5Bserver%5D&hosId=%5B1659018792143663105%5D&username=%5Badmin%5D', 529, '0', NULL, '2023-06-05 16:58:25', '2023-06-05 16:58:25', 'admin', 'admin');
INSERT INTO `sys_log` VALUES (1665644292186247170, '0', '办理出院', 'web', '127.0.0.1', 'Mozilla/5.0 (Windows NT 10.0; Win64; x64) AppleWebKit/537.36 (KHTML, like Gecko) Chrome/113.0.0.0 Safari/537.36', '/pat/leave', 'POST', '{\"id\":\"1665280503762878465\",\"iptNum\":\"203847\",\"visitId\":\"1665280503737712642\",\"idCard\":\"\",\"name\":\"张三丰\",\"phone\":\"\",\"gender\":\"1\",\"bedNum\":\"34\",\"docId\":\"1659458202844733441\",\"docName\":null,\"nurseId\":\"1662432715555459074\",\"nurseName\":null,\"deptId\":\"1659386542775017473\",\"iptTime\":\"2023-06-04 16:52:48\",\"leaveTime\":null,\"birthday\":\"2021-06-08\",\"height\":null,\"weight\":null,\"diabetesType\":\"\",\"diagnosis\":\"\",\"scanCode\":\"\",\"inGluValue\":null,\"outGluValue\":null,\"$cellEdit\":false,\"$index\":0,\"$deptId\":\"内分泌科\",\"$gender\":\"男\",\"$docId\":\"李四\"}', 149, '0', NULL, '2023-06-05 16:58:40', '2023-06-05 16:58:40', 'admin', 'admin');
INSERT INTO `sys_log` VALUES (1665681550092247042, '0', '登录成功', 'web', '127.0.0.1', 'Mozilla/5.0 (Windows NT 10.0; Win64; x64) AppleWebKit/537.36 (KHTML, like Gecko) Chrome/113.0.0.0 Safari/537.36', '/oauth2/token', 'POST', 'randomStr=%5B%5D&password=%5B123456%5D&code=%5B%5D&grant_type=%5Bpassword%5D&scope=%5Bserver%5D&hosId=%5B1659018792143663105%5D&username=%5Badmin%5D', 598, '0', NULL, '2023-06-05 19:26:43', '2023-06-05 19:26:43', 'admin', 'admin');
INSERT INTO `sys_log` VALUES (1665687975594008577, '0', '新增住院患者', 'web', '127.0.0.1', 'Mozilla/5.0 (Windows NT 10.0; Win64; x64) AppleWebKit/537.36 (KHTML, like Gecko) Chrome/113.0.0.0 Safari/537.36', '/pat', 'POST', '{\"id\":\"\",\"iptNum\":\"1928474\",\"idCard\":\"\",\"name\":\"张君宝\",\"bedNum\":\"12\",\"iptTime\":\"2020-06-16 00:00:00\",\"deptId\":\"1659789309465214978\",\"phone\":\"\",\"gender\":\"1\",\"birthday\":\"2018-03-05\",\"docId\":\"1659458202844733441\",\"nurseId\":\"1662432715555459074\",\"leaveTime\":\"\",\"height\":\"156\",\"weight\":\"120\",\"diabetesType\":\"1\",\"diagnosis\":\"神经病\",\"scanCode\":\"\"}', 187, '0', NULL, '2023-06-05 19:52:15', '2023-06-05 19:52:15', 'admin', 'admin');
INSERT INTO `sys_log` VALUES (1665688018661122049, '9', '办理出院', 'web', '127.0.0.1', 'Mozilla/5.0 (Windows NT 10.0; Win64; x64) AppleWebKit/537.36 (KHTML, like Gecko) Chrome/113.0.0.0 Safari/537.36', '/pat/leave', 'POST', '{\"id\":\"1665687972586631169\",\"iptNum\":\"1928474\",\"visitId\":\"1665687972540493825\",\"idCard\":\"\",\"name\":\"张君宝\",\"phone\":\"\",\"gender\":\"1\",\"bedNum\":\"12\",\"docId\":\"1659458202844733441\",\"docName\":null,\"nurseId\":\"1662432715555459074\",\"nurseName\":null,\"deptId\":\"1659789309465214978\",\"iptTime\":\"2020-06-16 00:00:00\",\"leaveTime\":null,\"birthday\":\"2018-03-05\",\"height\":156,\"weight\":120,\"diabetesType\":\"1\",\"diagnosis\":\"神经病\",\"scanCode\":\"\",\"inGluValue\":null,\"outGluValue\":null,\"$cellEdit\":false,\"$index\":0,\"$deptId\":\"心内科\",\"$gender\":\"男\",\"$docId\":\"李四\"}', 234, '0', '### Error updating database.  Cause: java.sql.SQLException: Field \'msg_id\' doesn\'t have a default value\r\n### The error may exist in com/code/ape/codeape/inhos/mapper/MsgRecordMapper.java (best guess)\r\n### The error may involve com.code.ape.codeape.inhos.mapper.MsgRecordMapper.insert-Inline\r\n### The error occurred while setting parameters\r\n### SQL: INSERT INTO msg_record  ( id, content,  topic,  status,  create_by, create_time, update_by, update_time )  VALUES  ( ?, ?,  ?,  ?,  ?, ?, ?, ? )\r\n### Cause: java.sql.SQLException: Field \'msg_id\' doesn\'t have a default value\n; Field \'msg_id\' doesn\'t have a default value; nested exception is java.sql.SQLException: Field \'msg_id\' doesn\'t have a default value', '2023-06-05 19:52:25', '2023-06-05 19:52:25', 'admin', 'admin');
INSERT INTO `sys_log` VALUES (1665688428092301313, '9', '办理出院', 'web', '127.0.0.1', 'Mozilla/5.0 (Windows NT 10.0; Win64; x64) AppleWebKit/537.36 (KHTML, like Gecko) Chrome/113.0.0.0 Safari/537.36', '/pat/leave', 'POST', '{\"id\":\"1665687972586631169\",\"iptNum\":\"1928474\",\"visitId\":\"1665687972540493825\",\"idCard\":\"\",\"name\":\"张君宝\",\"phone\":\"\",\"gender\":\"1\",\"bedNum\":\"12\",\"docId\":\"1659458202844733441\",\"docName\":null,\"nurseId\":\"1662432715555459074\",\"nurseName\":null,\"deptId\":\"1659789309465214978\",\"iptTime\":\"2020-06-16 00:00:00\",\"leaveTime\":\"2023-06-05 19:52:25\",\"birthday\":\"2018-03-05\",\"height\":156,\"weight\":120,\"diabetesType\":\"1\",\"diagnosis\":\"神经病\",\"scanCode\":\"\",\"inGluValue\":null,\"outGluValue\":null,\"$cellEdit\":false,\"$index\":0,\"$deptId\":\"心内科\",\"$gender\":\"男\",\"$docId\":\"李四\"}', 36, '0', '出院失败！', '2023-06-05 19:54:03', '2023-06-05 19:54:03', 'admin', 'admin');
INSERT INTO `sys_log` VALUES (1665688762915201025, '0', '办理出院', 'web', '127.0.0.1', 'Mozilla/5.0 (Windows NT 10.0; Win64; x64) AppleWebKit/537.36 (KHTML, like Gecko) Chrome/113.0.0.0 Safari/537.36', '/pat/leave', 'POST', '{\"id\":\"1665687972586631169\",\"iptNum\":\"1928474\",\"visitId\":\"1665687972540493825\",\"idCard\":\"\",\"name\":\"张君宝\",\"phone\":\"\",\"gender\":\"1\",\"bedNum\":\"12\",\"docId\":\"1659458202844733441\",\"docName\":null,\"nurseId\":\"1662432715555459074\",\"nurseName\":null,\"deptId\":\"1659789309465214978\",\"iptTime\":\"2020-06-16 00:00:00\",\"leaveTime\":\"2023-06-05 19:52:25\",\"birthday\":\"2018-03-05\",\"height\":156,\"weight\":120,\"diabetesType\":\"1\",\"diagnosis\":\"神经病\",\"scanCode\":\"\",\"inGluValue\":null,\"outGluValue\":null,\"$cellEdit\":false,\"$index\":0,\"$deptId\":\"心内科\",\"$gender\":\"男\",\"$docId\":\"李四\"}', 79, '0', NULL, '2023-06-05 19:55:23', '2023-06-05 19:55:23', 'admin', 'admin');
INSERT INTO `sys_log` VALUES (1665926263592402946, '0', '登录成功', 'web', '127.0.0.1', 'Mozilla/5.0 (Windows NT 10.0; Win64; x64) AppleWebKit/537.36 (KHTML, like Gecko) Chrome/114.0.0.0 Safari/537.36', '/oauth2/token', 'POST', 'randomStr=%5B%5D&password=%5B123456%5D&code=%5B%5D&grant_type=%5Bpassword%5D&scope=%5Bserver%5D&hosId=%5B1659018792143663105%5D&username=%5Badmin%5D', 502, '0', NULL, '2023-06-06 11:39:07', '2023-06-06 11:39:07', 'admin', 'admin');
INSERT INTO `sys_log` VALUES (1665947471696314369, '0', '新增住院患者', 'web', '127.0.0.1', 'Mozilla/5.0 (Windows NT 10.0; Win64; x64) AppleWebKit/537.36 (KHTML, like Gecko) Chrome/114.0.0.0 Safari/537.36', '/pat', 'POST', '{\"id\":\"\",\"iptNum\":\"129387\",\"idCard\":\"\",\"name\":\"黄晓明\",\"bedNum\":\"33\",\"iptTime\":\"2022-06-13 00:00:00\",\"deptId\":\"1659386264763965441\",\"phone\":\"\",\"gender\":\"1\",\"birthday\":\"2018-06-11\",\"docId\":\"1659458202844733441\",\"nurseId\":\"1662432715555459074\",\"leaveTime\":\"\",\"height\":\"\",\"weight\":\"\",\"diabetesType\":\"1\",\"diagnosis\":\"\",\"scanCode\":\"\"}', 250, '0', NULL, '2023-06-06 13:03:24', '2023-06-06 13:03:24', 'admin', 'admin');
INSERT INTO `sys_log` VALUES (1665947514528546817, '0', '办理出院', 'web', '127.0.0.1', 'Mozilla/5.0 (Windows NT 10.0; Win64; x64) AppleWebKit/537.36 (KHTML, like Gecko) Chrome/114.0.0.0 Safari/537.36', '/pat/leave', 'POST', '{\"id\":\"1665947469280346114\",\"iptNum\":\"129387\",\"visitId\":\"1665947469217431554\",\"idCard\":\"\",\"name\":\"黄晓明\",\"phone\":\"\",\"gender\":\"1\",\"bedNum\":\"33\",\"docId\":\"1659458202844733441\",\"docName\":null,\"nurseId\":\"1662432715555459074\",\"nurseName\":null,\"deptId\":\"1659386264763965441\",\"iptTime\":\"2022-06-13 00:00:00\",\"leaveTime\":null,\"birthday\":\"2018-06-11\",\"height\":null,\"weight\":null,\"diabetesType\":\"1\",\"diagnosis\":\"\",\"scanCode\":\"\",\"inGluValue\":null,\"outGluValue\":null,\"$cellEdit\":false,\"$index\":0,\"$deptId\":\"神经内科\",\"$gender\":\"男\",\"$docId\":\"李四\"}', 169, '0', NULL, '2023-06-06 13:03:34', '2023-06-06 13:03:34', 'admin', 'admin');
INSERT INTO `sys_log` VALUES (1665954234625638402, '0', '新增住院患者', 'web', '127.0.0.1', 'Mozilla/5.0 (Windows NT 10.0; Win64; x64) AppleWebKit/537.36 (KHTML, like Gecko) Chrome/114.0.0.0 Safari/537.36', '/pat', 'POST', '{\"id\":\"\",\"iptNum\":\"129374\",\"idCard\":\"\",\"name\":\"张三丰\",\"bedNum\":\"23\",\"iptTime\":\"2023-02-06 13:29:46\",\"deptId\":\"1659386264763965441\",\"phone\":\"\",\"gender\":\"1\",\"birthday\":\"2023-04-03\",\"docId\":\"1659441176889720833\",\"nurseId\":\"1662432715555459074\",\"leaveTime\":\"\",\"height\":\"\",\"weight\":\"\",\"diabetesType\":\"1\",\"diagnosis\":\"\",\"scanCode\":\"\"}', 540, '0', NULL, '2023-06-06 13:30:16', '2023-06-06 13:30:16', 'admin', 'admin');
INSERT INTO `sys_log` VALUES (1665954309389107201, '0', '办理出院', 'web', '127.0.0.1', 'Mozilla/5.0 (Windows NT 10.0; Win64; x64) AppleWebKit/537.36 (KHTML, like Gecko) Chrome/114.0.0.0 Safari/537.36', '/pat/leave', 'POST', '{\"id\":\"1665954231958036481\",\"iptNum\":\"129374\",\"visitId\":\"1665954231878344706\",\"idCard\":\"\",\"name\":\"张三丰\",\"phone\":\"\",\"gender\":\"1\",\"bedNum\":\"23\",\"docId\":\"1659441176889720833\",\"docName\":null,\"nurseId\":\"1662432715555459074\",\"nurseName\":null,\"deptId\":\"1659386264763965441\",\"iptTime\":\"2023-02-06 13:29:46\",\"leaveTime\":null,\"birthday\":\"2023-04-03\",\"height\":null,\"weight\":null,\"diabetesType\":\"1\",\"diagnosis\":\"\",\"scanCode\":\"\",\"inGluValue\":null,\"outGluValue\":null,\"$cellEdit\":false,\"$index\":0,\"$deptId\":\"神经内科\",\"$gender\":\"男\",\"$docId\":\"张三\"}', 130, '0', NULL, '2023-06-06 13:30:34', '2023-06-06 13:30:34', 'admin', 'admin');
INSERT INTO `sys_log` VALUES (1665959008628588546, '0', '新增住院患者', 'web', '127.0.0.1', 'Mozilla/5.0 (Windows NT 10.0; Win64; x64) AppleWebKit/537.36 (KHTML, like Gecko) Chrome/114.0.0.0 Safari/537.36', '/pat', 'POST', '{\"id\":\"\",\"iptNum\":\"19238347\",\"idCard\":\"\",\"name\":\"张三丰\",\"bedNum\":\"23\",\"iptTime\":\"2023-06-06 13:48:55\",\"deptId\":\"1659386542775017473\",\"phone\":\"\",\"gender\":\"1\",\"birthday\":\"2010-06-07\",\"docId\":\"1659441176889720833\",\"nurseId\":\"1662432715555459074\",\"leaveTime\":\"\",\"height\":\"\",\"weight\":\"\",\"diabetesType\":\"\",\"diagnosis\":\"\",\"scanCode\":\"\"}', 449, '0', NULL, '2023-06-06 13:49:14', '2023-06-06 13:49:14', 'admin', 'admin');
INSERT INTO `sys_log` VALUES (1665959134566760449, '0', '新增住院患者', 'web', '127.0.0.1', 'Mozilla/5.0 (Windows NT 10.0; Win64; x64) AppleWebKit/537.36 (KHTML, like Gecko) Chrome/114.0.0.0 Safari/537.36', '/pat', 'POST', '{\"id\":\"\",\"iptNum\":\"82736\",\"idCard\":\"\",\"name\":\"步惊云\",\"bedNum\":\"12\",\"iptTime\":\"2023-06-06 13:49:32\",\"deptId\":\"1659789309465214978\",\"phone\":\"\",\"gender\":\"1\",\"birthday\":\"2016-06-06\",\"docId\":\"1659441176889720833\",\"nurseId\":\"1662432715555459074\",\"leaveTime\":\"\",\"height\":\"\",\"weight\":\"\",\"diabetesType\":\"1\",\"diagnosis\":\"\",\"scanCode\":\"\"}', 60, '0', NULL, '2023-06-06 13:49:44', '2023-06-06 13:49:44', 'admin', 'admin');
INSERT INTO `sys_log` VALUES (1665959154451955713, '0', '办理出院', 'web', '127.0.0.1', 'Mozilla/5.0 (Windows NT 10.0; Win64; x64) AppleWebKit/537.36 (KHTML, like Gecko) Chrome/114.0.0.0 Safari/537.36', '/pat/leave', 'POST', '{\"id\":\"1665959006283984897\",\"iptNum\":\"19238347\",\"visitId\":\"1665959006229458945\",\"idCard\":\"\",\"name\":\"张三丰\",\"phone\":\"\",\"gender\":\"1\",\"bedNum\":\"23\",\"bedSort\":null,\"docId\":\"1659441176889720833\",\"docName\":null,\"nurseId\":\"1662432715555459074\",\"nurseName\":null,\"deptId\":\"1659386542775017473\",\"iptTime\":\"2023-06-06 13:48:55\",\"leaveTime\":null,\"birthday\":\"2010-06-07\",\"height\":null,\"weight\":null,\"diabetesType\":\"\",\"diagnosis\":\"\",\"scanCode\":\"\",\"inGluValue\":null,\"outGluValue\":null,\"status\":null,\"$cellEdit\":false,\"$index\":1,\"$deptId\":\"内分泌科\",\"$gender\":\"男\",\"$docId\":\"张三\"}', 136, '0', NULL, '2023-06-06 13:49:49', '2023-06-06 13:49:49', 'admin', 'admin');
INSERT INTO `sys_log` VALUES (1665971499966349314, '0', '办理出院', 'web', '127.0.0.1', 'Mozilla/5.0 (Windows NT 10.0; Win64; x64) AppleWebKit/537.36 (KHTML, like Gecko) Chrome/114.0.0.0 Safari/537.36', '/pat/leave', 'POST', '{\"id\":\"1665959134235422723\",\"iptNum\":\"82736\",\"visitId\":\"1665959134235422722\",\"idCard\":\"\",\"name\":\"步惊云\",\"phone\":\"\",\"gender\":\"1\",\"bedNum\":\"12\",\"bedSort\":null,\"docId\":\"1659441176889720833\",\"docName\":null,\"nurseId\":\"1662432715555459074\",\"nurseName\":null,\"deptId\":\"1659789309465214978\",\"iptTime\":\"2023-06-06 13:49:32\",\"leaveTime\":null,\"birthday\":\"2016-06-06\",\"height\":null,\"weight\":null,\"diabetesType\":\"1\",\"diagnosis\":\"\",\"scanCode\":\"\",\"inGluValue\":null,\"outGluValue\":null,\"status\":null,\"$cellEdit\":false,\"$index\":0,\"$deptId\":\"心内科\",\"$gender\":\"男\",\"$docId\":\"张三\"}', 275, '0', NULL, '2023-06-06 14:38:53', '2023-06-06 14:38:53', 'admin', 'admin');
INSERT INTO `sys_log` VALUES (1665972507832434690, '0', '新增住院患者', 'web', '127.0.0.1', 'Mozilla/5.0 (Windows NT 10.0; Win64; x64) AppleWebKit/537.36 (KHTML, like Gecko) Chrome/114.0.0.0 Safari/537.36', '/pat', 'POST', '{\"id\":\"\",\"iptNum\":\"928347\",\"idCard\":\"\",\"name\":\"朱元璋\",\"bedNum\":\"24\",\"iptTime\":\"2023-04-03 00:00:00\",\"deptId\":\"1659789309465214978\",\"phone\":\"\",\"gender\":\"1\",\"birthday\":\"2009-06-15\",\"docId\":\"1659441176889720833\",\"nurseId\":\"1662432715555459074\",\"leaveTime\":\"\",\"height\":\"\",\"weight\":\"\",\"diabetesType\":\"1\",\"diagnosis\":\"\",\"scanCode\":\"\"}', 160, '0', NULL, '2023-06-06 14:42:53', '2023-06-06 14:42:53', 'admin', 'admin');
INSERT INTO `sys_log` VALUES (1665972520989966337, '0', '办理出院', 'web', '127.0.0.1', 'Mozilla/5.0 (Windows NT 10.0; Win64; x64) AppleWebKit/537.36 (KHTML, like Gecko) Chrome/114.0.0.0 Safari/537.36', '/pat/leave', 'POST', '{\"id\":\"1665972505156452354\",\"iptNum\":\"928347\",\"visitId\":\"1665972505106120706\",\"idCard\":\"\",\"name\":\"朱元璋\",\"phone\":\"\",\"gender\":\"1\",\"bedNum\":\"24\",\"bedSort\":null,\"docId\":\"1659441176889720833\",\"docName\":null,\"nurseId\":\"1662432715555459074\",\"nurseName\":null,\"deptId\":\"1659789309465214978\",\"iptTime\":\"2023-04-03 00:00:00\",\"leaveTime\":null,\"birthday\":\"2009-06-15\",\"height\":null,\"weight\":null,\"diabetesType\":\"1\",\"diagnosis\":\"\",\"scanCode\":\"\",\"inGluValue\":null,\"outGluValue\":null,\"status\":null,\"$cellEdit\":false,\"$index\":0,\"$deptId\":\"心内科\",\"$gender\":\"男\",\"$docId\":\"张三\"}', 166, '0', NULL, '2023-06-06 14:42:56', '2023-06-06 14:42:56', 'admin', 'admin');
INSERT INTO `sys_log` VALUES (1665973903986212865, '0', '新增住院患者', 'web', '127.0.0.1', 'Mozilla/5.0 (Windows NT 10.0; Win64; x64) AppleWebKit/537.36 (KHTML, like Gecko) Chrome/114.0.0.0 Safari/537.36', '/pat', 'POST', '{\"id\":\"\",\"iptNum\":\"192837\",\"idCard\":\"\",\"name\":\"刘伯温\",\"bedNum\":\"22\",\"iptTime\":\"2023-06-06 14:48:00\",\"deptId\":\"1659386542775017473\",\"phone\":\"\",\"gender\":\"1\",\"birthday\":\"2019-06-18\",\"docId\":\"1659458202844733441\",\"nurseId\":\"1662432715555459074\",\"leaveTime\":\"\",\"height\":\"\",\"weight\":\"\",\"diabetesType\":\"1\",\"diagnosis\":\"\",\"scanCode\":\"\"}', 52, '0', NULL, '2023-06-06 14:48:26', '2023-06-06 14:48:26', 'admin', 'admin');
INSERT INTO `sys_log` VALUES (1665974038317187073, '0', '办理出院', 'web', '127.0.0.1', 'Mozilla/5.0 (Windows NT 10.0; Win64; x64) AppleWebKit/537.36 (KHTML, like Gecko) Chrome/114.0.0.0 Safari/537.36', '/pat/leave', 'POST', '{\"id\":\"1665973871627141122\",\"iptNum\":\"192837\",\"visitId\":\"1665973871627141121\",\"idCard\":\"\",\"name\":\"刘伯温\",\"phone\":\"\",\"gender\":\"1\",\"bedNum\":\"22\",\"bedSort\":null,\"docId\":\"1659458202844733441\",\"docName\":null,\"nurseId\":\"1662432715555459074\",\"nurseName\":null,\"deptId\":\"1659386542775017473\",\"iptTime\":\"2023-06-06 14:48:00\",\"leaveTime\":null,\"birthday\":\"2019-06-18\",\"height\":null,\"weight\":null,\"diabetesType\":\"1\",\"diagnosis\":\"\",\"scanCode\":\"\",\"inGluValue\":null,\"outGluValue\":null,\"status\":null,\"$cellEdit\":false,\"$index\":0,\"$deptId\":\"内分泌科\",\"$gender\":\"男\",\"$docId\":\"李四\"}', 15758, '0', NULL, '2023-06-06 14:48:58', '2023-06-06 14:48:58', 'admin', 'admin');
INSERT INTO `sys_log` VALUES (1665975920439803906, '0', '新增住院患者', 'web', '127.0.0.1', 'Mozilla/5.0 (Windows NT 10.0; Win64; x64) AppleWebKit/537.36 (KHTML, like Gecko) Chrome/114.0.0.0 Safari/537.36', '/pat', 'POST', '{\"id\":\"\",\"iptNum\":\"123455\",\"idCard\":\"\",\"name\":\"秦始皇\",\"bedNum\":\"12\",\"iptTime\":\"2019-06-17 00:00:00\",\"deptId\":\"1659789309465214978\",\"phone\":\"\",\"gender\":\"1\",\"birthday\":\"2019-06-10\",\"docId\":\"1659441176889720833\",\"nurseId\":\"1662432715555459074\",\"leaveTime\":\"\",\"height\":\"\",\"weight\":\"\",\"diabetesType\":\"\",\"diagnosis\":\"\",\"scanCode\":\"\"}', 673, '0', NULL, '2023-06-06 14:56:26', '2023-06-06 14:56:26', 'admin', 'admin');
INSERT INTO `sys_log` VALUES (1665975960055005186, '0', '办理出院', 'web', '127.0.0.1', 'Mozilla/5.0 (Windows NT 10.0; Win64; x64) AppleWebKit/537.36 (KHTML, like Gecko) Chrome/114.0.0.0 Safari/537.36', '/pat/leave', 'POST', '{\"id\":\"1665975916706852866\",\"iptNum\":\"123455\",\"visitId\":\"1665975916539080705\",\"idCard\":\"\",\"name\":\"秦始皇\",\"phone\":\"\",\"gender\":\"1\",\"bedNum\":\"12\",\"bedSort\":null,\"docId\":\"1659441176889720833\",\"docName\":null,\"nurseId\":\"1662432715555459074\",\"nurseName\":null,\"deptId\":\"1659789309465214978\",\"iptTime\":\"2019-06-17 00:00:00\",\"leaveTime\":null,\"birthday\":\"2019-06-10\",\"height\":null,\"weight\":null,\"diabetesType\":\"\",\"diagnosis\":\"\",\"scanCode\":\"\",\"inGluValue\":null,\"outGluValue\":null,\"status\":null,\"$cellEdit\":false,\"$index\":0,\"$deptId\":\"心内科\",\"$gender\":\"男\",\"$docId\":\"张三\"}', 5295, '0', NULL, '2023-06-06 14:56:36', '2023-06-06 14:56:36', 'admin', 'admin');
INSERT INTO `sys_log` VALUES (1665976484531748865, '0', '新增住院患者', 'web', '127.0.0.1', 'Mozilla/5.0 (Windows NT 10.0; Win64; x64) AppleWebKit/537.36 (KHTML, like Gecko) Chrome/114.0.0.0 Safari/537.36', '/pat', 'POST', '{\"id\":\"\",\"iptNum\":\"192878\",\"idCard\":\"\",\"name\":\"小鬼子\",\"bedNum\":\"22\",\"iptTime\":\"2023-06-06 14:58:32\",\"deptId\":\"1659789309465214978\",\"phone\":\"\",\"gender\":\"1\",\"birthday\":\"2021-06-14\",\"docId\":\"1659458202844733441\",\"nurseId\":\"1662432715555459074\",\"leaveTime\":\"\",\"height\":\"\",\"weight\":\"\",\"diabetesType\":\"\",\"diagnosis\":\"\",\"scanCode\":\"\"}', 64, '0', NULL, '2023-06-06 14:58:41', '2023-06-06 14:58:41', 'admin', 'admin');
INSERT INTO `sys_log` VALUES (1665977371593490434, '0', '办理出院', 'web', '127.0.0.1', 'Mozilla/5.0 (Windows NT 10.0; Win64; x64) AppleWebKit/537.36 (KHTML, like Gecko) Chrome/114.0.0.0 Safari/537.36', '/pat/leave', 'POST', '{\"id\":\"1665976484137463810\",\"iptNum\":\"192878\",\"visitId\":\"1665976484137463809\",\"idCard\":\"\",\"name\":\"小鬼子\",\"phone\":\"\",\"gender\":\"1\",\"bedNum\":\"22\",\"bedSort\":null,\"docId\":\"1659458202844733441\",\"docName\":null,\"nurseId\":\"1662432715555459074\",\"nurseName\":null,\"deptId\":\"1659789309465214978\",\"iptTime\":\"2023-06-06 14:58:32\",\"leaveTime\":null,\"birthday\":\"2021-06-14\",\"height\":null,\"weight\":null,\"diabetesType\":\"\",\"diagnosis\":\"\",\"scanCode\":\"\",\"inGluValue\":null,\"outGluValue\":null,\"status\":null,\"$cellEdit\":false,\"$index\":0,\"$deptId\":\"心内科\",\"$gender\":\"男\",\"$docId\":\"李四\"}', 201653, '0', NULL, '2023-06-06 15:02:12', '2023-06-06 15:02:12', 'admin', 'admin');
INSERT INTO `sys_log` VALUES (1665981058353119234, '0', '新增住院患者', 'web', '127.0.0.1', 'Mozilla/5.0 (Windows NT 10.0; Win64; x64) AppleWebKit/537.36 (KHTML, like Gecko) Chrome/114.0.0.0 Safari/537.36', '/pat', 'POST', '{\"id\":\"\",\"iptNum\":\"123444\",\"idCard\":\"\",\"name\":\"董天宝\",\"bedNum\":\"11\",\"iptTime\":\"2022-06-06 00:00:00\",\"deptId\":\"1659386542775017473\",\"phone\":\"\",\"gender\":\"1\",\"birthday\":\"2020-06-15\",\"docId\":\"1659441176889720833\",\"nurseId\":\"1662432715555459074\",\"leaveTime\":\"\",\"height\":\"\",\"weight\":\"\",\"diabetesType\":\"\",\"diagnosis\":\"\",\"scanCode\":\"\"}', 272, '0', NULL, '2023-06-06 15:16:51', '2023-06-06 15:16:51', 'admin', 'admin');
INSERT INTO `sys_log` VALUES (1665981086069080066, '0', '办理出院', 'web', '127.0.0.1', 'Mozilla/5.0 (Windows NT 10.0; Win64; x64) AppleWebKit/537.36 (KHTML, like Gecko) Chrome/114.0.0.0 Safari/537.36', '/pat/leave', 'POST', '{\"id\":\"1665981054884499457\",\"iptNum\":\"123444\",\"visitId\":\"1665981054817390594\",\"idCard\":\"\",\"name\":\"董天宝\",\"phone\":\"\",\"gender\":\"1\",\"bedNum\":\"11\",\"bedSort\":null,\"docId\":\"1659441176889720833\",\"docName\":null,\"nurseId\":\"1662432715555459074\",\"nurseName\":null,\"deptId\":\"1659386542775017473\",\"iptTime\":\"2022-06-06 00:00:00\",\"leaveTime\":null,\"birthday\":\"2020-06-15\",\"height\":null,\"weight\":null,\"diabetesType\":\"\",\"diagnosis\":\"\",\"scanCode\":\"\",\"inGluValue\":null,\"outGluValue\":null,\"status\":null,\"$cellEdit\":false,\"$index\":0,\"$deptId\":\"内分泌科\",\"$gender\":\"男\",\"$docId\":\"张三\"}', 3654, '0', NULL, '2023-06-06 15:16:58', '2023-06-06 15:16:58', 'admin', 'admin');
INSERT INTO `sys_log` VALUES (1665983310367211521, '0', '新增住院患者', 'web', '127.0.0.1', 'Mozilla/5.0 (Windows NT 10.0; Win64; x64) AppleWebKit/537.36 (KHTML, like Gecko) Chrome/114.0.0.0 Safari/537.36', '/pat', 'POST', '{\"id\":\"\",\"iptNum\":\"19287834\",\"idCard\":\"\",\"name\":\"汉武帝\",\"bedNum\":\"\",\"iptTime\":\"2020-06-07 00:00:00\",\"deptId\":\"1659386542775017473\",\"phone\":\"\",\"gender\":\"1\",\"birthday\":\"2021-06-07\",\"docId\":\"\",\"nurseId\":\"\",\"leaveTime\":\"\",\"height\":\"\",\"weight\":\"\",\"diabetesType\":\"\",\"diagnosis\":\"\",\"scanCode\":\"\"}', 156, '0', NULL, '2023-06-06 15:25:48', '2023-06-06 15:25:48', 'admin', 'admin');
INSERT INTO `sys_log` VALUES (1665983364452761601, '0', '办理出院', 'web', '127.0.0.1', 'Mozilla/5.0 (Windows NT 10.0; Win64; x64) AppleWebKit/537.36 (KHTML, like Gecko) Chrome/114.0.0.0 Safari/537.36', '/pat/leave', 'POST', '{\"id\":\"1665983308198776835\",\"iptNum\":\"19287834\",\"visitId\":\"1665983308198776834\",\"idCard\":\"\",\"name\":\"汉武帝\",\"phone\":\"\",\"gender\":\"1\",\"bedNum\":\"\",\"bedSort\":null,\"docId\":null,\"docName\":null,\"nurseId\":null,\"nurseName\":null,\"deptId\":\"1659386542775017473\",\"iptTime\":\"2020-06-07 00:00:00\",\"leaveTime\":null,\"birthday\":\"2021-06-07\",\"height\":null,\"weight\":null,\"diabetesType\":\"\",\"diagnosis\":\"\",\"scanCode\":\"\",\"inGluValue\":null,\"outGluValue\":null,\"status\":null,\"$cellEdit\":false,\"$index\":0,\"$deptId\":\"内分泌科\",\"$gender\":\"男\",\"$docId\":\"\"}', 128, '0', NULL, '2023-06-06 15:26:01', '2023-06-06 15:26:01', 'admin', 'admin');
INSERT INTO `sys_log` VALUES (1666272292435042305, '0', '登录成功', 'web', '127.0.0.1', 'Apifox/1.0.0 (https://apifox.com)', '/oauth2/token', 'POST', 'password=%5B123456%5D&grant_type=%5Bpassword%5D&scope=%5Bserver%5D&hosId=%5B1659018792143663105%5D&username=%5Badmin%5D', 770, '0', NULL, '2023-06-07 10:34:07', '2023-06-07 10:34:07', 'admin', 'admin');
INSERT INTO `sys_log` VALUES (1666293889149595649, '0', '登录成功', 'web', '127.0.0.1', 'Apifox/1.0.0 (https://apifox.com)', '/oauth2/token', 'POST', 'password=%5B123456%5D&grant_type=%5Bpassword%5D&scope=%5Bserver%5D&hosId=%5B1659018792143663105%5D&username=%5Badmin%5D', 1195, '0', NULL, '2023-06-07 11:59:56', '2023-06-07 11:59:56', 'admin', 'admin');
INSERT INTO `sys_log` VALUES (1666294435654823938, '0', '登录成功', 'web', '127.0.0.1', 'Mozilla/5.0 (Windows NT 10.0; Win64; x64) AppleWebKit/537.36 (KHTML, like Gecko) Chrome/114.0.0.0 Safari/537.36', '/oauth2/token', 'POST', 'randomStr=%5B%5D&password=%5B123456%5D&code=%5B%5D&grant_type=%5Bpassword%5D&scope=%5Bserver%5D&hosId=%5B1659018792143663105%5D&username=%5Badmin%5D', 268, '0', NULL, '2023-06-07 12:02:06', '2023-06-07 12:02:06', 'admin', 'admin');
INSERT INTO `sys_log` VALUES (1666298638288711681, '0', '新增住院患者', 'web', '127.0.0.1', 'Mozilla/5.0 (Windows NT 10.0; Win64; x64) AppleWebKit/537.36 (KHTML, like Gecko) Chrome/114.0.0.0 Safari/537.36', '/pat', 'POST', '{\"id\":\"\",\"iptNum\":\"123884\",\"idCard\":\"\",\"name\":\"李斯\",\"bedNum\":\"12\",\"iptTime\":\"2019-06-03 12:18:28\",\"deptId\":\"1659789309465214978\",\"phone\":\"\",\"gender\":\"1\",\"birthday\":\"2015-06-15\",\"docId\":\"1659441176889720833\",\"nurseId\":\"1662432715555459074\",\"leaveTime\":\"\",\"height\":\"\",\"weight\":\"\",\"diabetesType\":\"\",\"diagnosis\":\"\",\"scanCode\":\"\"}', 494, '0', NULL, '2023-06-07 12:18:48', '2023-06-07 12:18:48', 'admin', 'admin');
INSERT INTO `sys_log` VALUES (1666316943850369026, '0', '新增菜单', 'web', '127.0.0.1', 'Mozilla/5.0 (Windows NT 10.0; Win64; x64) AppleWebKit/537.36 (KHTML, like Gecko) Chrome/114.0.0.0 Safari/537.36', '/menu', 'POST', '{\"name\":\"出院患者\",\"path\":\"/inhos/outpat/index\",\"icon\":\"icon-wangzhan\",\"type\":\"0\",\"keepAlive\":\"0\",\"sortOrder\":2,\"parentId\":\"1665170110243573762\"}', 68, '0', NULL, '2023-06-07 13:31:33', '2023-06-07 13:31:33', 'admin', 'admin');
INSERT INTO `sys_log` VALUES (1666317100943831041, '0', '新增菜单', 'web', '127.0.0.1', 'Mozilla/5.0 (Windows NT 10.0; Win64; x64) AppleWebKit/537.36 (KHTML, like Gecko) Chrome/114.0.0.0 Safari/537.36', '/menu', 'POST', '{\"name\":\"查看出院患者\",\"permission\":\"inhos_out_pat_get\",\"type\":\"1\",\"keepAlive\":\"0\",\"sortOrder\":1,\"parentId\":\"1666316939865780225\"}', 15, '0', NULL, '2023-06-07 13:32:10', '2023-06-07 13:32:10', 'admin', 'admin');
INSERT INTO `sys_log` VALUES (1666317559406424066, '0', '更新角色菜单', 'web', '127.0.0.1', 'Mozilla/5.0 (Windows NT 10.0; Win64; x64) AppleWebKit/537.36 (KHTML, like Gecko) Chrome/114.0.0.0 Safari/537.36', '/role/menu', 'PUT', '{\"roleId\":\"1660134954269057025\",\"menuIds\":\"1000,1100,1101,1102,1103,1104,1200,1201,1202,1203,1300,1301,1302,1303,1304,1305,1400,1401,1402,1403,1500,1501,1502,1503,1504,1505,1684725265770,1684725265771,1684725265772,1684725265773,1684725265774,2000,2400,2401,2402,2403,2600,2601,2602,2603,2200,2201,2202,2203,2100,2101,2102,2300,2301,2700,2701,2702,2703,3000,3200,3300,3301,3302,3303,3400,3100,4000,1684374329728,1684374329729,1684374329730,1684374329731,1684374329732,1685002829989,1661700003911647234,1685002829991,1685002829990,1685002829992,1685002829993,1685178890515,1685178890516,1685178890517,1685178890518,1685178890519,1685191950869,1685191950870,1685191950871,1685191950872,1685191950873,1685247343294,1685247343295,1685247343296,1685247343297,1685247343298,1685350289870,1685350289871,1685350289872,1685350289873,1685350289874,1665170110243573762,1685676844730,1685676844731,1685676844732,1685676844733,1685676844734,1665235323353546753,1666316939865780225,1666317100683784194,9999,\"}', 352, '0', NULL, '2023-06-07 13:34:00', '2023-06-07 13:34:00', 'admin', 'admin');
INSERT INTO `sys_log` VALUES (1666317905579110402, '9', '登录失败', 'web', '127.0.0.1', 'Mozilla/5.0 (Windows NT 10.0; Win64; x64) AppleWebKit/537.36 (KHTML, like Gecko) Chrome/114.0.0.0 Safari/537.36', '/token/check_token', 'GET', 'token=%5B1a9a7b99-ff92-492b-8344-39868b68bf85%5D', 51, '0', 'invalid_bearer_token', '2023-06-07 13:35:22', '2023-06-07 13:35:22', 'anonymousUser', 'anonymousUser');
INSERT INTO `sys_log` VALUES (1666317905579110403, '0', '退出成功', 'web', '127.0.0.1', 'Mozilla/5.0 (Windows NT 10.0; Win64; x64) AppleWebKit/537.36 (KHTML, like Gecko) Chrome/114.0.0.0 Safari/537.36', '/token/logout', 'DELETE', 'Bearer 1a9a7b99-ff92-492b-8344-39868b68bf85', 0, '0', NULL, '2023-06-07 13:35:22', '2023-06-07 13:35:22', 'admin', 'admin');
INSERT INTO `sys_log` VALUES (1666317927116861442, '0', '登录成功', 'web', '127.0.0.1', 'Mozilla/5.0 (Windows NT 10.0; Win64; x64) AppleWebKit/537.36 (KHTML, like Gecko) Chrome/114.0.0.0 Safari/537.36', '/oauth2/token', 'POST', 'randomStr=%5B%5D&password=%5B123456%5D&code=%5B%5D&grant_type=%5Bpassword%5D&scope=%5Bserver%5D&hosId=%5B1659018792143663105%5D&username=%5Badmin%5D', 221, '0', NULL, '2023-06-07 13:35:27', '2023-06-07 13:35:27', 'admin', 'admin');
INSERT INTO `sys_log` VALUES (1666319838385696769, '0', '办理出院', 'web', '127.0.0.1', 'Mozilla/5.0 (Windows NT 10.0; Win64; x64) AppleWebKit/537.36 (KHTML, like Gecko) Chrome/114.0.0.0 Safari/537.36', '/pat/leave', 'POST', '{\"id\":\"1666298635495378946\",\"iptNum\":\"123884\",\"visitId\":\"1666298635466018818\",\"idCard\":\"\",\"name\":\"李斯\",\"phone\":\"\",\"gender\":\"1\",\"bedNum\":\"12\",\"bedSort\":null,\"docId\":\"1659441176889720833\",\"docName\":null,\"nurseId\":\"1662432715555459074\",\"nurseName\":null,\"deptId\":\"1659789309465214978\",\"iptTime\":\"2019-06-03 12:18:28\",\"leaveTime\":null,\"birthday\":\"2015-06-15\",\"height\":null,\"weight\":null,\"diabetesType\":\"\",\"diagnosis\":\"\",\"scanCode\":\"\",\"inGluValue\":null,\"outGluValue\":null,\"status\":null,\"$cellEdit\":false,\"$index\":0,\"$deptId\":\"心内科\",\"$gender\":\"男\",\"$docId\":\"张三\"}', 4832, '0', NULL, '2023-06-07 13:43:03', '2023-06-07 13:43:03', 'admin', 'admin');
INSERT INTO `sys_log` VALUES (1666344842116624386, '0', '新增菜单', 'web', '127.0.0.1', 'Mozilla/5.0 (Windows NT 10.0; Win64; x64) AppleWebKit/537.36 (KHTML, like Gecko) Chrome/114.0.0.0 Safari/537.36', '/menu', 'POST', '{\"name\":\"办理住院\",\"permission\":\"inhos_out_pat_in\",\"type\":\"1\",\"keepAlive\":\"0\",\"sortOrder\":2,\"parentId\":\"1666316939865780225\"}', 71, '0', NULL, '2023-06-07 15:22:24', '2023-06-07 15:22:24', 'admin', 'admin');
INSERT INTO `sys_log` VALUES (1666344919635750914, '0', '更新角色菜单', 'web', '127.0.0.1', 'Mozilla/5.0 (Windows NT 10.0; Win64; x64) AppleWebKit/537.36 (KHTML, like Gecko) Chrome/114.0.0.0 Safari/537.36', '/role/menu', 'PUT', '{\"roleId\":\"1660134954269057025\",\"menuIds\":\"1000,1100,1101,1102,1103,1104,1200,1201,1202,1203,1300,1301,1302,1303,1304,1305,1400,1401,1402,1403,1500,1501,1502,1503,1504,1505,1684725265770,1684725265771,1684725265772,1684725265773,1684725265774,2000,2400,2401,2402,2403,2600,2601,2602,2603,2200,2201,2202,2203,2100,2101,2102,2300,2301,2700,2701,2702,2703,3000,3200,3300,3301,3302,3303,3400,3100,4000,1684374329728,1684374329729,1684374329730,1684374329731,1684374329732,1685002829989,1661700003911647234,1685002829991,1685002829990,1685002829992,1685002829993,1685178890515,1685178890516,1685178890517,1685178890518,1685178890519,1685191950869,1685191950870,1685191950871,1685191950872,1685191950873,1685247343294,1685247343295,1685247343296,1685247343297,1685247343298,1685350289870,1685350289871,1685350289872,1685350289873,1685350289874,1665170110243573762,1685676844730,1685676844731,1685676844732,1685676844733,1685676844734,1665235323353546753,1666316939865780225,1666317100683784194,1666344841332289538,9999,\"}', 289, '0', NULL, '2023-06-07 15:22:43', '2023-06-07 15:22:43', 'admin', 'admin');
INSERT INTO `sys_log` VALUES (1666344947808890881, '0', '退出成功', 'web', '127.0.0.1', 'Mozilla/5.0 (Windows NT 10.0; Win64; x64) AppleWebKit/537.36 (KHTML, like Gecko) Chrome/114.0.0.0 Safari/537.36', '/token/logout', 'DELETE', 'Bearer 6915c5cc-09ee-44d5-a90e-f1ed076a1072', 0, '0', NULL, '2023-06-07 15:22:49', '2023-06-07 15:22:49', 'admin', 'admin');
INSERT INTO `sys_log` VALUES (1666344968524558337, '0', '登录成功', 'web', '127.0.0.1', 'Mozilla/5.0 (Windows NT 10.0; Win64; x64) AppleWebKit/537.36 (KHTML, like Gecko) Chrome/114.0.0.0 Safari/537.36', '/oauth2/token', 'POST', 'randomStr=%5B%5D&password=%5B123456%5D&code=%5B%5D&grant_type=%5Bpassword%5D&scope=%5Bserver%5D&hosId=%5B1659018792143663105%5D&username=%5Badmin%5D', 176, '0', NULL, '2023-06-07 15:22:54', '2023-06-07 15:22:54', 'admin', 'admin');
INSERT INTO `sys_log` VALUES (1666352891841638402, '9', '办理入院', 'web', '127.0.0.1', 'Mozilla/5.0 (Windows NT 10.0; Win64; x64) AppleWebKit/537.36 (KHTML, like Gecko) Chrome/114.0.0.0 Safari/537.36', '/pat/in', 'POST', '{\"id\":\"1666298635495378946\",\"iptNum\":\"12388412\",\"idCard\":\"\",\"name\":\"李斯\",\"bedNum\":\"44\",\"leaveTime\":\"2023-06-07 13:43:02\",\"iptTime\":\"2019-06-03 12:18:28\",\"deptId\":\"1659386542775017473\",\"phone\":\"\",\"gender\":\"1\",\"birthday\":\"2015-06-15\",\"docId\":\"1659458202844733441\",\"nurseId\":\"1662432715555459074\",\"height\":null,\"weight\":null,\"diabetesType\":\"2\",\"diagnosis\":\"\",\"scanCode\":\"\",\"visitId\":\"1666298635466018818\",\"bedSort\":\"12\",\"docName\":null,\"nurseName\":null,\"inGluValue\":null,\"outGluValue\":null,\"status\":0}', 279, '0', '该患者不存在！', '2023-06-07 15:54:23', '2023-06-07 15:54:23', 'admin', 'admin');
INSERT INTO `sys_log` VALUES (1666353597961105409, '0', '办理入院', 'web', '127.0.0.1', 'Mozilla/5.0 (Windows NT 10.0; Win64; x64) AppleWebKit/537.36 (KHTML, like Gecko) Chrome/114.0.0.0 Safari/537.36', '/pat/in', 'POST', '{\"id\":\"1666298635495378946\",\"iptNum\":\"123884233\",\"idCard\":\"\",\"name\":\"李斯\",\"bedNum\":\"12\",\"leaveTime\":\"2023-06-07 13:43:02\",\"iptTime\":\"2019-06-03 12:18:28\",\"deptId\":\"1659386542775017473\",\"phone\":\"\",\"gender\":\"1\",\"birthday\":\"2015-06-15\",\"docId\":\"1659887681463345154\",\"nurseId\":\"1662432715555459074\",\"height\":null,\"weight\":null,\"diabetesType\":\"\",\"diagnosis\":\"\",\"scanCode\":\"\",\"visitId\":\"1666298635466018818\",\"bedSort\":\"12\",\"docName\":null,\"nurseName\":null,\"inGluValue\":null,\"outGluValue\":null,\"status\":0}', 1133, '0', NULL, '2023-06-07 15:57:12', '2023-06-07 15:57:12', 'admin', 'admin');
INSERT INTO `sys_log` VALUES (1666354925575761922, '9', '办理入院', 'web', '127.0.0.1', 'Mozilla/5.0 (Windows NT 10.0; Win64; x64) AppleWebKit/537.36 (KHTML, like Gecko) Chrome/114.0.0.0 Safari/537.36', '/pat/in', 'POST', '{\"id\":\"1665983308198776835\",\"iptNum\":\"123884233\",\"idCard\":\"\",\"name\":\"汉武帝\",\"bedNum\":\"\",\"leaveTime\":\"2023-06-06 15:26:01\",\"iptTime\":\"2020-06-07 02:02:00\",\"deptId\":\"1659386542775017473\",\"phone\":\"\",\"gender\":\"1\",\"birthday\":\"2021-06-07\",\"docId\":null,\"nurseId\":null,\"height\":null,\"weight\":null,\"diabetesType\":\"\",\"diagnosis\":\"\",\"scanCode\":\"\",\"visitId\":\"1665983308198776834\",\"bedSort\":\"\",\"docName\":null,\"nurseName\":null,\"inGluValue\":null,\"outGluValue\":null,\"status\":0}', 59, '0', '住院号重复！', '2023-06-07 16:02:28', '2023-06-07 16:02:28', 'admin', 'admin');
INSERT INTO `sys_log` VALUES (1666354952150872065, '0', '办理入院', 'web', '127.0.0.1', 'Mozilla/5.0 (Windows NT 10.0; Win64; x64) AppleWebKit/537.36 (KHTML, like Gecko) Chrome/114.0.0.0 Safari/537.36', '/pat/in', 'POST', '{\"id\":\"1665983308198776835\",\"iptNum\":\"1928783412\",\"idCard\":\"\",\"name\":\"汉武帝\",\"bedNum\":\"\",\"leaveTime\":\"2023-06-06 15:26:01\",\"iptTime\":\"2020-06-07 02:02:00\",\"deptId\":\"1659386542775017473\",\"phone\":\"\",\"gender\":\"1\",\"birthday\":\"2021-06-07\",\"docId\":null,\"nurseId\":null,\"height\":null,\"weight\":null,\"diabetesType\":\"\",\"diagnosis\":\"\",\"scanCode\":\"\",\"visitId\":\"1665983308198776834\",\"bedSort\":\"\",\"docName\":null,\"nurseName\":null,\"inGluValue\":null,\"outGluValue\":null,\"status\":0}', 115, '0', NULL, '2023-06-07 16:02:35', '2023-06-07 16:02:35', 'admin', 'admin');
INSERT INTO `sys_log` VALUES (1666358987293618177, '0', '办理入院', 'web', '127.0.0.1', 'Mozilla/5.0 (Windows NT 10.0; Win64; x64) AppleWebKit/537.36 (KHTML, like Gecko) Chrome/114.0.0.0 Safari/537.36', '/pat/in', 'POST', '{\"id\":\"1665981054884499457\",\"iptNum\":\"123444\",\"idCard\":\"\",\"name\":\"董天宝\",\"bedNum\":\"11\",\"leaveTime\":\"2023-06-06 15:16:57\",\"iptTime\":\"2022-06-06 00:00:00\",\"deptId\":\"1659386542775017473\",\"phone\":\"\",\"gender\":\"1\",\"birthday\":\"2020-06-15\",\"docId\":\"1659441176889720833\",\"nurseId\":\"1662432715555459074\",\"height\":null,\"weight\":null,\"diabetesType\":\"\",\"diagnosis\":\"\",\"scanCode\":\"\",\"visitId\":\"1665981054817390594\",\"bedSort\":\"11\",\"docName\":null,\"nurseName\":null,\"inGluValue\":null,\"outGluValue\":null,\"status\":0}', 417, '0', NULL, '2023-06-07 16:18:37', '2023-06-07 16:18:37', 'admin', 'admin');
INSERT INTO `sys_log` VALUES (1666362868471853058, '0', '办理入院', 'web', '127.0.0.1', 'Mozilla/5.0 (Windows NT 10.0; Win64; x64) AppleWebKit/537.36 (KHTML, like Gecko) Chrome/114.0.0.0 Safari/537.36', '/pat/in', 'POST', '{\"id\":\"1665975916706852866\",\"iptNum\":\"123455\",\"idCard\":\"\",\"name\":\"秦始皇\",\"bedNum\":\"12\",\"leaveTime\":\"2023-06-06 14:56:35\",\"iptTime\":\"2019-06-17 00:00:00\",\"deptId\":\"1659789309465214978\",\"phone\":\"\",\"gender\":\"1\",\"birthday\":\"2019-06-10\",\"docId\":\"1659441176889720833\",\"nurseId\":\"1662432715555459074\",\"height\":null,\"weight\":null,\"diabetesType\":\"\",\"diagnosis\":\"\",\"scanCode\":\"\",\"visitId\":\"1665975916539080705\",\"bedSort\":\"12\",\"docName\":null,\"nurseName\":null,\"inGluValue\":null,\"outGluValue\":null,\"status\":0}', 1292, '0', NULL, '2023-06-07 16:34:02', '2023-06-07 16:34:02', 'admin', 'admin');
INSERT INTO `sys_log` VALUES (1666372398266085378, '0', '办理入院', 'web', '127.0.0.1', 'Mozilla/5.0 (Windows NT 10.0; Win64; x64) AppleWebKit/537.36 (KHTML, like Gecko) Chrome/114.0.0.0 Safari/537.36', '/pat/in', 'POST', '{\"id\":\"1665959134235422723\",\"iptNum\":\"82736\",\"idCard\":\"\",\"name\":\"步惊云\",\"bedNum\":\"12\",\"leaveTime\":\"2023-06-06 14:38:51\",\"iptTime\":\"2023-06-06 13:49:32\",\"deptId\":\"1659789309465214978\",\"phone\":\"\",\"gender\":\"1\",\"birthday\":\"2016-06-06\",\"docId\":\"1659441176889720833\",\"nurseId\":\"1662432715555459074\",\"height\":null,\"weight\":null,\"diabetesType\":\"1\",\"diagnosis\":\"\",\"scanCode\":\"\",\"visitId\":\"1665959134235422722\",\"bedSort\":\"12\",\"docName\":null,\"nurseName\":null,\"inGluValue\":null,\"outGluValue\":null,\"status\":0}', 696, '0', NULL, '2023-06-07 17:11:54', '2023-06-07 17:11:54', 'admin', 'admin');
INSERT INTO `sys_log` VALUES (1666374990710861826, '0', '办理入院', 'web', '127.0.0.1', 'Mozilla/5.0 (Windows NT 10.0; Win64; x64) AppleWebKit/537.36 (KHTML, like Gecko) Chrome/114.0.0.0 Safari/537.36', '/pat/in', 'POST', '{\"id\":\"1665976484137463810\",\"iptNum\":\"192878\",\"idCard\":\"\",\"name\":\"小鬼子\",\"bedNum\":\"22\",\"leaveTime\":\"2023-06-06 14:58:49\",\"iptTime\":\"2023-06-06 14:58:32\",\"deptId\":\"1659789309465214978\",\"phone\":\"\",\"gender\":\"1\",\"birthday\":\"2021-06-14\",\"docId\":\"1659458202844733441\",\"nurseId\":\"1662432715555459074\",\"height\":null,\"weight\":null,\"diabetesType\":\"\",\"diagnosis\":\"\",\"scanCode\":\"\",\"visitId\":\"1665976484137463809\",\"bedSort\":\"22\",\"docName\":null,\"nurseName\":null,\"inGluValue\":null,\"outGluValue\":null,\"status\":0}', 305, '0', NULL, '2023-06-07 17:22:12', '2023-06-07 17:22:12', 'admin', 'admin');
INSERT INTO `sys_log` VALUES (1666375089977454593, '0', '办理入院', 'web', '127.0.0.1', 'Mozilla/5.0 (Windows NT 10.0; Win64; x64) AppleWebKit/537.36 (KHTML, like Gecko) Chrome/114.0.0.0 Safari/537.36', '/pat/in', 'POST', '{\"id\":\"1665973871627141122\",\"iptNum\":\"192837\",\"idCard\":\"\",\"name\":\"刘伯温\",\"bedNum\":\"22\",\"leaveTime\":\"2023-06-06 14:48:46\",\"iptTime\":\"2023-06-06 14:48:00\",\"deptId\":\"1659386542775017473\",\"phone\":\"\",\"gender\":\"1\",\"birthday\":\"2019-06-18\",\"docId\":\"1659458202844733441\",\"nurseId\":\"1662432715555459074\",\"height\":null,\"weight\":null,\"diabetesType\":\"1\",\"diagnosis\":\"\",\"scanCode\":\"\",\"visitId\":\"1665973871627141121\",\"bedSort\":\"22\",\"docName\":null,\"nurseName\":null,\"inGluValue\":null,\"outGluValue\":null,\"status\":0}', 70, '0', NULL, '2023-06-07 17:22:36', '2023-06-07 17:22:36', 'admin', 'admin');
INSERT INTO `sys_log` VALUES (1666411470393147393, '0', '登录成功', 'web', '127.0.0.1', 'Mozilla/5.0 (Windows NT 10.0; Win64; x64) AppleWebKit/537.36 (KHTML, like Gecko) Chrome/114.0.0.0 Safari/537.36', '/oauth2/token', 'POST', 'randomStr=%5B%5D&password=%5B123456%5D&code=%5B%5D&grant_type=%5Bpassword%5D&scope=%5Bserver%5D&hosId=%5B1659018792143663105%5D&username=%5Badmin%5D', 456, '0', NULL, '2023-06-07 19:47:10', '2023-06-07 19:47:10', 'admin', 'admin');
INSERT INTO `sys_log` VALUES (1666411555206168577, '0', '办理入院', 'web', '127.0.0.1', 'Mozilla/5.0 (Windows NT 10.0; Win64; x64) AppleWebKit/537.36 (KHTML, like Gecko) Chrome/114.0.0.0 Safari/537.36', '/pat/in', 'POST', '{\"id\":\"1665972505156452354\",\"iptNum\":\"928347\",\"idCard\":\"\",\"name\":\"朱元璋\",\"bedNum\":\"24\",\"leaveTime\":\"2023-06-06 14:42:55\",\"iptTime\":\"2023-04-03 00:00:00\",\"deptId\":\"1659789309465214978\",\"phone\":\"\",\"gender\":\"1\",\"birthday\":\"2009-06-15\",\"docId\":\"1659441176889720833\",\"nurseId\":\"1662432715555459074\",\"height\":null,\"weight\":null,\"diabetesType\":\"1\",\"diagnosis\":\"\",\"scanCode\":\"\",\"visitId\":\"1665972505106120706\",\"bedSort\":\"24\",\"docName\":null,\"nurseName\":null,\"inGluValue\":null,\"outGluValue\":null,\"status\":0}', 1128, '0', NULL, '2023-06-07 19:47:30', '2023-06-07 19:47:30', 'admin', 'admin');
INSERT INTO `sys_log` VALUES (1666411769031786498, '0', '办理出院', 'web', '127.0.0.1', 'Mozilla/5.0 (Windows NT 10.0; Win64; x64) AppleWebKit/537.36 (KHTML, like Gecko) Chrome/114.0.0.0 Safari/537.36', '/pat/leave', 'POST', '{\"id\":\"1665983308198776835\",\"iptNum\":\"1928783412\",\"visitId\":\"1665983308198776834\",\"idCard\":\"\",\"name\":\"汉武帝\",\"phone\":\"\",\"gender\":\"1\",\"bedNum\":\"\",\"bedSort\":null,\"docId\":null,\"docName\":null,\"nurseId\":null,\"nurseName\":null,\"deptId\":\"1659386542775017473\",\"iptTime\":\"2020-06-07 02:02:00\",\"leaveTime\":\"2023-06-06 15:26:01\",\"birthday\":\"2021-06-07\",\"height\":null,\"weight\":null,\"diabetesType\":\"\",\"diagnosis\":\"\",\"scanCode\":\"\",\"inGluValue\":null,\"outGluValue\":null,\"status\":null,\"$cellEdit\":false,\"$index\":0,\"$deptId\":\"内分泌科\",\"$gender\":\"男\",\"$docId\":\"\"}', 192, '0', NULL, '2023-06-07 19:48:21', '2023-06-07 19:48:21', 'admin', 'admin');
INSERT INTO `sys_log` VALUES (1666411978465968130, '0', '办理出院', 'web', '127.0.0.1', 'Mozilla/5.0 (Windows NT 10.0; Win64; x64) AppleWebKit/537.36 (KHTML, like Gecko) Chrome/114.0.0.0 Safari/537.36', '/pat/leave', 'POST', '{\"id\":\"1665981054884499457\",\"iptNum\":\"123444\",\"visitId\":\"1665981054817390594\",\"idCard\":\"\",\"name\":\"董天宝\",\"phone\":\"\",\"gender\":\"1\",\"bedNum\":\"11\",\"bedSort\":null,\"docId\":\"1659441176889720833\",\"docName\":null,\"nurseId\":\"1662432715555459074\",\"nurseName\":null,\"deptId\":\"1659386542775017473\",\"iptTime\":\"2022-06-06 00:00:00\",\"leaveTime\":\"2023-06-06 15:16:57\",\"birthday\":\"2020-06-15\",\"height\":null,\"weight\":null,\"diabetesType\":\"\",\"diagnosis\":\"\",\"scanCode\":\"\",\"inGluValue\":null,\"outGluValue\":null,\"status\":null,\"$cellEdit\":false,\"$index\":0,\"$deptId\":\"内分泌科\",\"$gender\":\"男\",\"$docId\":\"张三\"}', 151, '0', NULL, '2023-06-07 19:49:11', '2023-06-07 19:49:11', 'admin', 'admin');
INSERT INTO `sys_log` VALUES (1666411989467627522, '0', '办理出院', 'web', '127.0.0.1', 'Mozilla/5.0 (Windows NT 10.0; Win64; x64) AppleWebKit/537.36 (KHTML, like Gecko) Chrome/114.0.0.0 Safari/537.36', '/pat/leave', 'POST', '{\"id\":\"1666298635495378946\",\"iptNum\":\"123884233\",\"visitId\":\"1666298635466018818\",\"idCard\":\"\",\"name\":\"李斯\",\"phone\":\"\",\"gender\":\"1\",\"bedNum\":\"12\",\"bedSort\":null,\"docId\":\"1659887681463345154\",\"docName\":null,\"nurseId\":\"1662432715555459074\",\"nurseName\":null,\"deptId\":\"1659386542775017473\",\"iptTime\":\"2019-06-03 12:18:28\",\"leaveTime\":\"2023-06-07 13:43:02\",\"birthday\":\"2015-06-15\",\"height\":null,\"weight\":null,\"diabetesType\":\"\",\"diagnosis\":\"\",\"scanCode\":\"\",\"inGluValue\":null,\"outGluValue\":null,\"status\":null,\"$cellEdit\":false,\"$index\":0,\"$deptId\":\"内分泌科\",\"$gender\":\"男\",\"$docId\":\"王玮\"}', 186, '0', NULL, '2023-06-07 19:49:13', '2023-06-07 19:49:13', 'admin', 'admin');
INSERT INTO `sys_log` VALUES (1666411999462653954, '0', '办理出院', 'web', '127.0.0.1', 'Mozilla/5.0 (Windows NT 10.0; Win64; x64) AppleWebKit/537.36 (KHTML, like Gecko) Chrome/114.0.0.0 Safari/537.36', '/pat/leave', 'POST', '{\"id\":\"1665975916706852866\",\"iptNum\":\"123455\",\"visitId\":\"1665975916539080705\",\"idCard\":\"\",\"name\":\"秦始皇\",\"phone\":\"\",\"gender\":\"1\",\"bedNum\":\"12\",\"bedSort\":null,\"docId\":\"1659441176889720833\",\"docName\":null,\"nurseId\":\"1662432715555459074\",\"nurseName\":null,\"deptId\":\"1659789309465214978\",\"iptTime\":\"2019-06-17 00:00:00\",\"leaveTime\":\"2023-06-06 14:56:35\",\"birthday\":\"2019-06-10\",\"height\":null,\"weight\":null,\"diabetesType\":\"\",\"diagnosis\":\"\",\"scanCode\":\"\",\"inGluValue\":null,\"outGluValue\":null,\"status\":null,\"$cellEdit\":false,\"$index\":0,\"$deptId\":\"心内科\",\"$gender\":\"男\",\"$docId\":\"张三\"}', 110, '0', NULL, '2023-06-07 19:49:16', '2023-06-07 19:49:16', 'admin', 'admin');
INSERT INTO `sys_log` VALUES (1666412010111991810, '0', '办理出院', 'web', '127.0.0.1', 'Mozilla/5.0 (Windows NT 10.0; Win64; x64) AppleWebKit/537.36 (KHTML, like Gecko) Chrome/114.0.0.0 Safari/537.36', '/pat/leave', 'POST', '{\"id\":\"1665959134235422723\",\"iptNum\":\"82736\",\"visitId\":\"1665959134235422722\",\"idCard\":\"\",\"name\":\"步惊云\",\"phone\":\"\",\"gender\":\"1\",\"bedNum\":\"12\",\"bedSort\":null,\"docId\":\"1659441176889720833\",\"docName\":null,\"nurseId\":\"1662432715555459074\",\"nurseName\":null,\"deptId\":\"1659789309465214978\",\"iptTime\":\"2023-06-06 13:49:32\",\"leaveTime\":\"2023-06-06 14:38:51\",\"birthday\":\"2016-06-06\",\"height\":null,\"weight\":null,\"diabetesType\":\"1\",\"diagnosis\":\"\",\"scanCode\":\"\",\"inGluValue\":null,\"outGluValue\":null,\"status\":null,\"$cellEdit\":false,\"$index\":0,\"$deptId\":\"心内科\",\"$gender\":\"男\",\"$docId\":\"张三\"}', 112, '0', NULL, '2023-06-07 19:49:18', '2023-06-07 19:49:18', 'admin', 'admin');
INSERT INTO `sys_log` VALUES (1666412020543225858, '0', '办理出院', 'web', '127.0.0.1', 'Mozilla/5.0 (Windows NT 10.0; Win64; x64) AppleWebKit/537.36 (KHTML, like Gecko) Chrome/114.0.0.0 Safari/537.36', '/pat/leave', 'POST', '{\"id\":\"1665973871627141122\",\"iptNum\":\"192837\",\"visitId\":\"1665973871627141121\",\"idCard\":\"\",\"name\":\"刘伯温\",\"phone\":\"\",\"gender\":\"1\",\"bedNum\":\"22\",\"bedSort\":null,\"docId\":\"1659458202844733441\",\"docName\":null,\"nurseId\":\"1662432715555459074\",\"nurseName\":null,\"deptId\":\"1659386542775017473\",\"iptTime\":\"2023-06-06 14:48:00\",\"leaveTime\":\"2023-06-06 14:48:46\",\"birthday\":\"2019-06-18\",\"height\":null,\"weight\":null,\"diabetesType\":\"1\",\"diagnosis\":\"\",\"scanCode\":\"\",\"inGluValue\":null,\"outGluValue\":null,\"status\":null,\"$cellEdit\":false,\"$index\":0,\"$deptId\":\"内分泌科\",\"$gender\":\"男\",\"$docId\":\"李四\"}', 98, '0', NULL, '2023-06-07 19:49:21', '2023-06-07 19:49:21', 'admin', 'admin');
INSERT INTO `sys_log` VALUES (1666412030332731393, '0', '办理出院', 'web', '127.0.0.1', 'Mozilla/5.0 (Windows NT 10.0; Win64; x64) AppleWebKit/537.36 (KHTML, like Gecko) Chrome/114.0.0.0 Safari/537.36', '/pat/leave', 'POST', '{\"id\":\"1665976484137463810\",\"iptNum\":\"192878\",\"visitId\":\"1665976484137463809\",\"idCard\":\"\",\"name\":\"小鬼子\",\"phone\":\"\",\"gender\":\"1\",\"bedNum\":\"22\",\"bedSort\":null,\"docId\":\"1659458202844733441\",\"docName\":null,\"nurseId\":\"1662432715555459074\",\"nurseName\":null,\"deptId\":\"1659789309465214978\",\"iptTime\":\"2023-06-06 14:58:32\",\"leaveTime\":\"2023-06-06 14:58:49\",\"birthday\":\"2021-06-14\",\"height\":null,\"weight\":null,\"diabetesType\":\"\",\"diagnosis\":\"\",\"scanCode\":\"\",\"inGluValue\":null,\"outGluValue\":null,\"status\":null,\"$cellEdit\":false,\"$index\":0,\"$deptId\":\"心内科\",\"$gender\":\"男\",\"$docId\":\"李四\"}', 109, '0', NULL, '2023-06-07 19:49:23', '2023-06-07 19:49:23', 'admin', 'admin');
INSERT INTO `sys_log` VALUES (1666412039769915394, '0', '办理出院', 'web', '127.0.0.1', 'Mozilla/5.0 (Windows NT 10.0; Win64; x64) AppleWebKit/537.36 (KHTML, like Gecko) Chrome/114.0.0.0 Safari/537.36', '/pat/leave', 'POST', '{\"id\":\"1665972505156452354\",\"iptNum\":\"928347\",\"visitId\":\"1665972505106120706\",\"idCard\":\"\",\"name\":\"朱元璋\",\"phone\":\"\",\"gender\":\"1\",\"bedNum\":\"24\",\"bedSort\":null,\"docId\":\"1659441176889720833\",\"docName\":null,\"nurseId\":\"1662432715555459074\",\"nurseName\":null,\"deptId\":\"1659789309465214978\",\"iptTime\":\"2023-04-03 00:00:00\",\"leaveTime\":\"2023-06-06 14:42:55\",\"birthday\":\"2009-06-15\",\"height\":null,\"weight\":null,\"diabetesType\":\"1\",\"diagnosis\":\"\",\"scanCode\":\"\",\"inGluValue\":null,\"outGluValue\":null,\"status\":null,\"$cellEdit\":false,\"$index\":0,\"$deptId\":\"心内科\",\"$gender\":\"男\",\"$docId\":\"张三\"}', 90, '0', NULL, '2023-06-07 19:49:25', '2023-06-07 19:49:25', 'admin', 'admin');
INSERT INTO `sys_log` VALUES (1666412524715343873, '0', '办理入院', 'web', '127.0.0.1', 'Mozilla/5.0 (Windows NT 10.0; Win64; x64) AppleWebKit/537.36 (KHTML, like Gecko) Chrome/114.0.0.0 Safari/537.36', '/pat/in', 'POST', '{\"id\":\"1665972505156452354\",\"iptNum\":\"9283471234\",\"idCard\":\"\",\"name\":\"朱元璋\",\"bedNum\":\"24\",\"leaveTime\":\"2023-06-07 19:49:25\",\"iptTime\":\"2023-04-03 00:00:00\",\"deptId\":\"1659789309465214978\",\"phone\":\"\",\"gender\":\"1\",\"birthday\":\"2009-06-15\",\"docId\":\"1659441176889720833\",\"nurseId\":\"1662432715555459074\",\"height\":null,\"weight\":null,\"diabetesType\":\"1\",\"diagnosis\":\"\",\"scanCode\":\"\",\"visitId\":\"1665972505106120706\",\"bedSort\":\"24\",\"docName\":null,\"nurseName\":null,\"inGluValue\":null,\"outGluValue\":null,\"status\":0}', 164, '0', NULL, '2023-06-07 19:51:21', '2023-06-07 19:51:21', 'admin', 'admin');
INSERT INTO `sys_log` VALUES (1667162471827918849, '0', '登录成功', 'web', '127.0.0.1', 'Mozilla/5.0 (Windows NT 10.0; Win64; x64) AppleWebKit/537.36 (KHTML, like Gecko) Chrome/114.0.0.0 Safari/537.36', '/oauth2/token', 'POST', 'randomStr=%5B%5D&password=%5B123456%5D&code=%5B%5D&grant_type=%5Bpassword%5D&scope=%5Bserver%5D&hosId=%5B1659018792143663105%5D&username=%5Badmin%5D', 672, '0', NULL, '2023-06-09 21:31:22', '2023-06-09 21:31:22', 'admin', 'admin');
INSERT INTO `sys_log` VALUES (1667162761243283458, '0', '办理入院', 'web', '127.0.0.1', 'Mozilla/5.0 (Windows NT 10.0; Win64; x64) AppleWebKit/537.36 (KHTML, like Gecko) Chrome/114.0.0.0 Safari/537.36', '/pat/in', 'POST', '{\"id\":\"1665976484137463810\",\"iptNum\":\"192878\",\"idCard\":\"\",\"name\":\"小鬼子\",\"bedNum\":\"22\",\"leaveTime\":\"2023-06-07 19:49:23\",\"iptTime\":\"2023-06-06 14:58:32\",\"deptId\":\"1659789309465214978\",\"phone\":\"\",\"gender\":\"1\",\"birthday\":\"2021-06-14\",\"docId\":\"1659458202844733441\",\"nurseId\":\"1662432715555459074\",\"height\":null,\"weight\":null,\"diabetesType\":\"\",\"diagnosis\":\"\",\"scanCode\":\"\",\"visitId\":\"1665976484137463809\",\"bedSort\":\"22\",\"docName\":null,\"nurseName\":null,\"inGluValue\":null,\"outGluValue\":null,\"status\":0}', 289, '0', NULL, '2023-06-09 21:32:31', '2023-06-09 21:32:31', 'admin', 'admin');
INSERT INTO `sys_log` VALUES (1667162817983827969, '0', '办理入院', 'web', '127.0.0.1', 'Mozilla/5.0 (Windows NT 10.0; Win64; x64) AppleWebKit/537.36 (KHTML, like Gecko) Chrome/114.0.0.0 Safari/537.36', '/pat/in', 'POST', '{\"id\":\"1665973871627141122\",\"iptNum\":\"192837\",\"idCard\":\"\",\"name\":\"刘伯温\",\"bedNum\":\"22\",\"leaveTime\":\"2023-06-07 19:49:20\",\"iptTime\":\"2023-06-06 14:48:00\",\"deptId\":\"1659386542775017473\",\"phone\":\"\",\"gender\":\"1\",\"birthday\":\"2019-06-18\",\"docId\":\"1659458202844733441\",\"nurseId\":\"1662432715555459074\",\"height\":null,\"weight\":null,\"diabetesType\":\"1\",\"diagnosis\":\"\",\"scanCode\":\"\",\"visitId\":\"1665973871627141121\",\"bedSort\":\"22\",\"docName\":null,\"nurseName\":null,\"inGluValue\":null,\"outGluValue\":null,\"status\":0}', 105, '0', NULL, '2023-06-09 21:32:45', '2023-06-09 21:32:45', 'admin', 'admin');
INSERT INTO `sys_log` VALUES (1667162868554551297, '0', '办理入院', 'web', '127.0.0.1', 'Mozilla/5.0 (Windows NT 10.0; Win64; x64) AppleWebKit/537.36 (KHTML, like Gecko) Chrome/114.0.0.0 Safari/537.36', '/pat/in', 'POST', '{\"id\":\"1665959134235422723\",\"iptNum\":\"82736\",\"idCard\":\"\",\"name\":\"步惊云\",\"bedNum\":\"12\",\"leaveTime\":\"2023-06-07 19:49:18\",\"iptTime\":\"2023-06-06 13:49:32\",\"deptId\":\"1659789309465214978\",\"phone\":\"\",\"gender\":\"1\",\"birthday\":\"2016-06-06\",\"docId\":\"1659441176889720833\",\"nurseId\":\"1662432715555459074\",\"height\":null,\"weight\":null,\"diabetesType\":\"1\",\"diagnosis\":\"\",\"scanCode\":\"\",\"visitId\":\"1665959134235422722\",\"bedSort\":\"12\",\"docName\":null,\"nurseName\":null,\"inGluValue\":null,\"outGluValue\":null,\"status\":0}', 73, '0', NULL, '2023-06-09 21:32:57', '2023-06-09 21:32:57', 'admin', 'admin');
INSERT INTO `sys_log` VALUES (1667162889219887105, '0', '办理入院', 'web', '127.0.0.1', 'Mozilla/5.0 (Windows NT 10.0; Win64; x64) AppleWebKit/537.36 (KHTML, like Gecko) Chrome/114.0.0.0 Safari/537.36', '/pat/in', 'POST', '{\"id\":\"1665975916706852866\",\"iptNum\":\"123455\",\"idCard\":\"\",\"name\":\"秦始皇\",\"bedNum\":\"12\",\"leaveTime\":\"2023-06-07 19:49:15\",\"iptTime\":\"2019-06-17 00:00:00\",\"deptId\":\"1659789309465214978\",\"phone\":\"\",\"gender\":\"1\",\"birthday\":\"2019-06-10\",\"docId\":\"1659441176889720833\",\"nurseId\":\"1662432715555459074\",\"height\":null,\"weight\":null,\"diabetesType\":\"\",\"diagnosis\":\"\",\"scanCode\":\"\",\"visitId\":\"1665975916539080705\",\"bedSort\":\"12\",\"docName\":null,\"nurseName\":null,\"inGluValue\":null,\"outGluValue\":null,\"status\":0}', 89, '0', NULL, '2023-06-09 21:33:02', '2023-06-09 21:33:02', 'admin', 'admin');
INSERT INTO `sys_log` VALUES (1667162907158925313, '0', '办理入院', 'web', '127.0.0.1', 'Mozilla/5.0 (Windows NT 10.0; Win64; x64) AppleWebKit/537.36 (KHTML, like Gecko) Chrome/114.0.0.0 Safari/537.36', '/pat/in', 'POST', '{\"id\":\"1666298635495378946\",\"iptNum\":\"123884233\",\"idCard\":\"\",\"name\":\"李斯\",\"bedNum\":\"12\",\"leaveTime\":\"2023-06-07 19:49:13\",\"iptTime\":\"2019-06-03 12:18:28\",\"deptId\":\"1659386542775017473\",\"phone\":\"\",\"gender\":\"1\",\"birthday\":\"2015-06-15\",\"docId\":\"1659887681463345154\",\"nurseId\":\"1662432715555459074\",\"height\":null,\"weight\":null,\"diabetesType\":\"\",\"diagnosis\":\"\",\"scanCode\":\"\",\"visitId\":\"1666298635466018818\",\"bedSort\":\"12\",\"docName\":null,\"nurseName\":null,\"inGluValue\":null,\"outGluValue\":null,\"status\":0}', 72, '0', NULL, '2023-06-09 21:33:06', '2023-06-09 21:33:06', 'admin', 'admin');
INSERT INTO `sys_log` VALUES (1667162922531049473, '0', '办理入院', 'web', '127.0.0.1', 'Mozilla/5.0 (Windows NT 10.0; Win64; x64) AppleWebKit/537.36 (KHTML, like Gecko) Chrome/114.0.0.0 Safari/537.36', '/pat/in', 'POST', '{\"id\":\"1665981054884499457\",\"iptNum\":\"123444\",\"idCard\":\"\",\"name\":\"董天宝\",\"bedNum\":\"11\",\"leaveTime\":\"2023-06-07 19:49:10\",\"iptTime\":\"2022-06-06 00:00:00\",\"deptId\":\"1659386542775017473\",\"phone\":\"\",\"gender\":\"1\",\"birthday\":\"2020-06-15\",\"docId\":\"1659441176889720833\",\"nurseId\":\"1662432715555459074\",\"height\":null,\"weight\":null,\"diabetesType\":\"\",\"diagnosis\":\"\",\"scanCode\":\"\",\"visitId\":\"1665981054817390594\",\"bedSort\":\"11\",\"docName\":null,\"nurseName\":null,\"inGluValue\":null,\"outGluValue\":null,\"status\":0}', 90, '0', NULL, '2023-06-09 21:33:10', '2023-06-09 21:33:10', 'admin', 'admin');
INSERT INTO `sys_log` VALUES (1667162939119521793, '0', '办理入院', 'web', '127.0.0.1', 'Mozilla/5.0 (Windows NT 10.0; Win64; x64) AppleWebKit/537.36 (KHTML, like Gecko) Chrome/114.0.0.0 Safari/537.36', '/pat/in', 'POST', '{\"id\":\"1665983308198776835\",\"iptNum\":\"1928783412\",\"idCard\":\"\",\"name\":\"汉武帝\",\"bedNum\":\"\",\"leaveTime\":\"2023-06-07 19:48:20\",\"iptTime\":\"2020-06-07 02:02:00\",\"deptId\":\"1659386542775017473\",\"phone\":\"\",\"gender\":\"1\",\"birthday\":\"2021-06-07\",\"docId\":null,\"nurseId\":null,\"height\":null,\"weight\":null,\"diabetesType\":\"\",\"diagnosis\":\"\",\"scanCode\":\"\",\"visitId\":\"1665983308198776834\",\"bedSort\":\"\",\"docName\":null,\"nurseName\":null,\"inGluValue\":null,\"outGluValue\":null,\"status\":0}', 62, '0', NULL, '2023-06-09 21:33:14', '2023-06-09 21:33:14', 'admin', 'admin');
INSERT INTO `sys_log` VALUES (1667163277226561537, '0', '修改住院患者', 'web', '127.0.0.1', 'Mozilla/5.0 (Windows NT 10.0; Win64; x64) AppleWebKit/537.36 (KHTML, like Gecko) Chrome/114.0.0.0 Safari/537.36', '/pat', 'PUT', '{\"id\":\"1665983308198776835\",\"iptNum\":\"1928783412\",\"idCard\":\"\",\"name\":\"汉武帝\",\"bedNum\":\"\",\"iptTime\":\"2020-06-07 02:02:00\",\"deptId\":\"1659386264763965441\",\"phone\":\"\",\"gender\":\"1\",\"birthday\":\"2021-06-07\",\"docId\":\"1659458202844733441\",\"nurseId\":null,\"leaveTime\":\"2023-06-07 19:48:20\",\"height\":null,\"weight\":null,\"diabetesType\":\"\",\"diagnosis\":\"\",\"scanCode\":\"\",\"visitId\":\"1665983308198776834\",\"bedSort\":null,\"docName\":null,\"nurseName\":null,\"inGluValue\":null,\"outGluValue\":null,\"status\":null}', 69, '0', NULL, '2023-06-09 21:34:34', '2023-06-09 21:34:34', 'admin', 'admin');
INSERT INTO `sys_log` VALUES (1667433903669579778, '0', '登录成功', 'web', '127.0.0.1', 'Mozilla/5.0 (Windows NT 10.0; Win64; x64) AppleWebKit/537.36 (KHTML, like Gecko) Chrome/114.0.0.0 Safari/537.36', '/oauth2/token', 'POST', 'randomStr=%5B%5D&password=%5B123456%5D&code=%5B%5D&grant_type=%5Bpassword%5D&scope=%5Bserver%5D&hosId=%5B1659018792143663105%5D&username=%5Badmin%5D', 1075, '0', NULL, '2023-06-10 15:29:57', '2023-06-10 15:29:57', 'admin', 'admin');
INSERT INTO `sys_log` VALUES (1667435016930136065, '0', '更新菜单', 'web', '127.0.0.1', 'Mozilla/5.0 (Windows NT 10.0; Win64; x64) AppleWebKit/537.36 (KHTML, like Gecko) Chrome/114.0.0.0 Safari/537.36', '/menu', 'PUT', '{\"createBy\":null,\"createTime\":\"2018-01-20 13:17:19\",\"updateBy\":null,\"updateTime\":\"2018-07-29 13:38:19\",\"menuId\":\"1685844206511\",\"name\":\"转科管理管理\",\"permission\":\"\",\"parentId\":\"1665170110243573762\",\"icon\":\"icon-bangzhushouji\",\"path\":\"/inhos/transfer/index\",\"sortOrder\":3,\"type\":\"0\",\"keepAlive\":\"0\",\"delFlag\":\"0\"}', 44, '0', NULL, '2023-06-10 15:34:22', '2023-06-10 15:34:22', 'admin', 'admin');
INSERT INTO `sys_log` VALUES (1667435130964873218, '0', '更新菜单', 'web', '127.0.0.1', 'Mozilla/5.0 (Windows NT 10.0; Win64; x64) AppleWebKit/537.36 (KHTML, like Gecko) Chrome/114.0.0.0 Safari/537.36', '/menu', 'PUT', '{\"createBy\":null,\"createTime\":\"2018-01-20 13:17:19\",\"updateBy\":\"admin\",\"updateTime\":\"2023-06-10 15:34:21\",\"menuId\":\"1685844206511\",\"name\":\"转科管理管理\",\"permission\":\"\",\"parentId\":\"1665170110243573762\",\"icon\":\"icon-component24\",\"path\":\"/inhos/transfer/index\",\"sortOrder\":3,\"type\":\"0\",\"keepAlive\":\"0\",\"delFlag\":\"0\"}', 16, '0', NULL, '2023-06-10 15:34:49', '2023-06-10 15:34:49', 'admin', 'admin');
INSERT INTO `sys_log` VALUES (1667435179748823042, '0', '更新角色菜单', 'web', '127.0.0.1', 'Mozilla/5.0 (Windows NT 10.0; Win64; x64) AppleWebKit/537.36 (KHTML, like Gecko) Chrome/114.0.0.0 Safari/537.36', '/role/menu', 'PUT', '{\"roleId\":\"1660134954269057025\",\"menuIds\":\"1000,1100,1101,1102,1103,1104,1200,1201,1202,1203,1300,1301,1302,1303,1304,1305,1400,1401,1402,1403,1500,1501,1502,1503,1504,1505,1684725265770,1684725265771,1684725265772,1684725265773,1684725265774,2000,2400,2401,2402,2403,2600,2601,2602,2603,2200,2201,2202,2203,2100,2101,2102,2300,2301,2700,2701,2702,2703,3000,3200,3300,3301,3302,3303,3400,3100,4000,1684374329728,1684374329729,1684374329730,1684374329731,1684374329732,1685002829989,1661700003911647234,1685002829991,1685002829990,1685002829992,1685002829993,1685178890515,1685178890516,1685178890517,1685178890518,1685178890519,1685191950869,1685191950870,1685191950871,1685191950872,1685191950873,1685247343294,1685247343295,1685247343296,1685247343297,1685247343298,1685350289870,1685350289871,1685350289872,1685350289873,1685350289874,1665170110243573762,1685676844730,1685676844731,1685676844732,1685676844733,1685676844734,1665235323353546753,1666316939865780225,1666317100683784194,1666344841332289538,1685844206511,1685844206512,1685844206513,1685844206514,1685844206515,9999,\"}', 215, '0', NULL, '2023-06-10 15:35:01', '2023-06-10 15:35:01', 'admin', 'admin');
INSERT INTO `sys_log` VALUES (1667435199315251202, '0', '清除菜单缓存', 'web', '127.0.0.1', 'Mozilla/5.0 (Windows NT 10.0; Win64; x64) AppleWebKit/537.36 (KHTML, like Gecko) Chrome/114.0.0.0 Safari/537.36', '/menu/cache', 'DELETE', '', 9, '0', NULL, '2023-06-10 15:35:06', '2023-06-10 15:35:06', 'admin', 'admin');
INSERT INTO `sys_log` VALUES (1667435209805205505, '0', '退出成功', 'web', '127.0.0.1', 'Mozilla/5.0 (Windows NT 10.0; Win64; x64) AppleWebKit/537.36 (KHTML, like Gecko) Chrome/114.0.0.0 Safari/537.36', '/token/logout', 'DELETE', 'Bearer 5e6deccb-34b5-4fd1-85ad-e0fa7cb10464', 0, '0', NULL, '2023-06-10 15:35:08', '2023-06-10 15:35:08', 'admin', 'admin');
INSERT INTO `sys_log` VALUES (1667435227215761409, '0', '登录成功', 'web', '127.0.0.1', 'Mozilla/5.0 (Windows NT 10.0; Win64; x64) AppleWebKit/537.36 (KHTML, like Gecko) Chrome/114.0.0.0 Safari/537.36', '/oauth2/token', 'POST', 'randomStr=%5B%5D&password=%5B123456%5D&code=%5B%5D&grant_type=%5Bpassword%5D&scope=%5Bserver%5D&hosId=%5B1659018792143663105%5D&username=%5Badmin%5D', 135, '0', NULL, '2023-06-10 15:35:12', '2023-06-10 15:35:12', 'admin', 'admin');
INSERT INTO `sys_log` VALUES (1667436123333005313, '0', '更新菜单', 'web', '127.0.0.1', 'Mozilla/5.0 (Windows NT 10.0; Win64; x64) AppleWebKit/537.36 (KHTML, like Gecko) Chrome/114.0.0.0 Safari/537.36', '/menu', 'PUT', '{\"createBy\":null,\"createTime\":\"2018-01-20 13:17:19\",\"updateBy\":\"admin\",\"updateTime\":\"2023-06-10 15:34:49\",\"menuId\":\"1685844206511\",\"name\":\"转科管理\",\"permission\":\"\",\"parentId\":\"1665170110243573762\",\"icon\":\"icon-component24\",\"path\":\"/inhos/transfer/index\",\"sortOrder\":3,\"type\":\"0\",\"keepAlive\":\"0\",\"delFlag\":\"0\"}', 15, '0', NULL, '2023-06-10 15:38:46', '2023-06-10 15:38:46', 'admin', 'admin');
INSERT INTO `sys_log` VALUES (1667436327205539841, '0', '退出成功', 'web', '127.0.0.1', 'Mozilla/5.0 (Windows NT 10.0; Win64; x64) AppleWebKit/537.36 (KHTML, like Gecko) Chrome/114.0.0.0 Safari/537.36', '/token/logout', 'DELETE', 'Bearer 9aa654a2-6abf-4d66-b8a1-9a76d4d3d16c', 0, '0', NULL, '2023-06-10 15:39:35', '2023-06-10 15:39:35', 'admin', 'admin');
INSERT INTO `sys_log` VALUES (1667436360256655362, '0', '登录成功', 'web', '127.0.0.1', 'Mozilla/5.0 (Windows NT 10.0; Win64; x64) AppleWebKit/537.36 (KHTML, like Gecko) Chrome/114.0.0.0 Safari/537.36', '/oauth2/token', 'POST', 'randomStr=%5B%5D&password=%5B123456%5D&code=%5B%5D&grant_type=%5Bpassword%5D&scope=%5Bserver%5D&hosId=%5B1659018792143663105%5D&username=%5Badmin%5D', 192, '0', NULL, '2023-06-10 15:39:42', '2023-06-10 15:39:42', 'admin', 'admin');
INSERT INTO `sys_log` VALUES (1667443383656452097, '0', '办理出院', 'web', '127.0.0.1', 'Mozilla/5.0 (Windows NT 10.0; Win64; x64) AppleWebKit/537.36 (KHTML, like Gecko) Chrome/114.0.0.0 Safari/537.36', '/pat/leave', 'POST', '{\"id\":\"1665983308198776835\",\"iptNum\":\"1928783412\",\"visitId\":\"1665983308198776834\",\"idCard\":\"\",\"name\":\"汉武帝\",\"phone\":\"\",\"gender\":\"1\",\"bedNum\":\"\",\"bedSort\":null,\"docId\":\"1659458202844733441\",\"docName\":null,\"nurseId\":null,\"nurseName\":null,\"deptId\":\"1659386264763965441\",\"iptTime\":\"2020-06-07 02:02:00\",\"leaveTime\":\"2023-06-07 19:48:20\",\"birthday\":\"2021-06-07\",\"height\":null,\"weight\":null,\"diabetesType\":\"\",\"diagnosis\":\"\",\"scanCode\":\"\",\"inGluValue\":null,\"outGluValue\":null,\"status\":null,\"$cellEdit\":false,\"$index\":0,\"$deptId\":\"神经内科\",\"$gender\":\"男\",\"$docId\":\"李四\"}', 261, '0', NULL, '2023-06-10 16:07:37', '2023-06-10 16:07:37', 'admin', 'admin');
INSERT INTO `sys_log` VALUES (1667444178288316418, '0', '修改住院患者', 'web', '127.0.0.1', 'Mozilla/5.0 (Windows NT 10.0; Win64; x64) AppleWebKit/537.36 (KHTML, like Gecko) Chrome/114.0.0.0 Safari/537.36', '/pat', 'PUT', '{\"id\":\"1665981054884499457\",\"iptNum\":\"123444\",\"idCard\":\"\",\"name\":\"董天宝\",\"bedNum\":\"11\",\"iptTime\":\"2022-06-06 00:00:00\",\"deptId\":\"1659789309465214978\",\"phone\":\"\",\"gender\":\"1\",\"birthday\":\"2020-06-15\",\"docId\":\"1659441176889720833\",\"nurseId\":\"1662432715555459074\",\"leaveTime\":\"2023-06-07 19:49:10\",\"height\":null,\"weight\":null,\"diabetesType\":\"\",\"diagnosis\":\"\",\"scanCode\":\"\",\"visitId\":\"1665981054817390594\",\"bedSort\":null,\"docName\":null,\"nurseName\":null,\"inGluValue\":null,\"outGluValue\":null,\"status\":null}', 65, '0', NULL, '2023-06-10 16:10:46', '2023-06-10 16:10:46', 'admin', 'admin');
INSERT INTO `sys_log` VALUES (1667446036637618178, '0', '通过id删除岗位信息表', 'web', '127.0.0.1', 'Mozilla/5.0 (Windows NT 10.0; Win64; x64) AppleWebKit/537.36 (KHTML, like Gecko) Chrome/114.0.0.0 Safari/537.36', '/post/1659437092614897665', 'DELETE', '', 17, '0', NULL, '2023-06-10 16:18:09', '2023-06-10 16:18:09', 'admin', 'admin');
INSERT INTO `sys_log` VALUES (1667449436569821186, '9', '通过id删除岗位信息表', 'web', '127.0.0.1', 'Mozilla/5.0 (Windows NT 10.0; Win64; x64) AppleWebKit/537.36 (KHTML, like Gecko) Chrome/114.0.0.0 Safari/537.36', '/post/1659437092614897665', 'DELETE', '', 17, '0', '系统内置标识，不允许删除！', '2023-06-10 16:31:40', '2023-06-10 16:31:40', 'admin', 'admin');
INSERT INTO `sys_log` VALUES (1667449447038803969, '9', '通过id删除岗位信息表', 'web', '127.0.0.1', 'Mozilla/5.0 (Windows NT 10.0; Win64; x64) AppleWebKit/537.36 (KHTML, like Gecko) Chrome/114.0.0.0 Safari/537.36', '/post/1664488426309341185', 'DELETE', '', 3, '0', '系统内置标识，不允许删除！', '2023-06-10 16:31:43', '2023-06-10 16:31:43', 'admin', 'admin');
INSERT INTO `sys_log` VALUES (1667449465351135234, '9', '通过id删除岗位信息表', 'web', '127.0.0.1', 'Mozilla/5.0 (Windows NT 10.0; Win64; x64) AppleWebKit/537.36 (KHTML, like Gecko) Chrome/114.0.0.0 Safari/537.36', '/post/1664487956488572929', 'DELETE', '', 4, '0', '系统内置标识，不允许删除！', '2023-06-10 16:31:47', '2023-06-10 16:31:47', 'admin', 'admin');
INSERT INTO `sys_log` VALUES (1667451874978783233, '0', '删除菜单', 'web', '127.0.0.1', 'Mozilla/5.0 (Windows NT 10.0; Win64; x64) AppleWebKit/537.36 (KHTML, like Gecko) Chrome/114.0.0.0 Safari/537.36', '/menu/9999', 'DELETE', '', 150, '0', NULL, '2023-06-10 16:41:21', '2023-06-10 16:41:21', 'admin', 'admin');
INSERT INTO `sys_log` VALUES (1667451883065401346, '0', '清除菜单缓存', 'web', '127.0.0.1', 'Mozilla/5.0 (Windows NT 10.0; Win64; x64) AppleWebKit/537.36 (KHTML, like Gecko) Chrome/114.0.0.0 Safari/537.36', '/menu/cache', 'DELETE', '', 0, '0', NULL, '2023-06-10 16:41:23', '2023-06-10 16:41:23', 'admin', 'admin');

-- ----------------------------
-- Table structure for sys_menu
-- ----------------------------
DROP TABLE IF EXISTS `sys_menu`;
CREATE TABLE `sys_menu`  (
  `menu_id` bigint(20) NOT NULL,
  `name` varchar(32) CHARACTER SET utf8mb4 COLLATE utf8mb4_bin NOT NULL COMMENT '菜单名称',
  `permission` varchar(32) CHARACTER SET utf8mb4 COLLATE utf8mb4_bin NULL DEFAULT NULL COMMENT '菜单权限标识',
  `path` varchar(128) CHARACTER SET utf8mb4 COLLATE utf8mb4_bin NULL DEFAULT NULL COMMENT '前端URL',
  `parent_id` bigint(20) NULL DEFAULT NULL COMMENT '父菜单ID',
  `icon` varchar(32) CHARACTER SET utf8mb4 COLLATE utf8mb4_bin NULL DEFAULT NULL COMMENT '图标',
  `sort_order` int(11) NOT NULL DEFAULT 0 COMMENT '排序值',
  `keep_alive` char(1) CHARACTER SET utf8mb4 COLLATE utf8mb4_bin NULL DEFAULT '0' COMMENT '0-开启，1- 关闭',
  `type` char(1) CHARACTER SET utf8mb4 COLLATE utf8mb4_bin NULL DEFAULT NULL COMMENT '菜单类型 （0菜单 1按钮）',
  `del_flag` char(1) CHARACTER SET utf8mb4 COLLATE utf8mb4_bin NULL DEFAULT '0' COMMENT '逻辑删除标记(0--正常 1--删除)',
  `create_by` varchar(64) CHARACTER SET utf8mb4 COLLATE utf8mb4_bin NULL DEFAULT NULL COMMENT '创建人',
  `create_time` datetime(0) NULL DEFAULT NULL COMMENT '创建时间',
  `update_by` varchar(64) CHARACTER SET utf8mb4 COLLATE utf8mb4_bin NULL DEFAULT NULL COMMENT '修改人',
  `update_time` datetime(0) NULL DEFAULT NULL COMMENT '更新时间',
  PRIMARY KEY (`menu_id`) USING BTREE
) ENGINE = InnoDB CHARACTER SET = utf8mb4 COLLATE = utf8mb4_bin COMMENT = '菜单权限表' ROW_FORMAT = Dynamic;

-- ----------------------------
-- Records of sys_menu
-- ----------------------------
INSERT INTO `sys_menu` VALUES (1000, '基础设置', NULL, '/admin', -1, 'icon-quanxianguanli', 1, '0', '0', '0', '', '2018-09-28 08:29:53', 'admin', '2023-05-31 13:08:20');
INSERT INTO `sys_menu` VALUES (1100, '用户管理', NULL, '/admin/user/index', 1000, 'icon-yonghuguanli', 0, '0', '0', '0', ' ', '2017-11-02 22:24:37', ' ', '2020-03-12 00:12:57');
INSERT INTO `sys_menu` VALUES (1101, '用户新增', 'sys_user_add', NULL, 1100, NULL, 0, '0', '1', '0', ' ', '2017-11-08 09:52:09', ' ', '2021-05-25 06:48:34');
INSERT INTO `sys_menu` VALUES (1102, '用户修改', 'sys_user_edit', NULL, 1100, NULL, 0, '0', '1', '0', ' ', '2017-11-08 09:52:48', ' ', '2021-05-25 06:48:34');
INSERT INTO `sys_menu` VALUES (1103, '用户删除', 'sys_user_del', NULL, 1100, NULL, 0, '0', '1', '0', ' ', '2017-11-08 09:54:01', ' ', '2021-05-25 06:48:34');
INSERT INTO `sys_menu` VALUES (1104, '导入导出', 'sys_user_import_export', NULL, 1100, NULL, 0, '0', '1', '0', ' ', '2017-11-08 09:54:01', ' ', '2021-05-25 06:48:34');
INSERT INTO `sys_menu` VALUES (1200, '菜单管理', NULL, '/admin/menu/index', 1000, 'icon-caidanguanli', 1, '0', '0', '0', ' ', '2017-11-08 09:57:27', ' ', '2020-03-12 00:13:52');
INSERT INTO `sys_menu` VALUES (1201, '菜单新增', 'sys_menu_add', NULL, 1200, NULL, 0, '0', '1', '0', ' ', '2017-11-08 10:15:53', ' ', '2021-05-25 06:48:34');
INSERT INTO `sys_menu` VALUES (1202, '菜单修改', 'sys_menu_edit', NULL, 1200, NULL, 0, '0', '1', '0', ' ', '2017-11-08 10:16:23', ' ', '2021-05-25 06:48:34');
INSERT INTO `sys_menu` VALUES (1203, '菜单删除', 'sys_menu_del', NULL, 1200, NULL, 0, '0', '1', '0', ' ', '2017-11-08 10:16:43', ' ', '2021-05-25 06:48:34');
INSERT INTO `sys_menu` VALUES (1300, '角色管理', NULL, '/admin/role/index', 1000, 'icon-jiaoseguanli', 2, '0', '0', '0', ' ', '2017-11-08 10:13:37', ' ', '2020-03-12 00:15:40');
INSERT INTO `sys_menu` VALUES (1301, '角色新增', 'sys_role_add', NULL, 1300, NULL, 0, '0', '1', '0', ' ', '2017-11-08 10:14:18', ' ', '2021-05-25 06:48:34');
INSERT INTO `sys_menu` VALUES (1302, '角色修改', 'sys_role_edit', NULL, 1300, NULL, 0, '0', '1', '0', ' ', '2017-11-08 10:14:41', ' ', '2021-05-25 06:48:34');
INSERT INTO `sys_menu` VALUES (1303, '角色删除', 'sys_role_del', NULL, 1300, NULL, 0, '0', '1', '0', ' ', '2017-11-08 10:14:59', ' ', '2021-05-25 06:48:34');
INSERT INTO `sys_menu` VALUES (1304, '分配权限', 'sys_role_perm', NULL, 1300, NULL, 0, '0', '1', '0', ' ', '2018-04-20 07:22:55', ' ', '2021-05-25 06:48:34');
INSERT INTO `sys_menu` VALUES (1305, '导入导出', 'sys_role_import_export', NULL, 1300, NULL, 0, '0', '1', '0', 'admin', '2022-03-21 11:14:52', 'admin', '2022-03-21 11:15:07');
INSERT INTO `sys_menu` VALUES (1400, '科室管理', NULL, '/admin/dept/index', 1000, 'icon-web-icon-', 3, '0', '0', '0', '', '2018-01-20 13:17:19', 'admin', '2023-05-20 13:15:59');
INSERT INTO `sys_menu` VALUES (1401, '科室新增', 'sys_dept_add', NULL, 1400, NULL, 0, '0', '1', '0', '', '2018-01-20 14:56:16', 'admin', '2023-05-20 13:16:08');
INSERT INTO `sys_menu` VALUES (1402, '科室修改', 'sys_dept_edit', NULL, 1400, NULL, 0, '0', '1', '0', '', '2018-01-20 14:56:59', 'admin', '2023-05-20 13:16:18');
INSERT INTO `sys_menu` VALUES (1403, '科室删除', 'sys_dept_del', NULL, 1400, NULL, 0, '0', '1', '0', '', '2018-01-20 14:57:28', 'admin', '2023-05-20 13:16:24');
INSERT INTO `sys_menu` VALUES (1500, '岗位管理', '', '/admin/post/index', 1000, 'icon-gangweiguanli', 4, '0', '0', '0', NULL, '2018-01-20 13:17:19', 'admin', '2022-11-10 21:35:55');
INSERT INTO `sys_menu` VALUES (1501, '岗位查看', 'sys_post_get', NULL, 1500, '1', 0, '0', '1', '0', NULL, '2018-05-15 21:35:18', 'admin', '2022-03-15 17:32:54');
INSERT INTO `sys_menu` VALUES (1502, '岗位新增', 'sys_post_add', NULL, 1500, '1', 1, '0', '1', '0', NULL, '2018-05-15 21:35:18', 'admin', '2022-03-15 17:32:48');
INSERT INTO `sys_menu` VALUES (1503, '岗位修改', 'sys_post_edit', NULL, 1500, '1', 2, '0', '1', '0', NULL, '2018-05-15 21:35:18', 'admin', '2022-03-15 17:33:10');
INSERT INTO `sys_menu` VALUES (1504, '岗位删除', 'sys_post_del', NULL, 1500, '1', 3, '0', '1', '0', NULL, '2018-05-15 21:35:18', 'admin', '2022-03-15 17:33:27');
INSERT INTO `sys_menu` VALUES (1505, '导入导出', 'sys_post_import_export', NULL, 1500, NULL, 4, '0', '1', '0', 'admin', '2022-03-21 12:53:05', 'admin', '2022-03-21 12:53:05');
INSERT INTO `sys_menu` VALUES (2000, '系统管理', NULL, '/setting', -1, 'icon-wxbgongju1', 2, '0', '0', '0', '', '2017-11-07 20:56:00', 'admin', '2022-11-10 21:42:39');
INSERT INTO `sys_menu` VALUES (2100, '日志管理', NULL, '/admin/log/index', 2000, 'icon-rizhiguanli', 3, '0', '0', '0', ' ', '2017-11-20 14:06:22', ' ', '2020-03-12 00:15:49');
INSERT INTO `sys_menu` VALUES (2101, '日志删除', 'sys_log_del', NULL, 2100, NULL, 0, '0', '1', '0', ' ', '2017-11-20 20:37:37', ' ', '2021-05-25 06:48:34');
INSERT INTO `sys_menu` VALUES (2102, '导入导出', 'sys_log_import_export', NULL, 2100, NULL, 0, '0', '1', '0', ' ', '2017-11-08 09:54:01', ' ', '2021-05-25 06:48:34');
INSERT INTO `sys_menu` VALUES (2200, '字典管理', NULL, '/admin/dict/index', 2000, 'icon-tubiaozhizuomoban-27', 2, '0', '0', '0', '', '2017-11-29 11:30:52', 'admin', '2022-11-10 21:38:09');
INSERT INTO `sys_menu` VALUES (2201, '字典删除', 'sys_dict_del', NULL, 2200, NULL, 0, '0', '1', '0', ' ', '2017-11-29 11:30:11', ' ', '2021-05-25 06:48:34');
INSERT INTO `sys_menu` VALUES (2202, '字典新增', 'sys_dict_add', NULL, 2200, NULL, 0, '0', '1', '0', ' ', '2018-05-11 22:34:55', ' ', '2021-05-25 06:48:34');
INSERT INTO `sys_menu` VALUES (2203, '字典修改', 'sys_dict_edit', NULL, 2200, NULL, 0, '0', '1', '0', ' ', '2018-05-11 22:36:03', ' ', '2021-05-25 06:48:34');
INSERT INTO `sys_menu` VALUES (2300, '令牌管理', NULL, '/admin/token/index', 2000, 'icon-lingpaiguanli', 4, '0', '0', '0', '', '2018-09-04 05:58:41', 'admin', '2022-11-10 21:38:33');
INSERT INTO `sys_menu` VALUES (2301, '令牌删除', 'sys_token_del', NULL, 2300, NULL, 0, '0', '1', '0', ' ', '2018-09-04 05:59:50', ' ', '2020-03-13 12:57:34');
INSERT INTO `sys_menu` VALUES (2400, '终端管理', '', '/admin/client/index', 2000, 'icon-shouji', 0, '0', '0', '0', ' ', '2018-01-20 13:17:19', ' ', '2020-03-12 00:15:54');
INSERT INTO `sys_menu` VALUES (2401, '客户端新增', 'sys_client_add', NULL, 2400, '1', 0, '0', '1', '0', ' ', '2018-05-15 21:35:18', ' ', '2021-05-25 06:48:34');
INSERT INTO `sys_menu` VALUES (2402, '客户端修改', 'sys_client_edit', NULL, 2400, NULL, 0, '0', '1', '0', ' ', '2018-05-15 21:37:06', ' ', '2021-05-25 06:48:34');
INSERT INTO `sys_menu` VALUES (2403, '客户端删除', 'sys_client_del', NULL, 2400, NULL, 0, '0', '1', '0', ' ', '2018-05-15 21:39:16', ' ', '2021-05-25 06:48:34');
INSERT INTO `sys_menu` VALUES (2600, '文件管理', NULL, '/admin/file/index', 2000, 'icon-wenjianjiawenjianguanli', 1, '0', '0', '0', '', '2018-06-26 10:50:32', 'admin', '2022-11-10 21:35:40');
INSERT INTO `sys_menu` VALUES (2601, '文件删除', 'sys_file_del', NULL, 2600, NULL, 0, '0', '1', '0', ' ', '2017-11-29 11:30:11', ' ', '2021-05-25 06:48:34');
INSERT INTO `sys_menu` VALUES (2602, '文件新增', 'sys_file_add', NULL, 2600, NULL, 0, '0', '1', '0', ' ', '2018-05-11 22:34:55', ' ', '2021-05-25 06:48:34');
INSERT INTO `sys_menu` VALUES (2603, '文件修改', 'sys_file_edit', NULL, 2600, NULL, 0, '0', '1', '0', ' ', '2018-05-11 22:36:03', ' ', '2021-05-25 06:48:34');
INSERT INTO `sys_menu` VALUES (2700, '参数管理', NULL, '/admin/param/index', 2000, 'icon-canshu', 5, '0', '0', '0', 'admin', '2022-03-25 20:40:27', 'admin', '2022-11-10 21:38:50');
INSERT INTO `sys_menu` VALUES (2701, '参数新增', 'sys_publicparam_add', NULL, 2700, NULL, 0, '0', '1', '0', 'admin', '2022-03-25 20:45:05', 'admin', '2022-03-25 20:45:05');
INSERT INTO `sys_menu` VALUES (2702, '参数删除', 'sys_publicparam_del', NULL, 2700, NULL, 1, '0', '1', '0', 'admin', '2022-03-25 20:45:43', 'admin', '2022-03-25 20:45:43');
INSERT INTO `sys_menu` VALUES (2703, '参数修改', 'sys_publicparam_edit', NULL, 2700, NULL, 3, '0', '1', '0', 'admin', '2022-03-25 20:46:04', 'admin', '2022-03-25 20:46:04');
INSERT INTO `sys_menu` VALUES (3000, '开发平台', NULL, '/gen', -1, 'icon-keshihuapingtaiicon_zujian', 3, '1', '0', '0', '', '2020-03-11 22:15:40', 'admin', '2022-11-10 21:39:25');
INSERT INTO `sys_menu` VALUES (3100, '数据源管理', NULL, '/gen/datasource', 3000, 'icon-shujuyuan', 3, '1', '0', '0', '', '2020-03-11 22:17:05', 'admin', '2022-11-10 21:40:27');
INSERT INTO `sys_menu` VALUES (3200, '代码生成', NULL, '/gen/index', 3000, 'icon-didaima', 0, '0', '0', '0', '', '2020-03-11 22:23:42', 'admin', '2022-11-10 21:39:54');
INSERT INTO `sys_menu` VALUES (3300, '表单管理', NULL, '/gen/form', 3000, 'icon-biaodanguanli', 1, '1', '0', '0', '', '2020-03-11 22:19:32', 'admin', '2022-11-10 21:40:06');
INSERT INTO `sys_menu` VALUES (3301, '表单新增', 'gen_form_add', NULL, 3300, '', 0, '0', '1', '0', ' ', '2018-05-15 21:35:18', ' ', '2020-03-11 22:39:08');
INSERT INTO `sys_menu` VALUES (3302, '表单修改', 'gen_form_edit', NULL, 3300, '', 0, '0', '1', '0', ' ', '2018-05-15 21:35:18', ' ', '2020-03-11 22:39:09');
INSERT INTO `sys_menu` VALUES (3303, '表单删除', 'gen_form_del', NULL, 3300, '', 0, '0', '1', '0', ' ', '2018-05-15 21:35:18', ' ', '2020-03-11 22:39:11');
INSERT INTO `sys_menu` VALUES (3400, '表单设计', NULL, '/gen/design', 3000, 'icon-sheji', 2, '1', '0', '0', '', '2020-03-11 22:18:05', 'admin', '2022-11-10 21:40:16');
INSERT INTO `sys_menu` VALUES (4000, '服务监控', NULL, 'http://localhost:5001/login', -1, 'icon-iconset0265', 4, '0', '0', '0', 'admin', '2022-03-21 09:44:50', 'admin', '2022-11-10 21:42:17');
INSERT INTO `sys_menu` VALUES (9999, '系统官网', NULL, 'https://codeape4cloud.com/#/', -1, 'icon-web-icon-', 999, '0', '0', '1', '', '2019-01-17 17:05:19', 'admin', '2023-06-10 16:41:21');
INSERT INTO `sys_menu` VALUES (1684374329728, '医院管理', '', '/admin/syshospital/index', -1, 'icon-shujuzhanshi2', 5, '0', '0', '0', NULL, '2018-01-20 13:17:19', 'admin', '2023-05-25 19:26:31');
INSERT INTO `sys_menu` VALUES (1684374329729, '医院查看', 'admin_syshospital_get', NULL, 1684374329728, '1', 0, '0', '1', '0', NULL, '2018-05-15 21:35:18', NULL, '2018-07-29 13:38:59');
INSERT INTO `sys_menu` VALUES (1684374329730, '医院新增', 'admin_syshospital_add', NULL, 1684374329728, '1', 1, '0', '1', '0', NULL, '2018-05-15 21:35:18', NULL, '2018-07-29 13:38:59');
INSERT INTO `sys_menu` VALUES (1684374329731, '医院修改', 'admin_syshospital_edit', NULL, 1684374329728, '1', 2, '0', '1', '0', NULL, '2018-05-15 21:35:18', NULL, '2018-07-29 13:38:59');
INSERT INTO `sys_menu` VALUES (1684374329732, '医院删除', 'admin_syshospital_del', NULL, 1684374329728, '1', 3, '0', '1', '0', NULL, '2018-05-15 21:35:18', NULL, '2018-07-29 13:38:59');
INSERT INTO `sys_menu` VALUES (1684725265770, '目标时段管理', '', '/admin/systimetype/index', 1000, 'icon-iframe', 8, '0', '0', '0', NULL, '2018-01-20 13:17:19', 'admin', '2023-05-22 15:57:23');
INSERT INTO `sys_menu` VALUES (1684725265771, '检测时段查看', 'admin_systimetype_get', NULL, 1684725265770, '1', 0, '0', '1', '0', NULL, '2018-05-15 21:35:18', NULL, '2018-07-29 13:38:59');
INSERT INTO `sys_menu` VALUES (1684725265772, '检测时段新增', 'admin_systimetype_add', NULL, 1684725265770, '1', 1, '0', '1', '0', NULL, '2018-05-15 21:35:18', NULL, '2018-07-29 13:38:59');
INSERT INTO `sys_menu` VALUES (1684725265773, '检测时段修改', 'admin_systimetype_edit', NULL, 1684725265770, '1', 2, '0', '1', '0', NULL, '2018-05-15 21:35:18', NULL, '2018-07-29 13:38:59');
INSERT INTO `sys_menu` VALUES (1684725265774, '检测时段删除', 'admin_systimetype_del', NULL, 1684725265770, '1', 3, '0', '1', '0', NULL, '2018-05-15 21:35:18', NULL, '2018-07-29 13:38:59');
INSERT INTO `sys_menu` VALUES (1685002829989, '设备管理', '', '/device', -1, 'icon-jiankong', 6, '0', '0', '0', NULL, '2018-01-20 13:17:19', 'admin', '2023-05-25 19:46:24');
INSERT INTO `sys_menu` VALUES (1685002829990, '设备查看', 'device_deviceinfo_get', NULL, 1685002829989, '1', 2, '0', '1', '0', NULL, '2018-05-15 21:35:18', 'admin', '2023-05-25 19:25:39');
INSERT INTO `sys_menu` VALUES (1685002829991, '设备新增', 'device_deviceinfo_add', NULL, 1685002829989, '1', 1, '0', '1', '0', NULL, '2018-05-15 21:35:18', NULL, '2018-07-29 13:38:59');
INSERT INTO `sys_menu` VALUES (1685002829992, '设备修改', 'device_deviceinfo_edit', NULL, 1685002829989, '1', 2, '0', '1', '0', NULL, '2018-05-15 21:35:18', NULL, '2018-07-29 13:38:59');
INSERT INTO `sys_menu` VALUES (1685002829993, '设备删除', 'device_deviceinfo_del', NULL, 1685002829989, '1', 3, '0', '1', '0', NULL, '2018-05-15 21:35:18', NULL, '2018-07-29 13:38:59');
INSERT INTO `sys_menu` VALUES (1685178890515, '试纸列表', '', '/device/paper/index', 1685002829989, 'icon-send', 5, '0', '0', '0', NULL, '2018-01-20 13:17:19', 'admin', '2023-05-27 17:26:42');
INSERT INTO `sys_menu` VALUES (1685178890516, '试纸查看', 'device_paperinfo_get', NULL, 1685178890515, '1', 6, '0', '1', '0', NULL, '2018-05-15 21:35:18', 'admin', '2023-05-27 17:23:22');
INSERT INTO `sys_menu` VALUES (1685178890517, '试纸新增', 'device_paperinfo_add', NULL, 1685178890515, '1', 7, '0', '1', '0', NULL, '2018-05-15 21:35:18', 'admin', '2023-05-27 17:23:33');
INSERT INTO `sys_menu` VALUES (1685178890518, '试纸修改', 'device_paperinfo_edit', NULL, 1685178890515, '1', 8, '0', '1', '0', NULL, '2018-05-15 21:35:18', 'admin', '2023-05-27 17:23:43');
INSERT INTO `sys_menu` VALUES (1685178890519, '试纸删除', 'device_paperinfo_del', NULL, 1685178890515, '1', 9, '0', '1', '0', NULL, '2018-05-15 21:35:18', 'admin', '2023-05-27 17:23:47');
INSERT INTO `sys_menu` VALUES (1685191950869, '质控液列表', '', '/device/liquid/index', 1685002829989, 'icon-tubiaozhizuosvg-13', 10, '0', '0', '0', NULL, '2018-01-20 13:17:19', 'admin', '2023-05-27 21:01:17');
INSERT INTO `sys_menu` VALUES (1685191950870, '质控液查看', 'device_qcliquidinfo_get', NULL, 1685191950869, '1', 11, '0', '1', '0', NULL, '2018-05-15 21:35:18', 'admin', '2023-05-27 21:00:08');
INSERT INTO `sys_menu` VALUES (1685191950871, '质控液新增', 'device_qcliquidinfo_add', NULL, 1685191950869, '1', 12, '0', '1', '0', NULL, '2018-05-15 21:35:18', 'admin', '2023-05-27 21:00:13');
INSERT INTO `sys_menu` VALUES (1685191950872, '质控液修改', 'device_qcliquidinfo_edit', NULL, 1685191950869, '1', 13, '0', '1', '0', NULL, '2018-05-15 21:35:18', 'admin', '2023-05-27 21:00:18');
INSERT INTO `sys_menu` VALUES (1685191950873, '质控液删除', 'device_qcliquidinfo_del', NULL, 1685191950869, '1', 14, '0', '1', '0', NULL, '2018-05-15 21:35:18', 'admin', '2023-05-27 21:00:22');
INSERT INTO `sys_menu` VALUES (1685247343294, '质控记录', '', '/device/record/index', 1685002829989, 'icon-caidan1', 15, '0', '0', '0', NULL, '2018-01-20 13:17:19', 'admin', '2023-05-28 18:17:39');
INSERT INTO `sys_menu` VALUES (1685247343295, '质控记录查看', 'device_qcrecord_get', NULL, 1685247343294, '1', 16, '0', '1', '0', NULL, '2018-05-15 21:35:18', 'admin', '2023-05-28 18:16:28');
INSERT INTO `sys_menu` VALUES (1685247343296, '质控记录新增', 'device_qcrecord_add', NULL, 1685247343294, '1', 17, '0', '1', '0', NULL, '2018-05-15 21:35:18', 'admin', '2023-05-28 18:16:33');
INSERT INTO `sys_menu` VALUES (1685247343297, '质控记录修改', 'device_qcrecord_edit', NULL, 1685247343294, '1', 18, '0', '1', '0', NULL, '2018-05-15 21:35:18', 'admin', '2023-05-28 18:16:37');
INSERT INTO `sys_menu` VALUES (1685247343298, '质控记录删除', 'device_qcrecord_del', NULL, 1685247343294, '1', 19, '0', '1', '0', NULL, '2018-05-15 21:35:18', 'admin', '2023-05-28 18:16:41');
INSERT INTO `sys_menu` VALUES (1685350289870, '质控统计管理', '', '/device/count/index', 1685002829989, 'icon-biaoge1', 20, '0', '0', '0', NULL, '2018-01-20 13:17:19', 'admin', '2023-05-30 10:19:52');
INSERT INTO `sys_menu` VALUES (1685350289871, '质控统计查看', 'device_qccount_get', NULL, 1685350289870, '1', 21, '0', '1', '0', NULL, '2018-05-15 21:35:18', 'admin', '2023-05-30 10:20:02');
INSERT INTO `sys_menu` VALUES (1685350289872, '质控统计新增', 'device_qccount_add', NULL, 1685350289870, '1', 22, '0', '1', '0', NULL, '2018-05-15 21:35:18', 'admin', '2023-05-30 10:20:09');
INSERT INTO `sys_menu` VALUES (1685350289873, '质控统计修改', 'device_qccount_edit', NULL, 1685350289870, '1', 23, '0', '1', '0', NULL, '2018-05-15 21:35:18', 'admin', '2023-05-30 10:20:14');
INSERT INTO `sys_menu` VALUES (1685350289874, '质控统计删除', 'device_qccount_del', NULL, 1685350289870, '1', 24, '0', '1', '0', NULL, '2018-05-15 21:35:18', 'admin', '2023-05-30 10:20:18');
INSERT INTO `sys_menu` VALUES (1685676844730, '住院患者', '', '/inhos/pat/index', 1665170110243573762, 'icon-jiaoseguanli', 1, '0', '0', '0', NULL, '2018-01-20 13:17:19', 'admin', '2023-06-04 09:35:04');
INSERT INTO `sys_menu` VALUES (1685676844731, '住院患者查看', 'inhos_patinfohot_get', NULL, 1685676844730, '1', 0, '0', '1', '0', NULL, '2018-05-15 21:35:18', NULL, '2018-07-29 13:38:59');
INSERT INTO `sys_menu` VALUES (1685676844732, '住院患者新增', 'inhos_patinfohot_add', NULL, 1685676844730, '1', 1, '0', '1', '0', NULL, '2018-05-15 21:35:18', NULL, '2018-07-29 13:38:59');
INSERT INTO `sys_menu` VALUES (1685676844733, '住院患者修改', 'inhos_patinfohot_edit', NULL, 1685676844730, '1', 2, '0', '1', '0', NULL, '2018-05-15 21:35:18', NULL, '2018-07-29 13:38:59');
INSERT INTO `sys_menu` VALUES (1685676844734, '住院患者删除', 'inhos_patinfohot_del', NULL, 1685676844730, '1', 3, '0', '1', '0', NULL, '2018-05-15 21:35:18', NULL, '2018-07-29 13:38:59');
INSERT INTO `sys_menu` VALUES (1685844206511, '转科管理', '', '/inhos/transfer/index', 1665170110243573762, 'icon-component24', 3, '0', '0', '0', NULL, '2018-01-20 13:17:19', 'admin', '2023-06-10 15:38:46');
INSERT INTO `sys_menu` VALUES (1685844206512, '转科管理查看', 'api_pattransfer_get', NULL, 1685844206511, '1', 0, '0', '1', '0', NULL, '2018-05-15 21:35:18', NULL, '2018-07-29 13:38:59');
INSERT INTO `sys_menu` VALUES (1685844206513, '转科管理新增', 'api_pattransfer_add', NULL, 1685844206511, '1', 1, '0', '1', '0', NULL, '2018-05-15 21:35:18', NULL, '2018-07-29 13:38:59');
INSERT INTO `sys_menu` VALUES (1685844206514, '转科管理修改', 'api_pattransfer_edit', NULL, 1685844206511, '1', 2, '0', '1', '0', NULL, '2018-05-15 21:35:18', NULL, '2018-07-29 13:38:59');
INSERT INTO `sys_menu` VALUES (1685844206515, '转科管理删除', 'api_pattransfer_del', NULL, 1685844206511, '1', 3, '0', '1', '0', NULL, '2018-05-15 21:35:18', NULL, '2018-07-29 13:38:59');
INSERT INTO `sys_menu` VALUES (1661663113640628226, '设备列表', '', '/device/deviceinfo/index', 1685002829989, 'icon-keshihuapingtaiicon_zujian', 0, '0', '0', '1', 'admin', '2018-01-20 13:17:19', 'admin', '2023-05-25 19:41:32');
INSERT INTO `sys_menu` VALUES (1661700003911647234, '设备列表', '', '/device/device/index', 1685002829989, 'icon-sheji', 0, '0', '0', '0', 'admin', '2018-01-20 13:17:19', 'admin', '2023-05-25 19:44:15');
INSERT INTO `sys_menu` VALUES (1665170110243573762, '住院管理', NULL, '/inhos', -1, 'icon-rizhi', 999, '0', '0', '0', 'admin', '2023-06-04 09:34:26', 'admin', '2023-06-04 09:34:26');
INSERT INTO `sys_menu` VALUES (1665235323353546753, '住院患者出院', 'inhos_patinfo_leave', NULL, 1685676844730, NULL, 4, '0', '1', '0', 'admin', '2023-06-04 13:53:34', 'admin', '2023-06-04 13:53:34');
INSERT INTO `sys_menu` VALUES (1666316939865780225, '出院患者', NULL, '/inhos/outpat/index', 1665170110243573762, 'icon-wangzhan', 2, '0', '0', '0', 'admin', '2023-06-07 13:31:32', 'admin', '2023-06-07 13:31:32');
INSERT INTO `sys_menu` VALUES (1666317100683784194, '查看出院患者', 'inhos_out_pat_get', NULL, 1666316939865780225, NULL, 1, '0', '1', '0', 'admin', '2023-06-07 13:32:10', 'admin', '2023-06-07 13:32:10');
INSERT INTO `sys_menu` VALUES (1666344841332289538, '办理住院', 'inhos_out_pat_in', NULL, 1666316939865780225, NULL, 2, '0', '1', '0', 'admin', '2023-06-07 15:22:24', 'admin', '2023-06-07 15:22:24');

-- ----------------------------
-- Table structure for sys_oauth_client_details
-- ----------------------------
DROP TABLE IF EXISTS `sys_oauth_client_details`;
CREATE TABLE `sys_oauth_client_details`  (
  `client_id` varchar(32) CHARACTER SET utf8mb4 COLLATE utf8mb4_bin NOT NULL COMMENT '客户端ID',
  `resource_ids` varchar(256) CHARACTER SET utf8mb4 COLLATE utf8mb4_bin NULL DEFAULT NULL COMMENT '资源列表',
  `client_secret` varchar(256) CHARACTER SET utf8mb4 COLLATE utf8mb4_bin NULL DEFAULT NULL COMMENT '客户端密钥',
  `scope` varchar(256) CHARACTER SET utf8mb4 COLLATE utf8mb4_bin NULL DEFAULT NULL COMMENT '域',
  `authorized_grant_types` varchar(256) CHARACTER SET utf8mb4 COLLATE utf8mb4_bin NULL DEFAULT NULL COMMENT '认证类型',
  `web_server_redirect_uri` varchar(256) CHARACTER SET utf8mb4 COLLATE utf8mb4_bin NULL DEFAULT NULL COMMENT '重定向地址',
  `authorities` varchar(256) CHARACTER SET utf8mb4 COLLATE utf8mb4_bin NULL DEFAULT NULL COMMENT '角色列表',
  `access_token_validity` int(11) NULL DEFAULT NULL COMMENT 'token 有效期',
  `refresh_token_validity` int(11) NULL DEFAULT NULL COMMENT '刷新令牌有效期',
  `additional_information` varchar(4096) CHARACTER SET utf8mb4 COLLATE utf8mb4_bin NULL DEFAULT NULL COMMENT '令牌扩展字段JSON',
  `autoapprove` varchar(256) CHARACTER SET utf8mb4 COLLATE utf8mb4_bin NULL DEFAULT NULL COMMENT '是否自动放行',
  `create_time` datetime(0) NULL DEFAULT NULL COMMENT '创建时间',
  `update_time` datetime(0) NULL DEFAULT NULL COMMENT '更新时间',
  `create_by` varchar(64) CHARACTER SET utf8mb4 COLLATE utf8mb4_bin NULL DEFAULT NULL COMMENT '创建人',
  `update_by` varchar(64) CHARACTER SET utf8mb4 COLLATE utf8mb4_bin NULL DEFAULT NULL COMMENT '更新人',
  PRIMARY KEY (`client_id`) USING BTREE
) ENGINE = InnoDB CHARACTER SET = utf8mb4 COLLATE = utf8mb4_bin COMMENT = '终端信息表' ROW_FORMAT = Dynamic;

-- ----------------------------
-- Records of sys_oauth_client_details
-- ----------------------------
INSERT INTO `sys_oauth_client_details` VALUES ('app', NULL, 'app', 'server', 'app,refresh_token', NULL, NULL, NULL, NULL, NULL, 'true', NULL, NULL, NULL, NULL);
INSERT INTO `sys_oauth_client_details` VALUES ('client', NULL, 'client', 'server', 'client_credentials', NULL, NULL, NULL, NULL, NULL, 'true', NULL, NULL, NULL, NULL);
INSERT INTO `sys_oauth_client_details` VALUES ('pda', '', 'pda', 'server', 'password,refresh_token', '', '', NULL, NULL, '', 'true', '2023-05-22 16:03:27', '2023-05-22 16:03:27', 'admin', 'admin');
INSERT INTO `sys_oauth_client_details` VALUES ('test', NULL, 'test', 'server', 'password,app,refresh_token', NULL, NULL, NULL, NULL, NULL, 'true', NULL, NULL, NULL, NULL);
INSERT INTO `sys_oauth_client_details` VALUES ('web', NULL, 'web', 'server', 'password,app,refresh_token,authorization_code,client_credentials', 'https://codeapex.vip', NULL, NULL, NULL, NULL, 'true', NULL, NULL, NULL, NULL);

-- ----------------------------
-- Table structure for sys_post
-- ----------------------------
DROP TABLE IF EXISTS `sys_post`;
CREATE TABLE `sys_post`  (
  `post_id` bigint(20) NOT NULL COMMENT '岗位ID',
  `post_code` varchar(64) CHARACTER SET utf8mb4 COLLATE utf8mb4_bin NOT NULL COMMENT '岗位编码',
  `post_name` varchar(50) CHARACTER SET utf8mb4 COLLATE utf8mb4_bin NOT NULL COMMENT '岗位名称',
  `post_sort` int(11) NOT NULL COMMENT '岗位排序',
  `hos_id` bigint(20) NOT NULL COMMENT '医院Id',
  `del_flag` char(1) CHARACTER SET utf8mb4 COLLATE utf8mb4_bin NOT NULL DEFAULT '0' COMMENT '是否删除  -1：已删除  0：正常',
  `create_time` datetime(0) NULL DEFAULT NULL COMMENT '创建时间',
  `create_by` varchar(64) CHARACTER SET utf8mb4 COLLATE utf8mb4_bin NULL DEFAULT '' COMMENT '创建人',
  `update_time` datetime(0) NULL DEFAULT NULL COMMENT '更新时间',
  `update_by` varchar(64) CHARACTER SET utf8mb4 COLLATE utf8mb4_bin NULL DEFAULT '' COMMENT '更新人',
  `remark` varchar(500) CHARACTER SET utf8mb4 COLLATE utf8mb4_bin NULL DEFAULT NULL COMMENT '备注信息',
  PRIMARY KEY (`post_id`) USING BTREE,
  UNIQUE INDEX `hos_code_index`(`post_code`, `hos_id`) USING BTREE
) ENGINE = InnoDB CHARACTER SET = utf8mb4 COLLATE = utf8mb4_bin COMMENT = '岗位信息表' ROW_FORMAT = Dynamic;

-- ----------------------------
-- Records of sys_post
-- ----------------------------
INSERT INTO `sys_post` VALUES (1, 'ADMIN', '管理员', 1, 1659018792143663105, '0', '2022-03-19 10:05:15', 'admin', '2023-05-19 12:27:16', 'admin', '系统管理员');
INSERT INTO `sys_post` VALUES (2, 'IN_HOS_DOC', '住院医生', 0, 1659018792143663105, '0', '2022-03-19 10:06:20', 'admin', '2023-06-02 12:24:17', 'admin', '住院医生');
INSERT INTO `sys_post` VALUES (3, 'BOSS', '院长', -1, 1659018792143663105, '0', '2022-03-19 10:06:35', 'admin', '2023-06-02 12:27:44', 'admin', '大boss');
INSERT INTO `sys_post` VALUES (1659437092614897665, 'IN_HOS_NURSE', '住院护士', 0, 1659018792143663105, '0', '2023-05-19 13:53:28', 'admin', '2023-06-10 16:18:09', 'admin', '住院护士');
INSERT INTO `sys_post` VALUES (1660165110450806786, 'ADMIN', '管理员', 0, 1660133100613181442, '0', '2023-05-21 14:06:21', 'admin', '2023-05-21 14:06:21', 'admin', '');
INSERT INTO `sys_post` VALUES (1660165152096051201, 'IN_HOS_DOC', '住院医生', 0, 1660133100613181442, '0', '2023-05-21 14:06:31', 'admin', '2023-05-21 14:06:31', 'admin', '');
INSERT INTO `sys_post` VALUES (1660165212405948418, 'IN_HOS_NURSE', '住院护士', 0, 1660133100613181442, '0', '2023-05-21 14:06:46', 'admin', '2023-05-21 14:06:46', 'admin', '');
INSERT INTO `sys_post` VALUES (1664487956488572929, 'OUT_HOS_DOC', '院外医生', 5, 1659018792143663105, '0', '2023-06-02 12:23:48', 'admin', '2023-06-02 12:23:48', 'admin', '院外医生');
INSERT INTO `sys_post` VALUES (1664488275129847809, 'MZ_INHOS_DOC', '门诊医生', 0, 1659018792143663105, '0', '2023-06-02 12:25:04', 'admin', '2023-06-02 12:25:04', 'admin', '门诊医生');
INSERT INTO `sys_post` VALUES (1664488426309341185, 'PHYSICAL_DOC', '体检医生', 0, 1659018792143663105, '0', '2023-06-02 12:25:40', 'admin', '2023-06-02 12:26:18', 'admin', '体检医生');

-- ----------------------------
-- Table structure for sys_public_param
-- ----------------------------
DROP TABLE IF EXISTS `sys_public_param`;
CREATE TABLE `sys_public_param`  (
  `public_id` bigint(20) NOT NULL COMMENT '编号',
  `public_name` varchar(128) CHARACTER SET utf8mb4 COLLATE utf8mb4_bin NULL DEFAULT NULL COMMENT '参数名称',
  `public_key` varchar(128) CHARACTER SET utf8mb4 COLLATE utf8mb4_bin NULL DEFAULT NULL COMMENT '参数键名',
  `public_value` varchar(128) CHARACTER SET utf8mb4 COLLATE utf8mb4_bin NULL DEFAULT NULL COMMENT '参数键值',
  `status` char(1) CHARACTER SET utf8mb4 COLLATE utf8mb4_bin NULL DEFAULT '0' COMMENT '状态，1-启用，0-禁用',
  `validate_code` varchar(64) CHARACTER SET utf8mb4 COLLATE utf8mb4_bin NULL DEFAULT NULL COMMENT '校验码',
  `create_by` varchar(64) CHARACTER SET utf8mb4 COLLATE utf8mb4_bin NOT NULL DEFAULT ' ' COMMENT '创建人',
  `update_by` varchar(64) CHARACTER SET utf8mb4 COLLATE utf8mb4_bin NOT NULL DEFAULT ' ' COMMENT '修改人',
  `create_time` datetime(0) NOT NULL DEFAULT CURRENT_TIMESTAMP COMMENT '创建时间',
  `update_time` datetime(0) NULL DEFAULT NULL ON UPDATE CURRENT_TIMESTAMP(0) COMMENT '修改时间',
  `public_type` char(1) CHARACTER SET utf8mb4 COLLATE utf8mb4_bin NULL DEFAULT '0' COMMENT '参数类型，1-系统参数，2-业务参数',
  `system_flag` char(1) CHARACTER SET utf8mb4 COLLATE utf8mb4_bin NULL DEFAULT '0' COMMENT '是否为系统内置参数，1-是，0-否',
  PRIMARY KEY (`public_id`) USING BTREE
) ENGINE = InnoDB CHARACTER SET = utf8mb4 COLLATE = utf8mb4_bin COMMENT = '公共参数配置表' ROW_FORMAT = Dynamic;

-- ----------------------------
-- Records of sys_public_param
-- ----------------------------
INSERT INTO `sys_public_param` VALUES (1, '接口文档不显示的字段', 'GEN_HIDDEN_COLUMNS', 'tenant_id', '0', '', ' ', ' ', '2020-05-12 04:25:19', NULL, '9', '1');
INSERT INTO `sys_public_param` VALUES (2, '注册用户默认角色', 'USER_DEFAULT_ROLE', 'GENERAL_USER', '0', '', 'admin', 'admin', '2022-03-30 10:00:57', '2022-03-30 02:05:59', '2', '1');
INSERT INTO `sys_public_param` VALUES (1660126345338482689, '医院管理员的角色编码', 'ADMIN_CODE', 'ADMIN', '0', '', 'admin', 'admin', '2023-05-21 11:32:19', '2023-05-21 12:37:38', '9', '1');
INSERT INTO `sys_public_param` VALUES (1660128138793512962, '医院管理员默认密码', 'HOS_ADMIN_PASSWORD', '123456', '0', '', 'admin', 'admin', '2023-05-21 11:39:27', '2023-05-21 11:39:27', '2', '1');

-- ----------------------------
-- Table structure for sys_role
-- ----------------------------
DROP TABLE IF EXISTS `sys_role`;
CREATE TABLE `sys_role`  (
  `role_id` bigint(20) NOT NULL COMMENT '角色ID',
  `role_name` varchar(64) CHARACTER SET utf8mb4 COLLATE utf8mb4_bin NOT NULL COMMENT '角色名称',
  `role_code` varchar(64) CHARACTER SET utf8mb4 COLLATE utf8mb4_bin NOT NULL COMMENT '角色代码',
  `role_desc` varchar(255) CHARACTER SET utf8mb4 COLLATE utf8mb4_bin NULL DEFAULT NULL COMMENT '角色描述',
  `del_flag` char(1) CHARACTER SET utf8mb4 COLLATE utf8mb4_bin NULL DEFAULT '0' COMMENT '删除标识：0-正常，1-删除',
  `create_time` datetime(0) NULL DEFAULT NULL COMMENT '创建时间',
  `update_time` datetime(0) NULL DEFAULT NULL COMMENT '修改时间',
  `update_by` varchar(64) CHARACTER SET utf8mb4 COLLATE utf8mb4_bin NULL DEFAULT NULL COMMENT '修改人',
  `create_by` varchar(64) CHARACTER SET utf8mb4 COLLATE utf8mb4_bin NULL DEFAULT NULL COMMENT '创建人',
  PRIMARY KEY (`role_id`) USING BTREE,
  UNIQUE INDEX `role_idx1_role_code`(`role_code`) USING BTREE
) ENGINE = InnoDB CHARACTER SET = utf8mb4 COLLATE = utf8mb4_bin COMMENT = '系统角色表' ROW_FORMAT = Dynamic;

-- ----------------------------
-- Records of sys_role
-- ----------------------------
INSERT INTO `sys_role` VALUES (1, '管理员', 'ADMIN', '管理员', '0', '2017-10-29 15:45:51', '2018-12-26 14:09:11', 'admin', 'admin');
INSERT INTO `sys_role` VALUES (1658730544372613122, '医生', 'DOC', '医生', '0', '2023-05-17 15:05:54', '2023-05-17 15:05:54', 'admin', 'admin');
INSERT INTO `sys_role` VALUES (1658730625385594882, '护士', 'NURSE', '护士', '0', '2023-05-17 15:06:13', '2023-05-17 15:06:13', 'admin', 'admin');
INSERT INTO `sys_role` VALUES (1660134954269057025, '系统管理员', 'SYSTEM_ADMIN', '系统管理员，拥有全部权限', '0', '2023-05-21 12:06:32', '2023-05-21 12:06:32', 'admin', 'admin');

-- ----------------------------
-- Table structure for sys_role_menu
-- ----------------------------
DROP TABLE IF EXISTS `sys_role_menu`;
CREATE TABLE `sys_role_menu`  (
  `role_id` bigint(20) NOT NULL COMMENT '角色ID',
  `menu_id` bigint(20) NOT NULL COMMENT '菜单ID',
  PRIMARY KEY (`role_id`, `menu_id`) USING BTREE
) ENGINE = InnoDB CHARACTER SET = utf8mb4 COLLATE = utf8mb4_bin COMMENT = '角色菜单表' ROW_FORMAT = Dynamic;

-- ----------------------------
-- Records of sys_role_menu
-- ----------------------------
INSERT INTO `sys_role_menu` VALUES (1, 1000);
INSERT INTO `sys_role_menu` VALUES (1, 1100);
INSERT INTO `sys_role_menu` VALUES (1, 1101);
INSERT INTO `sys_role_menu` VALUES (1, 1102);
INSERT INTO `sys_role_menu` VALUES (1, 1103);
INSERT INTO `sys_role_menu` VALUES (1, 1104);
INSERT INTO `sys_role_menu` VALUES (1, 1200);
INSERT INTO `sys_role_menu` VALUES (1, 1201);
INSERT INTO `sys_role_menu` VALUES (1, 1202);
INSERT INTO `sys_role_menu` VALUES (1, 1203);
INSERT INTO `sys_role_menu` VALUES (1, 1300);
INSERT INTO `sys_role_menu` VALUES (1, 1301);
INSERT INTO `sys_role_menu` VALUES (1, 1302);
INSERT INTO `sys_role_menu` VALUES (1, 1303);
INSERT INTO `sys_role_menu` VALUES (1, 1304);
INSERT INTO `sys_role_menu` VALUES (1, 1305);
INSERT INTO `sys_role_menu` VALUES (1, 1400);
INSERT INTO `sys_role_menu` VALUES (1, 1401);
INSERT INTO `sys_role_menu` VALUES (1, 1402);
INSERT INTO `sys_role_menu` VALUES (1, 1403);
INSERT INTO `sys_role_menu` VALUES (1, 1500);
INSERT INTO `sys_role_menu` VALUES (1, 1501);
INSERT INTO `sys_role_menu` VALUES (1, 1502);
INSERT INTO `sys_role_menu` VALUES (1, 1503);
INSERT INTO `sys_role_menu` VALUES (1, 1504);
INSERT INTO `sys_role_menu` VALUES (1, 1505);
INSERT INTO `sys_role_menu` VALUES (1, 1684725265770);
INSERT INTO `sys_role_menu` VALUES (1, 1684725265771);
INSERT INTO `sys_role_menu` VALUES (1, 1684725265772);
INSERT INTO `sys_role_menu` VALUES (1, 1684725265773);
INSERT INTO `sys_role_menu` VALUES (1, 1684725265774);
INSERT INTO `sys_role_menu` VALUES (1, 1685002829989);
INSERT INTO `sys_role_menu` VALUES (1, 1685002829990);
INSERT INTO `sys_role_menu` VALUES (1, 1685002829991);
INSERT INTO `sys_role_menu` VALUES (1, 1685002829992);
INSERT INTO `sys_role_menu` VALUES (1, 1685002829993);
INSERT INTO `sys_role_menu` VALUES (1, 1685178890515);
INSERT INTO `sys_role_menu` VALUES (1, 1685178890516);
INSERT INTO `sys_role_menu` VALUES (1, 1685178890517);
INSERT INTO `sys_role_menu` VALUES (1, 1685178890518);
INSERT INTO `sys_role_menu` VALUES (1, 1685178890519);
INSERT INTO `sys_role_menu` VALUES (1, 1685191950869);
INSERT INTO `sys_role_menu` VALUES (1, 1685191950870);
INSERT INTO `sys_role_menu` VALUES (1, 1685191950871);
INSERT INTO `sys_role_menu` VALUES (1, 1685191950872);
INSERT INTO `sys_role_menu` VALUES (1, 1685191950873);
INSERT INTO `sys_role_menu` VALUES (1, 1685247343294);
INSERT INTO `sys_role_menu` VALUES (1, 1685247343295);
INSERT INTO `sys_role_menu` VALUES (1, 1685247343296);
INSERT INTO `sys_role_menu` VALUES (1, 1685247343297);
INSERT INTO `sys_role_menu` VALUES (1, 1685247343298);
INSERT INTO `sys_role_menu` VALUES (1, 1661700003911647234);
INSERT INTO `sys_role_menu` VALUES (1658730625385594882, 1685002829989);
INSERT INTO `sys_role_menu` VALUES (1658730625385594882, 1685002829990);
INSERT INTO `sys_role_menu` VALUES (1658730625385594882, 1685002829991);
INSERT INTO `sys_role_menu` VALUES (1658730625385594882, 1685002829992);
INSERT INTO `sys_role_menu` VALUES (1658730625385594882, 1685002829993);
INSERT INTO `sys_role_menu` VALUES (1658730625385594882, 1685178890515);
INSERT INTO `sys_role_menu` VALUES (1658730625385594882, 1685178890516);
INSERT INTO `sys_role_menu` VALUES (1658730625385594882, 1685178890517);
INSERT INTO `sys_role_menu` VALUES (1658730625385594882, 1685178890518);
INSERT INTO `sys_role_menu` VALUES (1658730625385594882, 1685178890519);
INSERT INTO `sys_role_menu` VALUES (1658730625385594882, 1685191950869);
INSERT INTO `sys_role_menu` VALUES (1658730625385594882, 1685191950870);
INSERT INTO `sys_role_menu` VALUES (1658730625385594882, 1685191950871);
INSERT INTO `sys_role_menu` VALUES (1658730625385594882, 1685191950872);
INSERT INTO `sys_role_menu` VALUES (1658730625385594882, 1685191950873);
INSERT INTO `sys_role_menu` VALUES (1658730625385594882, 1685247343294);
INSERT INTO `sys_role_menu` VALUES (1658730625385594882, 1685247343295);
INSERT INTO `sys_role_menu` VALUES (1658730625385594882, 1685247343296);
INSERT INTO `sys_role_menu` VALUES (1658730625385594882, 1661700003911647234);
INSERT INTO `sys_role_menu` VALUES (1660134954269057025, 1000);
INSERT INTO `sys_role_menu` VALUES (1660134954269057025, 1100);
INSERT INTO `sys_role_menu` VALUES (1660134954269057025, 1101);
INSERT INTO `sys_role_menu` VALUES (1660134954269057025, 1102);
INSERT INTO `sys_role_menu` VALUES (1660134954269057025, 1103);
INSERT INTO `sys_role_menu` VALUES (1660134954269057025, 1104);
INSERT INTO `sys_role_menu` VALUES (1660134954269057025, 1200);
INSERT INTO `sys_role_menu` VALUES (1660134954269057025, 1201);
INSERT INTO `sys_role_menu` VALUES (1660134954269057025, 1202);
INSERT INTO `sys_role_menu` VALUES (1660134954269057025, 1203);
INSERT INTO `sys_role_menu` VALUES (1660134954269057025, 1300);
INSERT INTO `sys_role_menu` VALUES (1660134954269057025, 1301);
INSERT INTO `sys_role_menu` VALUES (1660134954269057025, 1302);
INSERT INTO `sys_role_menu` VALUES (1660134954269057025, 1303);
INSERT INTO `sys_role_menu` VALUES (1660134954269057025, 1304);
INSERT INTO `sys_role_menu` VALUES (1660134954269057025, 1305);
INSERT INTO `sys_role_menu` VALUES (1660134954269057025, 1400);
INSERT INTO `sys_role_menu` VALUES (1660134954269057025, 1401);
INSERT INTO `sys_role_menu` VALUES (1660134954269057025, 1402);
INSERT INTO `sys_role_menu` VALUES (1660134954269057025, 1403);
INSERT INTO `sys_role_menu` VALUES (1660134954269057025, 1500);
INSERT INTO `sys_role_menu` VALUES (1660134954269057025, 1501);
INSERT INTO `sys_role_menu` VALUES (1660134954269057025, 1502);
INSERT INTO `sys_role_menu` VALUES (1660134954269057025, 1503);
INSERT INTO `sys_role_menu` VALUES (1660134954269057025, 1504);
INSERT INTO `sys_role_menu` VALUES (1660134954269057025, 1505);
INSERT INTO `sys_role_menu` VALUES (1660134954269057025, 2000);
INSERT INTO `sys_role_menu` VALUES (1660134954269057025, 2100);
INSERT INTO `sys_role_menu` VALUES (1660134954269057025, 2101);
INSERT INTO `sys_role_menu` VALUES (1660134954269057025, 2102);
INSERT INTO `sys_role_menu` VALUES (1660134954269057025, 2200);
INSERT INTO `sys_role_menu` VALUES (1660134954269057025, 2201);
INSERT INTO `sys_role_menu` VALUES (1660134954269057025, 2202);
INSERT INTO `sys_role_menu` VALUES (1660134954269057025, 2203);
INSERT INTO `sys_role_menu` VALUES (1660134954269057025, 2300);
INSERT INTO `sys_role_menu` VALUES (1660134954269057025, 2301);
INSERT INTO `sys_role_menu` VALUES (1660134954269057025, 2400);
INSERT INTO `sys_role_menu` VALUES (1660134954269057025, 2401);
INSERT INTO `sys_role_menu` VALUES (1660134954269057025, 2402);
INSERT INTO `sys_role_menu` VALUES (1660134954269057025, 2403);
INSERT INTO `sys_role_menu` VALUES (1660134954269057025, 2600);
INSERT INTO `sys_role_menu` VALUES (1660134954269057025, 2601);
INSERT INTO `sys_role_menu` VALUES (1660134954269057025, 2602);
INSERT INTO `sys_role_menu` VALUES (1660134954269057025, 2603);
INSERT INTO `sys_role_menu` VALUES (1660134954269057025, 2700);
INSERT INTO `sys_role_menu` VALUES (1660134954269057025, 2701);
INSERT INTO `sys_role_menu` VALUES (1660134954269057025, 2702);
INSERT INTO `sys_role_menu` VALUES (1660134954269057025, 2703);
INSERT INTO `sys_role_menu` VALUES (1660134954269057025, 3000);
INSERT INTO `sys_role_menu` VALUES (1660134954269057025, 3100);
INSERT INTO `sys_role_menu` VALUES (1660134954269057025, 3200);
INSERT INTO `sys_role_menu` VALUES (1660134954269057025, 3300);
INSERT INTO `sys_role_menu` VALUES (1660134954269057025, 3301);
INSERT INTO `sys_role_menu` VALUES (1660134954269057025, 3302);
INSERT INTO `sys_role_menu` VALUES (1660134954269057025, 3303);
INSERT INTO `sys_role_menu` VALUES (1660134954269057025, 3400);
INSERT INTO `sys_role_menu` VALUES (1660134954269057025, 4000);
INSERT INTO `sys_role_menu` VALUES (1660134954269057025, 1684374329728);
INSERT INTO `sys_role_menu` VALUES (1660134954269057025, 1684374329729);
INSERT INTO `sys_role_menu` VALUES (1660134954269057025, 1684374329730);
INSERT INTO `sys_role_menu` VALUES (1660134954269057025, 1684374329731);
INSERT INTO `sys_role_menu` VALUES (1660134954269057025, 1684374329732);
INSERT INTO `sys_role_menu` VALUES (1660134954269057025, 1684725265770);
INSERT INTO `sys_role_menu` VALUES (1660134954269057025, 1684725265771);
INSERT INTO `sys_role_menu` VALUES (1660134954269057025, 1684725265772);
INSERT INTO `sys_role_menu` VALUES (1660134954269057025, 1684725265773);
INSERT INTO `sys_role_menu` VALUES (1660134954269057025, 1684725265774);
INSERT INTO `sys_role_menu` VALUES (1660134954269057025, 1685002829989);
INSERT INTO `sys_role_menu` VALUES (1660134954269057025, 1685002829990);
INSERT INTO `sys_role_menu` VALUES (1660134954269057025, 1685002829991);
INSERT INTO `sys_role_menu` VALUES (1660134954269057025, 1685002829992);
INSERT INTO `sys_role_menu` VALUES (1660134954269057025, 1685002829993);
INSERT INTO `sys_role_menu` VALUES (1660134954269057025, 1685178890515);
INSERT INTO `sys_role_menu` VALUES (1660134954269057025, 1685178890516);
INSERT INTO `sys_role_menu` VALUES (1660134954269057025, 1685178890517);
INSERT INTO `sys_role_menu` VALUES (1660134954269057025, 1685178890518);
INSERT INTO `sys_role_menu` VALUES (1660134954269057025, 1685178890519);
INSERT INTO `sys_role_menu` VALUES (1660134954269057025, 1685191950869);
INSERT INTO `sys_role_menu` VALUES (1660134954269057025, 1685191950870);
INSERT INTO `sys_role_menu` VALUES (1660134954269057025, 1685191950871);
INSERT INTO `sys_role_menu` VALUES (1660134954269057025, 1685191950872);
INSERT INTO `sys_role_menu` VALUES (1660134954269057025, 1685191950873);
INSERT INTO `sys_role_menu` VALUES (1660134954269057025, 1685247343294);
INSERT INTO `sys_role_menu` VALUES (1660134954269057025, 1685247343295);
INSERT INTO `sys_role_menu` VALUES (1660134954269057025, 1685247343296);
INSERT INTO `sys_role_menu` VALUES (1660134954269057025, 1685247343297);
INSERT INTO `sys_role_menu` VALUES (1660134954269057025, 1685247343298);
INSERT INTO `sys_role_menu` VALUES (1660134954269057025, 1685350289870);
INSERT INTO `sys_role_menu` VALUES (1660134954269057025, 1685350289871);
INSERT INTO `sys_role_menu` VALUES (1660134954269057025, 1685350289872);
INSERT INTO `sys_role_menu` VALUES (1660134954269057025, 1685350289873);
INSERT INTO `sys_role_menu` VALUES (1660134954269057025, 1685350289874);
INSERT INTO `sys_role_menu` VALUES (1660134954269057025, 1685676844730);
INSERT INTO `sys_role_menu` VALUES (1660134954269057025, 1685676844731);
INSERT INTO `sys_role_menu` VALUES (1660134954269057025, 1685676844732);
INSERT INTO `sys_role_menu` VALUES (1660134954269057025, 1685676844733);
INSERT INTO `sys_role_menu` VALUES (1660134954269057025, 1685676844734);
INSERT INTO `sys_role_menu` VALUES (1660134954269057025, 1685844206511);
INSERT INTO `sys_role_menu` VALUES (1660134954269057025, 1685844206512);
INSERT INTO `sys_role_menu` VALUES (1660134954269057025, 1685844206513);
INSERT INTO `sys_role_menu` VALUES (1660134954269057025, 1685844206514);
INSERT INTO `sys_role_menu` VALUES (1660134954269057025, 1685844206515);
INSERT INTO `sys_role_menu` VALUES (1660134954269057025, 1661700003911647234);
INSERT INTO `sys_role_menu` VALUES (1660134954269057025, 1665170110243573762);
INSERT INTO `sys_role_menu` VALUES (1660134954269057025, 1665235323353546753);
INSERT INTO `sys_role_menu` VALUES (1660134954269057025, 1666316939865780225);
INSERT INTO `sys_role_menu` VALUES (1660134954269057025, 1666317100683784194);
INSERT INTO `sys_role_menu` VALUES (1660134954269057025, 1666344841332289538);

-- ----------------------------
-- Table structure for sys_time_type
-- ----------------------------
DROP TABLE IF EXISTS `sys_time_type`;
CREATE TABLE `sys_time_type`  (
  `id` bigint(11) NOT NULL,
  `hos_id` bigint(32) NOT NULL COMMENT '医院id',
  `name` varchar(32) CHARACTER SET utf8 COLLATE utf8_general_ci NOT NULL COMMENT '时间段名称',
  `time_scope` varchar(20) CHARACTER SET utf8 COLLATE utf8_general_ci NULL DEFAULT NULL COMMENT '时间段范围文字描述02:00-04:00。\r\n强化字段及随机检测为空',
  `start_time` varchar(8) CHARACTER SET utf8 COLLATE utf8_general_ci NULL DEFAULT NULL COMMENT '开始时间04:30表示4点30',
  `end_time` varchar(8) CHARACTER SET utf8 COLLATE utf8_general_ci NULL DEFAULT NULL COMMENT '结束时间06:00表示6点00\r\n',
  `value_down` float(3, 1) NULL DEFAULT NULL COMMENT '血糖目标最低',
  `value_up` float(3, 1) NULL DEFAULT NULL COMMENT '血糖目标最高',
  `priority` int(2) NULL DEFAULT NULL COMMENT '排序号',
  `remark` varchar(60) CHARACTER SET utf8 COLLATE utf8_general_ci NULL DEFAULT NULL COMMENT '备注',
  `type` varchar(1) CHARACTER SET utf8 COLLATE utf8_general_ci NOT NULL DEFAULT '1' COMMENT '1普通时段,0强化时段',
  `meal_time_type` int(1) NULL DEFAULT NULL COMMENT '1餐前,0 餐后',
  `in_hos` varchar(1) CHARACTER SET utf8 COLLATE utf8_general_ci NULL DEFAULT NULL COMMENT '0 院外,1 院内, 2 门诊 ,3 体检',
  `del_flag` char(1) CHARACTER SET utf8mb4 COLLATE utf8mb4_bin NULL DEFAULT '0' COMMENT '0-正常，1-删除',
  `create_by` varchar(64) CHARACTER SET utf8mb4 COLLATE utf8mb4_bin NULL DEFAULT NULL COMMENT '创建者',
  `update_by` varchar(64) CHARACTER SET utf8mb4 COLLATE utf8mb4_bin NULL DEFAULT NULL COMMENT '更新人',
  `update_time` datetime(0) NULL DEFAULT NULL COMMENT '修改时间',
  `create_time` datetime(0) NULL DEFAULT NULL COMMENT '创建时间',
  PRIMARY KEY (`id`) USING BTREE
) ENGINE = InnoDB CHARACTER SET = utf8 COLLATE = utf8_general_ci COMMENT = '检测时段' ROW_FORMAT = Compact;

-- ----------------------------
-- Records of sys_time_type
-- ----------------------------
INSERT INTO `sys_time_type` VALUES (1660531690154209282, 1659018792143663105, '早餐前', '05:00-08:00', '05:00', '08:00', 1.0, 2.0, 1, NULL, '1', NULL, '1', '0', 'admin', 'admin', '2023-05-22 15:25:40', '2023-05-22 14:23:01');
INSERT INTO `sys_time_type` VALUES (1660531832907345921, 1659018792143663105, '随机', NULL, '', '', NULL, NULL, 2, NULL, '0', NULL, '1', '1', 'admin', 'admin', '2023-05-22 14:55:31', '2023-05-22 14:23:35');
INSERT INTO `sys_time_type` VALUES (1660547577087197186, 1659018792143663105, '早餐后', '08:00-11:00', '08:00', '11:00', 1.0, 2.0, 2, NULL, '1', NULL, '1', '0', 'admin', 'admin', '2023-05-22 15:26:09', '2023-05-22 15:26:09');
INSERT INTO `sys_time_type` VALUES (1660550091048157186, 1659018792143663105, '午餐前', '11:00-12:30', '11:00', '12:30', 12.0, 13.0, 3, NULL, '1', NULL, '1', '0', 'admin', 'admin', '2023-05-22 15:37:02', '2023-05-22 15:36:08');
INSERT INTO `sys_time_type` VALUES (1660551636724678657, 1659018792143663105, '午餐后', '12:30-14:00', '12:30', '14:00', 1.0, 2.0, 4, NULL, '1', NULL, '1', '0', 'admin', 'admin', '2023-05-22 15:42:16', '2023-05-22 15:42:16');
INSERT INTO `sys_time_type` VALUES (1660551785421144066, 1659018792143663105, '晚餐前', '14:00-16:00', '14:00', '16:00', 1.0, 2.5, 5, NULL, '1', NULL, '1', '0', 'admin', 'admin', '2023-05-22 15:42:52', '2023-05-22 15:42:52');
INSERT INTO `sys_time_type` VALUES (1660551903620825090, 1659018792143663105, '晚餐后', '16:00-20:00', '16:00', '20:00', 2.0, 12.0, 6, NULL, '1', NULL, '1', '0', 'admin', 'admin', '2023-05-22 15:43:48', '2023-05-22 15:43:20');
INSERT INTO `sys_time_type` VALUES (1660552109498236930, 1659018792143663105, '睡前', '20:00-00:00', '20:00', '00:00', 1.0, 2.0, 7, NULL, '1', NULL, '1', '0', 'admin', 'admin', '2023-05-22 15:45:00', '2023-05-22 15:44:09');
INSERT INTO `sys_time_type` VALUES (1660554319175024642, 1659018792143663105, '随机', NULL, NULL, '', NULL, NULL, 8, NULL, '0', NULL, '1', '0', 'admin', 'admin', '2023-05-22 15:52:56', '2023-05-22 15:52:56');
INSERT INTO `sys_time_type` VALUES (1660554411521015809, 1659018792143663105, 'q1h', NULL, NULL, '15:53', NULL, NULL, 9, NULL, '0', NULL, '1', '0', 'admin', 'admin', '2023-05-22 15:53:24', '2023-05-22 15:53:18');
INSERT INTO `sys_time_type` VALUES (1660554482903875586, 1659018792143663105, 'q4h', NULL, NULL, '', NULL, NULL, 10, NULL, '0', NULL, '1', '0', 'admin', 'admin', '2023-05-22 15:53:35', '2023-05-22 15:53:35');
INSERT INTO `sys_time_type` VALUES (1660554576998891522, 1659018792143663105, 'q6h', NULL, NULL, '', NULL, NULL, 11, NULL, '0', NULL, '1', '0', 'admin', 'admin', '2023-05-22 20:10:14', '2023-05-22 15:53:57');

-- ----------------------------
-- Table structure for sys_user
-- ----------------------------
DROP TABLE IF EXISTS `sys_user`;
CREATE TABLE `sys_user`  (
  `user_id` bigint(20) NOT NULL,
  `name` varchar(30) CHARACTER SET utf8mb4 COLLATE utf8mb4_bin NULL DEFAULT NULL COMMENT '姓名',
  `gender` char(1) CHARACTER SET utf8mb4 COLLATE utf8mb4_bin NULL DEFAULT NULL COMMENT '性别，1男二女',
  `username` varchar(64) CHARACTER SET utf8mb4 COLLATE utf8mb4_bin NOT NULL COMMENT '用户名',
  `password` varchar(255) CHARACTER SET utf8mb4 COLLATE utf8mb4_bin NOT NULL COMMENT '密码',
  `dept_id` bigint(20) NULL DEFAULT NULL,
  `hos_id` bigint(20) NOT NULL COMMENT '医院ID',
  `salt` varchar(255) CHARACTER SET utf8mb4 COLLATE utf8mb4_bin NULL DEFAULT NULL COMMENT '随机盐',
  `phone` varchar(20) CHARACTER SET utf8mb4 COLLATE utf8mb4_bin NULL DEFAULT NULL COMMENT '简介',
  `avatar` varchar(255) CHARACTER SET utf8mb4 COLLATE utf8mb4_bin NULL DEFAULT NULL COMMENT '头像',
  `lock_flag` char(1) CHARACTER SET utf8mb4 COLLATE utf8mb4_bin NULL DEFAULT '0' COMMENT '0-正常，9-锁定',
  `del_flag` char(1) CHARACTER SET utf8mb4 COLLATE utf8mb4_bin NULL DEFAULT '0' COMMENT '0-正常，1-删除',
  `create_time` datetime(0) NULL DEFAULT NULL COMMENT '创建时间',
  `update_time` datetime(0) NULL DEFAULT NULL COMMENT '修改时间',
  `create_by` varchar(64) CHARACTER SET utf8mb4 COLLATE utf8mb4_bin NULL DEFAULT NULL COMMENT '创建者',
  `update_by` varchar(64) CHARACTER SET utf8mb4 COLLATE utf8mb4_bin NULL DEFAULT NULL COMMENT '更新人',
  PRIMARY KEY (`user_id`) USING BTREE,
  UNIQUE INDEX `user_hos_index`(`username`, `hos_id`, `del_flag`) USING BTREE,
  INDEX `user_idx1_username`(`username`) USING BTREE
) ENGINE = InnoDB CHARACTER SET = utf8mb4 COLLATE = utf8mb4_bin COMMENT = '用户表' ROW_FORMAT = Dynamic;

-- ----------------------------
-- Records of sys_user
-- ----------------------------
INSERT INTO `sys_user` VALUES (1, '管理员', '1', 'admin', '$2a$10$RpFJjxYiXdEsAGnWp/8fsOetMuOON96Ntk/Ym2M/RKRyU0GZseaDC', 1659386542775017473, 1659018792143663105, NULL, '17034642999', '', '0', '0', '2018-04-20 07:15:18', '2023-05-21 12:14:24', NULL, 'admin');
INSERT INTO `sys_user` VALUES (1659441176889720833, '张三', '1', '2022123', '$2a$10$5iVzfQtacMSXHNl9I27RQ.2jaq/.eR7ckV7lCEu4TiLdnQUf4waJq', 1659386264763965441, 1659018792143663105, NULL, '18796327106', NULL, '0', '0', '2023-05-19 14:09:42', '2023-05-19 22:25:42', 'admin', 'admin');
INSERT INTO `sys_user` VALUES (1659458202844733441, '李四', '1', '202234', '$2a$10$bOx0Q/MylAi8vUJKmSSbkuB0PrHuNV3q683JLSEXIpF7Tp.4xpIEy', 1659386542775017473, 1659018792143663105, NULL, '18765732617', NULL, '0', '0', '2023-05-19 15:17:21', '2023-05-19 22:25:29', 'admin', 'admin');
INSERT INTO `sys_user` VALUES (1659818471869579266, '李倩文', '1', '12312', '$2a$10$qKYubw/t/VGkZxfDgME/m.u76xOUTvTaWKBYZj4rXRcj.Ws.WdShS', 1659790789526044673, 1659018792143663105, NULL, '', NULL, '0', '1', '2023-05-20 15:08:56', '2023-05-20 15:58:38', 'admin', 'admin');
INSERT INTO `sys_user` VALUES (1659824797278474241, NULL, NULL, '123874', '$2a$10$b0YcFvMYZ/iTTed8sa3rmedOVaZhhousGS/Cm9zSVvFzrLFurlRku', 1659386264763965441, 1659018792143663105, NULL, '18796329208', NULL, '0', '1', '2023-05-20 15:34:04', '2023-05-20 15:34:09', 'admin', 'admin');
INSERT INTO `sys_user` VALUES (1659825528257581058, '李四', NULL, '12934', '$2a$10$53K.fwPvvuIclxr01mMkHew7Hw8fML52jxA.GsrTDFOo5Cms4W77q', 1659386542775017473, 1659018792143663105, NULL, '18796327108', NULL, '0', '1', '2023-05-20 15:36:59', '2023-05-20 15:58:35', 'admin', 'admin');
INSERT INTO `sys_user` VALUES (1659826056786022402, '李伟', '1', '192883', '$2a$10$ZRaqB9aApC7J.fVOm8MNOeqv.VfWSV2ShbAsxp1B/GMd2GCSULbMG', 1659386542775017473, 1659018792143663105, NULL, '18796327198', NULL, '0', '1', '2023-05-20 15:39:05', '2023-05-20 15:56:37', 'admin', 'admin');
INSERT INTO `sys_user` VALUES (1659826749299167234, '张思思', '2', '193844', '$2a$10$qre1lAgGodKemPLroPToLuK9JZ.2x7qeRdCTI62Jsw4lAz622N/iC', 1659386542775017473, 1659018792143663105, NULL, '18796327107', NULL, '0', '1', '2023-05-20 15:41:50', '2023-05-20 15:58:33', 'admin', 'admin');
INSERT INTO `sys_user` VALUES (1659828235563372545, '成长', '1', '198384', '$2a$10$paTQoNqWWrjtXk.AHzR/HuYYaPeWGgQzKdDFLqpmZj.qIh0wOp1zW', 1659386542775017473, 1659018792143663105, NULL, '', NULL, '0', '1', '2023-05-20 15:47:44', '2023-05-20 15:56:17', 'admin', 'admin');
INSERT INTO `sys_user` VALUES (1659829855353245698, '立思辰', '1', '918283', '$2a$10$dCyClnSmNssJR3OfMJEW5u.TNfrONeod/H1UNC9VvOe0zouC.P/x2', 1659386264763965441, 1659018792143663105, NULL, '', NULL, '0', '1', '2023-05-20 15:54:10', '2023-05-20 15:54:54', 'admin', 'admin');
INSERT INTO `sys_user` VALUES (1659887681463345154, '王玮', '1', '201123', '$2a$10$IsCNlOhwgLtPapZR4cuMf.4mevf0WZAQoW5MUPhdniox65w7VJV6q', 1659386264763965441, 1659018792143663105, NULL, '', NULL, '0', '0', '2023-05-20 19:43:57', '2023-05-20 19:43:57', 'admin', 'admin');
INSERT INTO `sys_user` VALUES (1659889190586507265, '陈鑫', '2', '12934', '$2a$10$9fNKlOHAYAT/y.eXo2ZXnu8qaiakWOYk7.VGLDNZ6jbP/oex9fl.G', 1659386264763965441, 1659018792143663105, NULL, '', NULL, '0', '0', '2023-05-20 19:49:57', '2023-05-22 15:06:44', 'admin', 'admin');
INSERT INTO `sys_user` VALUES (1660133103368839170, '陈斌', '1', 'zjszyy', '$2a$10$q9XgvxAyNtufFzvwlUDHT.fPGYYvNum47MyaaAmPJP5nqk.lMnyGC', 1660162973545213954, 1660133100613181442, NULL, NULL, NULL, '0', '0', '2023-05-21 11:59:10', '2023-05-21 14:07:08', 'admin', 'admin');
INSERT INTO `sys_user` VALUES (1660166686271791105, '张三', '1', '123452', '$2a$10$KaCPIL0dlrYiDRw.Vd3ZMu7qPBiT95t53mQGRR4JdIdlDPEwyUWGm', 1660162973545213954, 1660133100613181442, NULL, '', NULL, '0', '0', '2023-05-21 14:12:37', '2023-05-21 14:12:37', 'zjszyy', 'zjszyy');
INSERT INTO `sys_user` VALUES (1662003819232063489, '张三', '1', '1234333', '$2a$10$kYe6Iu1EULUQhdvLlx2tNuBuPUXfaCV7vyGasqYAU.mdM7leDaxYG', 1659386264763965441, 1659018792143663105, NULL, '', NULL, '0', '0', '2023-05-26 15:52:44', '2023-05-26 15:52:44', 'admin', 'admin');
INSERT INTO `sys_user` VALUES (1662369503690608642, '王慧明', '2', 'whm', '$2a$10$mGYs.8aV.GafqfhoihzMrOcWVyprXn9muKzflm5ZWg5SJ1gnrMb22', 1660162973545213954, 1660133100613181442, NULL, '', NULL, '0', '0', '2023-05-27 16:05:50', '2023-05-27 16:05:50', 'admin', 'admin');
INSERT INTO `sys_user` VALUES (1662432715555459074, '白鹿', '2', 'bailu', '$2a$10$qvnYq.m7.XQIDlrzGSqqsOgh2mgg9.orBkYVvmY7fnw16G5rOkh96', 1659386542775017473, 1659018792143663105, NULL, '', NULL, '0', '0', '2023-05-27 20:17:01', '2023-05-28 22:26:48', 'admin', 'admin');

-- ----------------------------
-- Table structure for sys_user_dept
-- ----------------------------
DROP TABLE IF EXISTS `sys_user_dept`;
CREATE TABLE `sys_user_dept`  (
  `user_id` bigint(20) NOT NULL,
  `dept_id` bigint(20) NOT NULL,
  `del_flag` char(1) CHARACTER SET utf8mb4 COLLATE utf8mb4_bin NULL DEFAULT '0' COMMENT '0-正常，1-删除',
  `create_time` datetime(0) NULL DEFAULT NULL COMMENT '创建时间',
  `update_time` datetime(0) NULL DEFAULT NULL COMMENT '修改时间',
  `create_by` varchar(64) CHARACTER SET utf8mb4 COLLATE utf8mb4_bin NULL DEFAULT NULL COMMENT '创建者',
  `update_by` varchar(64) CHARACTER SET utf8mb4 COLLATE utf8mb4_bin NULL DEFAULT NULL COMMENT '更新人',
  UNIQUE INDEX `user_dept_index`(`user_id`, `dept_id`) USING BTREE
) ENGINE = InnoDB CHARACTER SET = utf8mb4 COLLATE = utf8mb4_bin COMMENT = '用户、科室关系' ROW_FORMAT = Dynamic;

-- ----------------------------
-- Records of sys_user_dept
-- ----------------------------
INSERT INTO `sys_user_dept` VALUES (1, 1659386149638709250, '0', '2023-05-21 12:14:25', '2023-05-21 12:14:25', 'admin', 'admin');
INSERT INTO `sys_user_dept` VALUES (1, 1659386542775017473, '0', '2023-05-21 12:14:25', '2023-05-21 12:14:25', 'admin', 'admin');
INSERT INTO `sys_user_dept` VALUES (1659441176889720833, 1659386264763965441, '0', '2023-05-19 22:25:42', '2023-05-19 22:25:42', 'admin', 'admin');
INSERT INTO `sys_user_dept` VALUES (1659441176889720833, 1659386542775017473, '0', '2023-05-19 22:25:42', '2023-05-19 22:25:42', 'admin', 'admin');
INSERT INTO `sys_user_dept` VALUES (1659458202844733441, 1659386264763965441, '0', '2023-05-19 22:25:29', '2023-05-19 22:25:29', 'admin', 'admin');
INSERT INTO `sys_user_dept` VALUES (1659458202844733441, 1659386542775017473, '0', '2023-05-19 22:25:29', '2023-05-19 22:25:29', 'admin', 'admin');
INSERT INTO `sys_user_dept` VALUES (1659818471869579266, 1659790789526044673, '0', '2023-05-20 15:26:22', '2023-05-20 15:26:22', 'admin', 'admin');
INSERT INTO `sys_user_dept` VALUES (1659824797278474241, 1659789309465214978, '0', '2023-05-20 15:34:04', '2023-05-20 15:34:04', 'admin', 'admin');
INSERT INTO `sys_user_dept` VALUES (1659825528257581058, 1659386264763965441, '0', '2023-05-20 15:36:59', '2023-05-20 15:36:59', 'admin', 'admin');
INSERT INTO `sys_user_dept` VALUES (1659825528257581058, 1659386542775017473, '0', '2023-05-20 15:36:59', '2023-05-20 15:36:59', 'admin', 'admin');
INSERT INTO `sys_user_dept` VALUES (1659825528257581058, 1659789309465214978, '0', '2023-05-20 15:36:59', '2023-05-20 15:36:59', 'admin', 'admin');
INSERT INTO `sys_user_dept` VALUES (1659825528257581058, 1659789383939276802, '0', '2023-05-20 15:36:59', '2023-05-20 15:36:59', 'admin', 'admin');
INSERT INTO `sys_user_dept` VALUES (1659825528257581058, 1659790789526044673, '0', '2023-05-20 15:36:59', '2023-05-20 15:36:59', 'admin', 'admin');
INSERT INTO `sys_user_dept` VALUES (1659825528257581058, 1659799651851362305, '0', '2023-05-20 15:36:59', '2023-05-20 15:36:59', 'admin', 'admin');
INSERT INTO `sys_user_dept` VALUES (1659826056786022402, 1659789383939276802, '0', '2023-05-20 15:39:05', '2023-05-20 15:39:05', 'admin', 'admin');
INSERT INTO `sys_user_dept` VALUES (1659826056786022402, 1659799651851362305, '0', '2023-05-20 15:39:05', '2023-05-20 15:39:05', 'admin', 'admin');
INSERT INTO `sys_user_dept` VALUES (1659826749299167234, 1659790789526044673, '0', '2023-05-20 15:41:50', '2023-05-20 15:41:50', 'admin', 'admin');
INSERT INTO `sys_user_dept` VALUES (1659828235563372545, 1659789309465214978, '0', '2023-05-20 15:47:44', '2023-05-20 15:47:44', 'admin', 'admin');
INSERT INTO `sys_user_dept` VALUES (1659828235563372545, 1659789383939276802, '0', '2023-05-20 15:47:44', '2023-05-20 15:47:44', 'admin', 'admin');
INSERT INTO `sys_user_dept` VALUES (1659829855353245698, 1659789383939276802, '0', '2023-05-20 15:54:10', '2023-05-20 15:54:10', 'admin', 'admin');
INSERT INTO `sys_user_dept` VALUES (1659887681463345154, 1659789309465214978, '0', '2023-05-20 19:43:57', '2023-05-20 19:43:57', 'admin', 'admin');
INSERT INTO `sys_user_dept` VALUES (1659889190586507265, 1659386264763965441, '0', '2023-05-22 15:06:45', '2023-05-22 15:06:45', 'admin', 'admin');
INSERT INTO `sys_user_dept` VALUES (1659889190586507265, 1659386542775017473, '0', '2023-05-22 15:06:45', '2023-05-22 15:06:45', 'admin', 'admin');
INSERT INTO `sys_user_dept` VALUES (1659889190586507265, 1659789309465214978, '0', '2023-05-22 15:06:45', '2023-05-22 15:06:45', 'admin', 'admin');
INSERT INTO `sys_user_dept` VALUES (1659889190586507265, 1659789383939276802, '0', '2023-05-22 15:06:45', '2023-05-22 15:06:45', 'admin', 'admin');
INSERT INTO `sys_user_dept` VALUES (1660133103368839170, 1660162973545213954, '0', '2023-05-21 14:07:08', '2023-05-21 14:07:08', 'admin', 'admin');
INSERT INTO `sys_user_dept` VALUES (1660133103368839170, 1660163024992546818, '0', '2023-05-21 14:07:08', '2023-05-21 14:07:08', 'admin', 'admin');
INSERT INTO `sys_user_dept` VALUES (1660166686271791105, 1660162973545213954, '0', '2023-05-21 14:12:37', '2023-05-21 14:12:37', 'zjszyy', 'zjszyy');
INSERT INTO `sys_user_dept` VALUES (1662003819232063489, 1659789309465214978, '0', '2023-05-26 15:52:44', '2023-05-26 15:52:44', 'admin', 'admin');
INSERT INTO `sys_user_dept` VALUES (1662003819232063489, 1659789383939276802, '0', '2023-05-26 15:52:44', '2023-05-26 15:52:44', 'admin', 'admin');
INSERT INTO `sys_user_dept` VALUES (1662369503690608642, 1660162973545213954, '0', '2023-05-27 16:05:50', '2023-05-27 16:05:50', 'admin', 'admin');
INSERT INTO `sys_user_dept` VALUES (1662369503690608642, 1660163024992546818, '0', '2023-05-27 16:05:50', '2023-05-27 16:05:50', 'admin', 'admin');
INSERT INTO `sys_user_dept` VALUES (1662369503690608642, 1660167857690566657, '0', '2023-05-27 16:05:50', '2023-05-27 16:05:50', 'admin', 'admin');
INSERT INTO `sys_user_dept` VALUES (1662432715555459074, 1659386542775017473, '0', '2023-05-28 22:26:48', '2023-05-28 22:26:48', 'admin', 'admin');

-- ----------------------------
-- Table structure for sys_user_post
-- ----------------------------
DROP TABLE IF EXISTS `sys_user_post`;
CREATE TABLE `sys_user_post`  (
  `user_id` bigint(20) NOT NULL COMMENT '用户ID',
  `post_id` bigint(20) NOT NULL COMMENT '岗位ID',
  PRIMARY KEY (`user_id`, `post_id`) USING BTREE
) ENGINE = InnoDB CHARACTER SET = utf8mb4 COLLATE = utf8mb4_bin COMMENT = '用户与岗位关联表' ROW_FORMAT = Dynamic;

-- ----------------------------
-- Records of sys_user_post
-- ----------------------------
INSERT INTO `sys_user_post` VALUES (1, 1);
INSERT INTO `sys_user_post` VALUES (1659441176889720833, 2);
INSERT INTO `sys_user_post` VALUES (1659458202844733441, 2);
INSERT INTO `sys_user_post` VALUES (1659887681463345154, 2);
INSERT INTO `sys_user_post` VALUES (1659889190586507265, 2);
INSERT INTO `sys_user_post` VALUES (1660133103368839170, 1660165152096051201);
INSERT INTO `sys_user_post` VALUES (1660166686271791105, 1660165152096051201);
INSERT INTO `sys_user_post` VALUES (1662003819232063489, 2);
INSERT INTO `sys_user_post` VALUES (1662369503690608642, 1660165212405948418);
INSERT INTO `sys_user_post` VALUES (1662432715555459074, 1659437092614897665);

-- ----------------------------
-- Table structure for sys_user_role
-- ----------------------------
DROP TABLE IF EXISTS `sys_user_role`;
CREATE TABLE `sys_user_role`  (
  `user_id` bigint(20) NOT NULL COMMENT '用户ID',
  `role_id` bigint(20) NOT NULL COMMENT '角色ID',
  PRIMARY KEY (`user_id`, `role_id`) USING BTREE
) ENGINE = InnoDB CHARACTER SET = utf8mb4 COLLATE = utf8mb4_bin COMMENT = '用户角色表' ROW_FORMAT = Dynamic;

-- ----------------------------
-- Records of sys_user_role
-- ----------------------------
INSERT INTO `sys_user_role` VALUES (1, 1660134954269057025);
INSERT INTO `sys_user_role` VALUES (1659441176889720833, 1658730544372613122);
INSERT INTO `sys_user_role` VALUES (1659458202844733441, 1);
INSERT INTO `sys_user_role` VALUES (1659887681463345154, 1658730544372613122);
INSERT INTO `sys_user_role` VALUES (1659889190586507265, 1658730544372613122);
INSERT INTO `sys_user_role` VALUES (1660133103368839170, 1);
INSERT INTO `sys_user_role` VALUES (1660166686271791105, 1658730544372613122);
INSERT INTO `sys_user_role` VALUES (1662003819232063489, 1658730544372613122);
INSERT INTO `sys_user_role` VALUES (1662369503690608642, 1658730625385594882);
INSERT INTO `sys_user_role` VALUES (1662432715555459074, 1658730625385594882);

SET FOREIGN_KEY_CHECKS = 1;
