/*
 Navicat Premium Data Transfer

 Source Server         : codeape-mysql
 Source Server Type    : MySQL
 Source Server Version : 50742
 Source Host           : codeape-mysql:3306
 Source Schema         : codeape_job

 Target Server Type    : MySQL
 Target Server Version : 50742
 File Encoding         : 65001

 Date: 11/06/2023 10:35:54
*/

SET NAMES utf8mb4;
SET FOREIGN_KEY_CHECKS = 0;

-- ----------------------------
-- Table structure for xxl_job_group
-- ----------------------------
DROP TABLE IF EXISTS `xxl_job_group`;
CREATE TABLE `xxl_job_group`  (
  `id` int(11) NOT NULL AUTO_INCREMENT,
  `app_name` varchar(64) CHARACTER SET utf8mb4 COLLATE utf8mb4_general_ci NOT NULL COMMENT '执行器AppName',
  `title` varchar(12) CHARACTER SET utf8mb4 COLLATE utf8mb4_general_ci NOT NULL COMMENT '执行器名称',
  `address_type` tinyint(4) NOT NULL DEFAULT 0 COMMENT '执行器地址类型：0=自动注册、1=手动录入',
  `address_list` text CHARACTER SET utf8mb4 COLLATE utf8mb4_general_ci NULL COMMENT '执行器地址列表，多地址逗号分隔',
  `update_time` datetime(0) NULL DEFAULT NULL,
  PRIMARY KEY (`id`) USING BTREE
) ENGINE = InnoDB AUTO_INCREMENT = 4 CHARACTER SET = utf8mb4 COLLATE = utf8mb4_general_ci ROW_FORMAT = Dynamic;

-- ----------------------------
-- Records of xxl_job_group
-- ----------------------------
INSERT INTO `xxl_job_group` VALUES (1, 'xxl-job-executor-sample', '示例执行器', 0, NULL, '2023-06-06 16:23:30');
INSERT INTO `xxl_job_group` VALUES (2, 'codeape-device-biz', '质控模块', 0, NULL, '2023-06-06 16:23:30');
INSERT INTO `xxl_job_group` VALUES (3, 'codeape-inhos-biz', '住院模块', 0, 'http://192.168.1.20:9002/', '2023-06-06 16:23:30');

-- ----------------------------
-- Table structure for xxl_job_info
-- ----------------------------
DROP TABLE IF EXISTS `xxl_job_info`;
CREATE TABLE `xxl_job_info`  (
  `id` int(11) NOT NULL AUTO_INCREMENT,
  `job_group` int(11) NOT NULL COMMENT '执行器主键ID',
  `job_desc` varchar(255) CHARACTER SET utf8mb4 COLLATE utf8mb4_general_ci NOT NULL,
  `add_time` datetime(0) NULL DEFAULT NULL,
  `update_time` datetime(0) NULL DEFAULT NULL,
  `author` varchar(64) CHARACTER SET utf8mb4 COLLATE utf8mb4_general_ci NULL DEFAULT NULL COMMENT '作者',
  `alarm_email` varchar(255) CHARACTER SET utf8mb4 COLLATE utf8mb4_general_ci NULL DEFAULT NULL COMMENT '报警邮件',
  `schedule_type` varchar(50) CHARACTER SET utf8mb4 COLLATE utf8mb4_general_ci NOT NULL DEFAULT 'NONE' COMMENT '调度类型',
  `schedule_conf` varchar(128) CHARACTER SET utf8mb4 COLLATE utf8mb4_general_ci NULL DEFAULT NULL COMMENT '调度配置，值含义取决于调度类型',
  `misfire_strategy` varchar(50) CHARACTER SET utf8mb4 COLLATE utf8mb4_general_ci NOT NULL DEFAULT 'DO_NOTHING' COMMENT '调度过期策略',
  `executor_route_strategy` varchar(50) CHARACTER SET utf8mb4 COLLATE utf8mb4_general_ci NULL DEFAULT NULL COMMENT '执行器路由策略',
  `executor_handler` varchar(255) CHARACTER SET utf8mb4 COLLATE utf8mb4_general_ci NULL DEFAULT NULL COMMENT '执行器任务handler',
  `executor_param` varchar(512) CHARACTER SET utf8mb4 COLLATE utf8mb4_general_ci NULL DEFAULT NULL COMMENT '执行器任务参数',
  `executor_block_strategy` varchar(50) CHARACTER SET utf8mb4 COLLATE utf8mb4_general_ci NULL DEFAULT NULL COMMENT '阻塞处理策略',
  `executor_timeout` int(11) NOT NULL DEFAULT 0 COMMENT '任务执行超时时间，单位秒',
  `executor_fail_retry_count` int(11) NOT NULL DEFAULT 0 COMMENT '失败重试次数',
  `glue_type` varchar(50) CHARACTER SET utf8mb4 COLLATE utf8mb4_general_ci NOT NULL COMMENT 'GLUE类型',
  `glue_source` mediumtext CHARACTER SET utf8mb4 COLLATE utf8mb4_general_ci NULL COMMENT 'GLUE源代码',
  `glue_remark` varchar(128) CHARACTER SET utf8mb4 COLLATE utf8mb4_general_ci NULL DEFAULT NULL COMMENT 'GLUE备注',
  `glue_updatetime` datetime(0) NULL DEFAULT NULL COMMENT 'GLUE更新时间',
  `child_jobid` varchar(255) CHARACTER SET utf8mb4 COLLATE utf8mb4_general_ci NULL DEFAULT NULL COMMENT '子任务ID，多个逗号分隔',
  `trigger_status` tinyint(4) NOT NULL DEFAULT 0 COMMENT '调度状态：0-停止，1-运行',
  `trigger_last_time` bigint(13) NOT NULL DEFAULT 0 COMMENT '上次调度时间',
  `trigger_next_time` bigint(13) NOT NULL DEFAULT 0 COMMENT '下次调度时间',
  PRIMARY KEY (`id`) USING BTREE
) ENGINE = InnoDB AUTO_INCREMENT = 4 CHARACTER SET = utf8mb4 COLLATE = utf8mb4_general_ci ROW_FORMAT = Dynamic;

-- ----------------------------
-- Records of xxl_job_info
-- ----------------------------
INSERT INTO `xxl_job_info` VALUES (1, 1, '测试任务1', '2018-11-03 22:21:31', '2018-11-03 22:21:31', 'XXL', '', 'CRON', '0 0 0 * * ? *', 'DO_NOTHING', 'FIRST', 'demoJobHandler', '', 'SERIAL_EXECUTION', 0, 0, 'BEAN', '', 'GLUE代码初始化', '2018-11-03 22:21:31', '', 0, 0, 0);
INSERT INTO `xxl_job_info` VALUES (2, 2, '质控统计', '2023-05-29 16:45:09', '2023-05-30 09:21:23', 'admin', '1655378771@qq.com', 'CRON', '0 30 1 * * ?', 'FIRE_ONCE_NOW', 'ROUND', 'qcCountJobHandler', '', 'SERIAL_EXECUTION', 0, 2, 'BEAN', '', 'GLUE代码初始化', '2023-05-29 16:45:09', '', 1, 1685467800000, 1686072600000);
INSERT INTO `xxl_job_info` VALUES (3, 3, '患者出院消息补偿', '2023-06-06 15:43:38', '2023-06-06 15:43:38', 'admin', '1655378771@qq.com', 'CRON', '0 0/5 * * * ? ', 'DO_NOTHING', 'ROUND', 'rePushMqHandler', '', 'SERIAL_EXECUTION', 0, 0, 'BEAN', '', 'GLUE代码初始化', '2023-06-06 15:43:38', '', 0, 0, 0);

-- ----------------------------
-- Table structure for xxl_job_lock
-- ----------------------------
DROP TABLE IF EXISTS `xxl_job_lock`;
CREATE TABLE `xxl_job_lock`  (
  `lock_name` varchar(50) CHARACTER SET utf8mb4 COLLATE utf8mb4_general_ci NOT NULL COMMENT '锁名称',
  PRIMARY KEY (`lock_name`) USING BTREE
) ENGINE = InnoDB CHARACTER SET = utf8mb4 COLLATE = utf8mb4_general_ci ROW_FORMAT = Dynamic;

-- ----------------------------
-- Records of xxl_job_lock
-- ----------------------------
INSERT INTO `xxl_job_lock` VALUES ('schedule_lock');

-- ----------------------------
-- Table structure for xxl_job_log
-- ----------------------------
DROP TABLE IF EXISTS `xxl_job_log`;
CREATE TABLE `xxl_job_log`  (
  `id` bigint(20) NOT NULL AUTO_INCREMENT,
  `job_group` int(11) NOT NULL COMMENT '执行器主键ID',
  `job_id` int(11) NOT NULL COMMENT '任务，主键ID',
  `executor_address` varchar(255) CHARACTER SET utf8mb4 COLLATE utf8mb4_general_ci NULL DEFAULT NULL COMMENT '执行器地址，本次执行的地址',
  `executor_handler` varchar(255) CHARACTER SET utf8mb4 COLLATE utf8mb4_general_ci NULL DEFAULT NULL COMMENT '执行器任务handler',
  `executor_param` varchar(512) CHARACTER SET utf8mb4 COLLATE utf8mb4_general_ci NULL DEFAULT NULL COMMENT '执行器任务参数',
  `executor_sharding_param` varchar(20) CHARACTER SET utf8mb4 COLLATE utf8mb4_general_ci NULL DEFAULT NULL COMMENT '执行器任务分片参数，格式如 1/2',
  `executor_fail_retry_count` int(11) NOT NULL DEFAULT 0 COMMENT '失败重试次数',
  `trigger_time` datetime(0) NULL DEFAULT NULL COMMENT '调度-时间',
  `trigger_code` int(11) NOT NULL COMMENT '调度-结果',
  `trigger_msg` text CHARACTER SET utf8mb4 COLLATE utf8mb4_general_ci NULL COMMENT '调度-日志',
  `handle_time` datetime(0) NULL DEFAULT NULL COMMENT '执行-时间',
  `handle_code` int(11) NOT NULL COMMENT '执行-状态',
  `handle_msg` text CHARACTER SET utf8mb4 COLLATE utf8mb4_general_ci NULL COMMENT '执行-日志',
  `alarm_status` tinyint(4) NOT NULL DEFAULT 0 COMMENT '告警状态：0-默认、1-无需告警、2-告警成功、3-告警失败',
  PRIMARY KEY (`id`) USING BTREE,
  INDEX `I_trigger_time`(`trigger_time`) USING BTREE,
  INDEX `I_handle_code`(`handle_code`) USING BTREE
) ENGINE = InnoDB AUTO_INCREMENT = 468 CHARACTER SET = utf8mb4 COLLATE = utf8mb4_general_ci ROW_FORMAT = Dynamic;

-- ----------------------------
-- Records of xxl_job_log
-- ----------------------------
INSERT INTO `xxl_job_log` VALUES (458, 2, 2, 'http://192.168.1.22:9001/', 'qcCountJobHandler', '', NULL, 2, '2023-05-30 12:29:36', 200, '任务触发类型：手动触发<br>调度机器：192.168.1.22<br>执行器-注册方式：自动注册<br>执行器-地址列表：[http://192.168.1.22:9001/]<br>路由策略：轮询<br>阻塞处理策略：单机串行<br>任务超时时间：0<br>失败重试次数：2<br><br><span style=\"color:#00c0ef;\" > >>>>>>>>>>>触发调度<<<<<<<<<<< </span><br>触发调度：<br>address：http://192.168.1.22:9001/<br>code：200<br>msg：null', '2023-05-30 12:29:37', 200, '', 0);
INSERT INTO `xxl_job_log` VALUES (459, 2, 2, 'http://192.168.1.22:9001/', 'qcCountJobHandler', '', NULL, 2, '2023-05-30 12:29:57', 200, '任务触发类型：手动触发<br>调度机器：192.168.1.22<br>执行器-注册方式：自动注册<br>执行器-地址列表：[http://192.168.1.22:9001/]<br>路由策略：轮询<br>阻塞处理策略：单机串行<br>任务超时时间：0<br>失败重试次数：2<br><br><span style=\"color:#00c0ef;\" > >>>>>>>>>>>触发调度<<<<<<<<<<< </span><br>触发调度：<br>address：http://192.168.1.22:9001/<br>code：200<br>msg：null', '2023-05-30 12:29:57', 200, '', 0);
INSERT INTO `xxl_job_log` VALUES (460, 2, 2, 'http://192.168.1.22:9001/', 'qcCountJobHandler', '', NULL, 2, '2023-05-30 12:30:13', 200, '任务触发类型：手动触发<br>调度机器：192.168.1.22<br>执行器-注册方式：自动注册<br>执行器-地址列表：[http://192.168.1.22:9001/]<br>路由策略：轮询<br>阻塞处理策略：单机串行<br>任务超时时间：0<br>失败重试次数：2<br><br><span style=\"color:#00c0ef;\" > >>>>>>>>>>>触发调度<<<<<<<<<<< </span><br>触发调度：<br>address：http://192.168.1.22:9001/<br>code：200<br>msg：null', '2023-05-30 12:30:13', 200, '', 0);
INSERT INTO `xxl_job_log` VALUES (461, 2, 2, NULL, 'qcCountJobHandler', '', NULL, 2, '2023-06-06 15:30:11', 500, '任务触发类型：调度过期补偿<br>调度机器：192.168.1.20<br>执行器-注册方式：自动注册<br>执行器-地址列表：null<br>路由策略：轮询<br>阻塞处理策略：单机串行<br>任务超时时间：0<br>失败重试次数：2<br><br><span style=\"color:#00c0ef;\" > >>>>>>>>>>>触发调度<<<<<<<<<<< </span><br>调度失败：执行器地址为空<br><br><br><br><span style=\"color:#F39C12;\" > >>>>>>>>>>>失败重试触发<<<<<<<<<<< </span><br>', NULL, 0, NULL, 3);
INSERT INTO `xxl_job_log` VALUES (462, 2, 2, NULL, 'qcCountJobHandler', '', NULL, 1, '2023-06-06 15:30:17', 500, '任务触发类型：失败重试触发<br>调度机器：192.168.1.20<br>执行器-注册方式：自动注册<br>执行器-地址列表：null<br>路由策略：轮询<br>阻塞处理策略：单机串行<br>任务超时时间：0<br>失败重试次数：1<br><br><span style=\"color:#00c0ef;\" > >>>>>>>>>>>触发调度<<<<<<<<<<< </span><br>调度失败：执行器地址为空<br><br><br><br><span style=\"color:#F39C12;\" > >>>>>>>>>>>失败重试触发<<<<<<<<<<< </span><br>', NULL, 0, NULL, 3);
INSERT INTO `xxl_job_log` VALUES (463, 2, 2, NULL, 'qcCountJobHandler', '', NULL, 0, '2023-06-06 15:30:28', 500, '任务触发类型：失败重试触发<br>调度机器：192.168.1.20<br>执行器-注册方式：自动注册<br>执行器-地址列表：null<br>路由策略：轮询<br>阻塞处理策略：单机串行<br>任务超时时间：0<br>失败重试次数：0<br><br><span style=\"color:#00c0ef;\" > >>>>>>>>>>>触发调度<<<<<<<<<<< </span><br>调度失败：执行器地址为空<br><br>', NULL, 0, NULL, 3);
INSERT INTO `xxl_job_log` VALUES (464, 2, 2, NULL, 'qcCountJobHandler', '', NULL, 2, '2023-06-06 15:44:00', 500, '任务触发类型：手动触发<br>调度机器：192.168.1.20<br>执行器-注册方式：自动注册<br>执行器-地址列表：null<br>路由策略：轮询<br>阻塞处理策略：单机串行<br>任务超时时间：0<br>失败重试次数：2<br><br><span style=\"color:#00c0ef;\" > >>>>>>>>>>>触发调度<<<<<<<<<<< </span><br>调度失败：执行器地址为空<br><br><br><br><span style=\"color:#F39C12;\" > >>>>>>>>>>>失败重试触发<<<<<<<<<<< </span><br>', NULL, 0, NULL, 3);
INSERT INTO `xxl_job_log` VALUES (465, 2, 2, NULL, 'qcCountJobHandler', '', NULL, 1, '2023-06-06 15:44:08', 500, '任务触发类型：失败重试触发<br>调度机器：192.168.1.20<br>执行器-注册方式：自动注册<br>执行器-地址列表：null<br>路由策略：轮询<br>阻塞处理策略：单机串行<br>任务超时时间：0<br>失败重试次数：1<br><br><span style=\"color:#00c0ef;\" > >>>>>>>>>>>触发调度<<<<<<<<<<< </span><br>调度失败：执行器地址为空<br><br><br><br><span style=\"color:#F39C12;\" > >>>>>>>>>>>失败重试触发<<<<<<<<<<< </span><br>', NULL, 0, NULL, 3);
INSERT INTO `xxl_job_log` VALUES (466, 2, 2, NULL, 'qcCountJobHandler', '', NULL, 0, '2023-06-06 15:44:20', 500, '任务触发类型：失败重试触发<br>调度机器：192.168.1.20<br>执行器-注册方式：自动注册<br>执行器-地址列表：null<br>路由策略：轮询<br>阻塞处理策略：单机串行<br>任务超时时间：0<br>失败重试次数：0<br><br><span style=\"color:#00c0ef;\" > >>>>>>>>>>>触发调度<<<<<<<<<<< </span><br>调度失败：执行器地址为空<br><br>', NULL, 0, NULL, 3);
INSERT INTO `xxl_job_log` VALUES (467, 3, 3, 'http://192.168.1.20:9002/', 'rePushMqHandler', '', NULL, 0, '2023-06-06 15:44:25', 200, '任务触发类型：手动触发<br>调度机器：192.168.1.20<br>执行器-注册方式：自动注册<br>执行器-地址列表：[http://192.168.1.20:9002/]<br>路由策略：轮询<br>阻塞处理策略：单机串行<br>任务超时时间：0<br>失败重试次数：0<br><br><span style=\"color:#00c0ef;\" > >>>>>>>>>>>触发调度<<<<<<<<<<< </span><br>触发调度：<br>address：http://192.168.1.20:9002/<br>code：200<br>msg：null', '2023-06-06 15:44:47', 200, '', 0);

-- ----------------------------
-- Table structure for xxl_job_log_report
-- ----------------------------
DROP TABLE IF EXISTS `xxl_job_log_report`;
CREATE TABLE `xxl_job_log_report`  (
  `id` int(11) NOT NULL AUTO_INCREMENT,
  `trigger_day` datetime(0) NULL DEFAULT NULL COMMENT '调度-时间',
  `running_count` int(11) NOT NULL DEFAULT 0 COMMENT '运行中-日志数量',
  `suc_count` int(11) NOT NULL DEFAULT 0 COMMENT '执行成功-日志数量',
  `fail_count` int(11) NOT NULL DEFAULT 0 COMMENT '执行失败-日志数量',
  `update_time` datetime(0) NULL DEFAULT NULL,
  PRIMARY KEY (`id`) USING BTREE,
  UNIQUE INDEX `i_trigger_day`(`trigger_day`) USING BTREE
) ENGINE = InnoDB AUTO_INCREMENT = 8 CHARACTER SET = utf8mb4 COLLATE = utf8mb4_general_ci ROW_FORMAT = Dynamic;

-- ----------------------------
-- Records of xxl_job_log_report
-- ----------------------------
INSERT INTO `xxl_job_log_report` VALUES (1, '2023-05-29 00:00:00', 0, 0, 0, NULL);
INSERT INTO `xxl_job_log_report` VALUES (2, '2023-05-28 00:00:00', 0, 0, 0, NULL);
INSERT INTO `xxl_job_log_report` VALUES (3, '2023-05-27 00:00:00', 0, 0, 0, NULL);
INSERT INTO `xxl_job_log_report` VALUES (4, '2023-05-30 00:00:00', 0, 3, 0, NULL);
INSERT INTO `xxl_job_log_report` VALUES (5, '2023-06-06 00:00:00', 0, 1, 6, NULL);
INSERT INTO `xxl_job_log_report` VALUES (6, '2023-06-05 00:00:00', 0, 0, 0, NULL);
INSERT INTO `xxl_job_log_report` VALUES (7, '2023-06-04 00:00:00', 0, 0, 0, NULL);

-- ----------------------------
-- Table structure for xxl_job_logglue
-- ----------------------------
DROP TABLE IF EXISTS `xxl_job_logglue`;
CREATE TABLE `xxl_job_logglue`  (
  `id` int(11) NOT NULL AUTO_INCREMENT,
  `job_id` int(11) NOT NULL COMMENT '任务，主键ID',
  `glue_type` varchar(50) CHARACTER SET utf8mb4 COLLATE utf8mb4_general_ci NULL DEFAULT NULL COMMENT 'GLUE类型',
  `glue_source` mediumtext CHARACTER SET utf8mb4 COLLATE utf8mb4_general_ci NULL COMMENT 'GLUE源代码',
  `glue_remark` varchar(128) CHARACTER SET utf8mb4 COLLATE utf8mb4_general_ci NOT NULL COMMENT 'GLUE备注',
  `add_time` datetime(0) NULL DEFAULT NULL,
  `update_time` datetime(0) NULL DEFAULT NULL,
  PRIMARY KEY (`id`) USING BTREE
) ENGINE = InnoDB AUTO_INCREMENT = 1 CHARACTER SET = utf8mb4 COLLATE = utf8mb4_general_ci ROW_FORMAT = Dynamic;

-- ----------------------------
-- Table structure for xxl_job_registry
-- ----------------------------
DROP TABLE IF EXISTS `xxl_job_registry`;
CREATE TABLE `xxl_job_registry`  (
  `id` int(11) NOT NULL AUTO_INCREMENT,
  `registry_group` varchar(50) CHARACTER SET utf8mb4 COLLATE utf8mb4_general_ci NOT NULL,
  `registry_key` varchar(255) CHARACTER SET utf8mb4 COLLATE utf8mb4_general_ci NOT NULL,
  `registry_value` varchar(255) CHARACTER SET utf8mb4 COLLATE utf8mb4_general_ci NOT NULL,
  `update_time` datetime(0) NULL DEFAULT NULL,
  PRIMARY KEY (`id`) USING BTREE,
  INDEX `i_g_k_v`(`registry_group`, `registry_key`, `registry_value`) USING BTREE
) ENGINE = InnoDB AUTO_INCREMENT = 2 CHARACTER SET = utf8mb4 COLLATE = utf8mb4_general_ci ROW_FORMAT = Dynamic;

-- ----------------------------
-- Records of xxl_job_registry
-- ----------------------------
INSERT INTO `xxl_job_registry` VALUES (1, 'EXECUTOR', 'codeape-inhos-biz', 'http://192.168.1.20:9002/', '2023-06-06 16:23:42');

-- ----------------------------
-- Table structure for xxl_job_user
-- ----------------------------
DROP TABLE IF EXISTS `xxl_job_user`;
CREATE TABLE `xxl_job_user`  (
  `id` int(11) NOT NULL AUTO_INCREMENT,
  `username` varchar(50) CHARACTER SET utf8mb4 COLLATE utf8mb4_general_ci NOT NULL COMMENT '账号',
  `password` varchar(50) CHARACTER SET utf8mb4 COLLATE utf8mb4_general_ci NOT NULL COMMENT '密码',
  `role` tinyint(4) NOT NULL COMMENT '角色：0-普通用户、1-管理员',
  `permission` varchar(255) CHARACTER SET utf8mb4 COLLATE utf8mb4_general_ci NULL DEFAULT NULL COMMENT '权限：执行器ID列表，多个逗号分割',
  PRIMARY KEY (`id`) USING BTREE,
  UNIQUE INDEX `i_username`(`username`) USING BTREE
) ENGINE = InnoDB AUTO_INCREMENT = 2 CHARACTER SET = utf8mb4 COLLATE = utf8mb4_general_ci ROW_FORMAT = Dynamic;

-- ----------------------------
-- Records of xxl_job_user
-- ----------------------------
INSERT INTO `xxl_job_user` VALUES (1, 'admin', 'e10adc3949ba59abbe56e057f20f883e', 1, NULL);

SET FOREIGN_KEY_CHECKS = 1;
