/*
 Navicat Premium Data Transfer

 Source Server         : codeape-mysql
 Source Server Type    : MySQL
 Source Server Version : 50742
 Source Host           : codeape-mysql:3306
 Source Schema         : codeape_device

 Target Server Type    : MySQL
 Target Server Version : 50742
 File Encoding         : 65001

 Date: 08/06/2023 21:29:09
*/

SET NAMES utf8mb4;
SET FOREIGN_KEY_CHECKS = 0;

-- ----------------------------
-- Table structure for device_info
-- ----------------------------
DROP TABLE IF EXISTS `device_info`;
CREATE TABLE `device_info`  (
  `id` bigint(20) NOT NULL,
  `hos_id` bigint(20) NOT NULL,
  `sn` varchar(20) CHARACTER SET utf8 COLLATE utf8_general_ci NOT NULL COMMENT 'SN号，设备的唯一识别号',
  `imei` bigint(30) NULL DEFAULT NULL COMMENT 'GSM设备Imei号',
  `device_type` char(1) CHARACTER SET utf8 COLLATE utf8_general_ci NOT NULL DEFAULT '0' COMMENT '设备类型',
  `poct_num` varchar(32) CHARACTER SET utf8 COLLATE utf8_general_ci NULL DEFAULT NULL COMMENT 'poct编号',
  `product_name` varchar(50) CHARACTER SET utf8 COLLATE utf8_general_ci NULL DEFAULT NULL COMMENT '设备名称',
  `app_version` varchar(32) CHARACTER SET utf8 COLLATE utf8_general_ci NULL DEFAULT NULL COMMENT 'app版本信息',
  `bios_version` varchar(80) CHARACTER SET utf8 COLLATE utf8_general_ci NULL DEFAULT NULL COMMENT '设备主板软件信息',
  `ip` varchar(40) CHARACTER SET utf8 COLLATE utf8_general_ci NULL DEFAULT NULL COMMENT '设备的IP地址',
  `enter_id` bigint(20) NULL DEFAULT NULL COMMENT '入库人',
  `enter_time` datetime(0) NULL DEFAULT CURRENT_TIMESTAMP COMMENT '入库时间',
  `dept_id` bigint(20) NULL DEFAULT NULL COMMENT '科室/病区id\r\n',
  `enable_db` int(1) NULL DEFAULT 0 COMMENT '是否上传本地备份库，0 不上传 1 上传',
  `dev_status` int(1) NOT NULL DEFAULT 0 COMMENT '设备状态 0正常，1报修',
  `comment` varchar(255) CHARACTER SET utf8 COLLATE utf8_general_ci NULL DEFAULT NULL COMMENT '报修备注',
  `bind_module` int(1) NULL DEFAULT 1 COMMENT '设备绑定模块，0.全部，1.住院，2.门诊，3.体检',
  `dev_auth_id` varchar(100) CHARACTER SET utf8 COLLATE utf8_general_ci NULL DEFAULT NULL COMMENT '设备权限id,以逗号分割,1:血糖检测,2:血酮检测,3:尿酸检测,4:住院,5:门诊 6 体检',
  `check_total` bigint(20) NULL DEFAULT 0 COMMENT '检测次数',
  `qc_total` bigint(20) NULL DEFAULT 0 COMMENT '质控次数',
  `last_check_time` datetime(0) NULL DEFAULT NULL COMMENT '最后检测时间',
  `last_qc_time` datetime(0) NULL DEFAULT NULL COMMENT '最后质控时间',
  `lan_ip` varchar(20) CHARACTER SET utf8 COLLATE utf8_general_ci NULL DEFAULT NULL COMMENT '设备有线ip',
  `lan_mac` varchar(20) CHARACTER SET utf8 COLLATE utf8_general_ci NULL DEFAULT NULL COMMENT '设备有线mac',
  `wifi_ip` varchar(20) CHARACTER SET utf8 COLLATE utf8_general_ci NULL DEFAULT NULL COMMENT '设备无线IP',
  `wifi_mac` varchar(20) CHARACTER SET utf8 COLLATE utf8_general_ci NULL DEFAULT NULL COMMENT '无线mac',
  `del_flag` char(1) CHARACTER SET utf8mb4 COLLATE utf8mb4_bin NULL DEFAULT '0' COMMENT '删除标记  -1：已删除  0：正常',
  `create_time` datetime(0) NULL DEFAULT NULL COMMENT '创建时间',
  `create_by` varchar(64) CHARACTER SET utf8mb4 COLLATE utf8mb4_bin NULL DEFAULT NULL COMMENT '创建人',
  `update_time` datetime(0) NULL DEFAULT NULL COMMENT '修改时间',
  `update_by` varchar(64) CHARACTER SET utf8mb4 COLLATE utf8mb4_bin NULL DEFAULT NULL COMMENT '更新人',
  PRIMARY KEY (`id`) USING BTREE,
  INDEX `sn_index`(`sn`) USING BTREE,
  INDEX `dept_id_index`(`dept_id`) USING BTREE,
  INDEX `hos_id_index`(`hos_id`) USING BTREE
) ENGINE = InnoDB CHARACTER SET = utf8 COLLATE = utf8_general_ci COMMENT = '设备信息表' ROW_FORMAT = Compact;

-- ----------------------------
-- Records of device_info
-- ----------------------------
INSERT INTO `device_info` VALUES (1662380168295645185, 1660133100613181442, '359B0001234', NULL, '0', '', '码猿设备', NULL, NULL, NULL, 1, '2023-05-27 16:48:12', 1660162973545213954, 0, 0, NULL, 1, '0,3', 0, 0, NULL, NULL, NULL, NULL, NULL, NULL, '0', '2023-05-27 16:48:12', 'admin', '2023-05-27 16:48:12', 'admin');
INSERT INTO `device_info` VALUES (1662380340585070593, 1660133100613181442, '359B0001223', NULL, '0', '', '码猿设备', NULL, NULL, NULL, 1, '2023-05-27 16:48:53', 1660163024992546818, 0, 0, NULL, 1, '0,3', 0, 0, NULL, NULL, NULL, NULL, NULL, NULL, '0', '2023-05-27 16:48:53', 'admin', '2023-05-27 16:48:53', 'admin');
INSERT INTO `device_info` VALUES (1662433800407949313, 1659018792143663105, '3981293B102', NULL, '0', '', '码猿设备', NULL, NULL, NULL, 1, '2023-05-27 20:21:19', 1659386264763965441, 0, 0, NULL, 1, '0,3', 0, 0, NULL, '2023-05-30 15:53:16', NULL, NULL, NULL, NULL, '0', '2023-05-27 20:21:19', 'admin', '2023-05-27 20:21:19', 'admin');
INSERT INTO `device_info` VALUES (1662775741117014017, 1659018792143663105, '3981293B101', NULL, '0', '', '码猿设备', NULL, NULL, NULL, 1, '2023-05-28 19:00:04', 1659386542775017473, 0, 0, NULL, 1, '0,3', 0, 0, NULL, '2023-05-31 16:09:38', NULL, NULL, NULL, NULL, '0', '2023-05-28 19:00:04', 'admin', '2023-05-28 19:00:04', 'admin');
INSERT INTO `device_info` VALUES (1662776934077734913, 1659018792143663105, '3981293B105', NULL, '0', '', '码猿设备', NULL, NULL, NULL, 1, '2023-05-28 19:04:49', 1659386264763965441, 0, 0, NULL, 1, '0,3', 0, 0, NULL, NULL, NULL, NULL, NULL, NULL, '0', '2023-05-28 19:04:49', 'admin', '2023-05-28 19:04:49', 'admin');

-- ----------------------------
-- Table structure for device_relation
-- ----------------------------
DROP TABLE IF EXISTS `device_relation`;
CREATE TABLE `device_relation`  (
  `device_id` bigint(20) NOT NULL COMMENT '设备Id',
  `dept_id` bigint(20) NOT NULL COMMENT '科室/病区Id',
  PRIMARY KEY (`device_id`, `dept_id`) USING BTREE
) ENGINE = InnoDB CHARACTER SET = utf8mb4 COLLATE = utf8mb4_general_ci COMMENT = '设备、科室关联表' ROW_FORMAT = Dynamic;

-- ----------------------------
-- Records of device_relation
-- ----------------------------
INSERT INTO `device_relation` VALUES (1662380168295645185, 1660162973545213954);
INSERT INTO `device_relation` VALUES (1662380168295645185, 1660163024992546818);
INSERT INTO `device_relation` VALUES (1662380168295645185, 1660167857690566657);
INSERT INTO `device_relation` VALUES (1662380168295645185, 1660167897876193281);
INSERT INTO `device_relation` VALUES (1662380340585070593, 1660163024992546818);
INSERT INTO `device_relation` VALUES (1662380340585070593, 1660167857690566657);
INSERT INTO `device_relation` VALUES (1662433800407949313, 1659386264763965441);
INSERT INTO `device_relation` VALUES (1662433800407949313, 1659386542775017473);
INSERT INTO `device_relation` VALUES (1662433800407949313, 1659789309465214978);
INSERT INTO `device_relation` VALUES (1662433800407949313, 1659789383939276802);
INSERT INTO `device_relation` VALUES (1662433800407949313, 1659790789526044673);
INSERT INTO `device_relation` VALUES (1662433800407949313, 1659799651851362305);
INSERT INTO `device_relation` VALUES (1662775741117014017, 1659386264763965441);
INSERT INTO `device_relation` VALUES (1662775741117014017, 1659386542775017473);
INSERT INTO `device_relation` VALUES (1662775741117014017, 1659789309465214978);
INSERT INTO `device_relation` VALUES (1662775741117014017, 1659789383939276802);
INSERT INTO `device_relation` VALUES (1662775741117014017, 1659790789526044673);
INSERT INTO `device_relation` VALUES (1662776934077734913, 1659386264763965441);
INSERT INTO `device_relation` VALUES (1662776934077734913, 1659386542775017473);
INSERT INTO `device_relation` VALUES (1662776934077734913, 1659789309465214978);
INSERT INTO `device_relation` VALUES (1662776934077734913, 1659789383939276802);

-- ----------------------------
-- Table structure for paper_info
-- ----------------------------
DROP TABLE IF EXISTS `paper_info`;
CREATE TABLE `paper_info`  (
  `id` bigint(20) NOT NULL,
  `hos_id` bigint(20) NOT NULL COMMENT '医院id',
  `batch_num` varchar(20) CHARACTER SET utf8 COLLATE utf8_general_ci NOT NULL COMMENT '试纸批号',
  `specs` int(1) NOT NULL DEFAULT 0 COMMENT '规格：1.10片 2. 25片 3. 50片 4. 100片',
  `paper_num` bigint(20) NOT NULL COMMENT '数量',
  `dept_id` bigint(20) NOT NULL COMMENT '科室ID',
  `production_date` date NOT NULL COMMENT '生产日期 ，简写PD',
  `expiry_date` date NOT NULL COMMENT '到期时间,简写exd',
  `sample_type` int(11) NOT NULL DEFAULT 1 COMMENT '样本类型 1血糖,2血酮,3尿酸',
  `low_max_limit` float(6, 2) NOT NULL COMMENT '低浓度上限',
  `low_min_limit` float(6, 2) NOT NULL COMMENT '低浓度下限',
  `medium_max_limit` float(6, 2) NOT NULL COMMENT '中浓度上限',
  `medium_min_limit` float(6, 2) NOT NULL COMMENT '中浓度下限',
  `high_max_limit` float(6, 2) NOT NULL COMMENT '高浓度上限',
  `high_min_limit` float(6, 2) NOT NULL COMMENT '高浓度下限',
  `enter_id` bigint(20) NOT NULL COMMENT '入库人',
  `del_flag` char(1) CHARACTER SET utf8mb4 COLLATE utf8mb4_bin NULL DEFAULT '0' COMMENT '0-正常，1-删除',
  `create_time` datetime(0) NULL DEFAULT NULL COMMENT '创建时间',
  `update_time` datetime(0) NULL DEFAULT NULL COMMENT '修改时间',
  `create_by` varchar(64) CHARACTER SET utf8mb4 COLLATE utf8mb4_bin NULL DEFAULT NULL COMMENT '创建者',
  `update_by` varchar(64) CHARACTER SET utf8mb4 COLLATE utf8mb4_bin NULL DEFAULT NULL COMMENT '更新人',
  PRIMARY KEY (`id`) USING BTREE,
  INDEX `hos_id`(`hos_id`) USING BTREE
) ENGINE = InnoDB CHARACTER SET = utf8 COLLATE = utf8_general_ci COMMENT = '试纸' ROW_FORMAT = Dynamic;

-- ----------------------------
-- Records of paper_info
-- ----------------------------
INSERT INTO `paper_info` VALUES (1662428123929202690, 1659018792143663105, 'C2012001', 3, 23, 1659386542775017473, '2022-03-27', '2023-09-08', 1, 1.00, 2.00, 4.00, 5.00, 7.00, 8.00, 1, '0', '2023-05-27 19:58:46', '2023-05-27 20:18:18', 'admin', 'bailu');
INSERT INTO `paper_info` VALUES (1662433471062810625, 1659018792143663105, 'C2012001', 3, 12, 1659789309465214978, '2023-05-01', '2024-05-10', 1, 1.00, 2.00, 3.00, 4.00, 6.00, 9.00, 1, '0', '2023-05-27 20:20:01', '2023-05-27 20:20:01', 'admin', 'admin');
INSERT INTO `paper_info` VALUES (1663373560244846593, 1659018792143663105, 'C2012003', 3, 12, 1659386542775017473, '2023-05-08', '2024-05-23', 2, 1.00, 2.00, 3.00, 4.00, 5.00, 8.00, 1, '0', '2023-05-30 10:35:35', '2023-05-30 10:35:35', 'admin', 'admin');
INSERT INTO `paper_info` VALUES (1663374198118785025, 1659018792143663105, 'C2012003', 3, 12, 1659386542775017473, '2023-05-08', '2024-05-23', 2, 1.00, 2.00, 3.00, 4.00, 5.00, 8.00, 1, '1', '2023-05-30 10:38:07', '2023-05-30 11:03:51', 'admin', 'admin');
INSERT INTO `paper_info` VALUES (1663379563531141122, 1659018792143663105, 'C2012003', 3, 12, 1659386542775017473, '2023-05-08', '2024-05-23', 2, 1.00, 2.00, 3.00, 4.00, 5.00, 8.00, 1, '1', '2023-05-30 10:59:27', '2023-05-30 11:03:46', 'admin', 'admin');
INSERT INTO `paper_info` VALUES (1663380822573162497, 1659018792143663105, 'C2012004', 3, 11, 1659386542775017473, '2023-05-15', '2023-05-26', 3, 1.00, 3.00, 6.00, 10.00, 11.00, 17.00, 1, '0', '2023-05-30 11:04:27', '2023-05-30 11:04:27', 'admin', 'admin');
INSERT INTO `paper_info` VALUES (1663381380218462209, 1659018792143663105, 'C2012004', 3, 1, 1659386264763965441, '2023-05-29', '2026-05-14', 2, 1.00, 2.00, 3.00, 4.00, 6.00, 8.00, 1, '0', '2023-05-30 11:06:40', '2023-05-30 11:06:40', 'admin', 'admin');
INSERT INTO `paper_info` VALUES (1663381683940597762, 1659018792143663105, 'C2012004', 3, 11, 1659789383939276802, '2023-05-22', '2023-08-17', 2, 1.00, 2.00, 3.00, 4.00, 6.00, 7.00, 1, '0', '2023-05-30 11:07:52', '2023-05-30 11:07:52', 'admin', 'admin');

-- ----------------------------
-- Table structure for qc_count
-- ----------------------------
DROP TABLE IF EXISTS `qc_count`;
CREATE TABLE `qc_count`  (
  `id` bigint(20) NOT NULL,
  `hos_id` bigint(20) NOT NULL COMMENT '医院Id',
  `dept_id` bigint(20) NOT NULL COMMENT '科室Id',
  `qc_total` bigint(20) NOT NULL COMMENT '质控总数',
  `no_total` bigint(20) NOT NULL COMMENT '不通过次数',
  `yes_total` bigint(20) NOT NULL COMMENT '通过次数',
  `last_qc_time` datetime(0) NOT NULL COMMENT '最后质控时间',
  `yes_rate` float(6, 2) NOT NULL COMMENT '成功率',
  `del_flag` char(1) CHARACTER SET utf8mb4 COLLATE utf8mb4_bin NULL DEFAULT '0' COMMENT '删除标记  -1：已删除  0：正常',
  `sample_type` int(1) NOT NULL DEFAULT 1 COMMENT '样本类型 1血糖,2血酮,3尿酸',
  `create_time` datetime(0) NULL DEFAULT NULL COMMENT '创建时间',
  `create_by` varchar(64) CHARACTER SET utf8mb4 COLLATE utf8mb4_bin NULL DEFAULT NULL COMMENT '创建人',
  `update_time` datetime(0) NULL DEFAULT NULL COMMENT '修改时间',
  `update_by` varchar(64) CHARACTER SET utf8mb4 COLLATE utf8mb4_bin NULL DEFAULT NULL COMMENT '更新人',
  PRIMARY KEY (`id`) USING BTREE,
  UNIQUE INDEX `hos_dept_index`(`hos_id`, `dept_id`, `sample_type`) USING BTREE
) ENGINE = InnoDB CHARACTER SET = utf8mb4 COLLATE = utf8mb4_general_ci COMMENT = '质控统计' ROW_FORMAT = Dynamic;

-- ----------------------------
-- Records of qc_count
-- ----------------------------
INSERT INTO `qc_count` VALUES (1663402340455690242, 1659018792143663105, 1659386542775017473, 4, 3, 1, '2023-05-30 12:24:03', 0.25, '0', 1, NULL, NULL, NULL, NULL);
INSERT INTO `qc_count` VALUES (1663402340455690243, 1659018792143663105, 1659386542775017473, 1, 0, 1, '2023-05-29 15:12:29', 1.00, '0', 2, NULL, NULL, NULL, NULL);

-- ----------------------------
-- Table structure for qc_liquid_info
-- ----------------------------
DROP TABLE IF EXISTS `qc_liquid_info`;
CREATE TABLE `qc_liquid_info`  (
  `id` bigint(20) NOT NULL,
  `hos_id` bigint(20) NOT NULL COMMENT '医院id',
  `dept_id` bigint(20) NOT NULL COMMENT '试纸科室',
  `sample_type` int(1) NOT NULL DEFAULT 1 COMMENT '样本类型 1血糖,2血酮,3尿酸',
  `batch_num` varchar(20) CHARACTER SET utf8 COLLATE utf8_general_ci NOT NULL COMMENT '质控液批号',
  `liquid_num` int(11) NOT NULL COMMENT '数量',
  `specs` int(11) NOT NULL DEFAULT 0 COMMENT '规格 1:2ml  2:5ml 3:10ml 4:15ml 5:20ml  6:25ml',
  `type` int(11) NOT NULL DEFAULT 0 COMMENT '浓度分类,1低浓度,2中浓度,3高浓度',
  `production_date` date NOT NULL COMMENT '生产日期',
  `expiry_date` date NOT NULL COMMENT '到期时间',
  `enter_id` bigint(20) NOT NULL COMMENT '入库人，填写user_id',
  `del_flag` char(1) CHARACTER SET utf8mb4 COLLATE utf8mb4_bin NULL DEFAULT '0' COMMENT '删除标记  -1：已删除  0：正常',
  `create_time` datetime(0) NULL DEFAULT NULL COMMENT '创建时间',
  `create_by` varchar(64) CHARACTER SET utf8mb4 COLLATE utf8mb4_bin NULL DEFAULT NULL COMMENT '创建人',
  `update_time` datetime(0) NULL DEFAULT NULL COMMENT '修改时间',
  `update_by` varchar(64) CHARACTER SET utf8mb4 COLLATE utf8mb4_bin NULL DEFAULT NULL COMMENT '更新人',
  PRIMARY KEY (`id`) USING BTREE,
  INDEX `dept_id_index`(`dept_id`) USING BTREE,
  INDEX `hos_id_index`(`hos_id`) USING BTREE
) ENGINE = InnoDB CHARACTER SET = utf8 COLLATE = utf8_general_ci COMMENT = '质控液' ROW_FORMAT = Compact;

-- ----------------------------
-- Records of qc_liquid_info
-- ----------------------------
INSERT INTO `qc_liquid_info` VALUES (1662464370777214977, 1659018792143663105, 1659386264763965441, 1, '024C-12', 12, 2, 1, '2023-05-01', '2023-08-10', 1, '1', '2023-05-27 22:22:48', 'admin', '2023-05-27 22:22:59', 'admin');
INSERT INTO `qc_liquid_info` VALUES (1662464484509962242, 1659018792143663105, 1659386264763965441, 1, '024C-12', 15, 2, 1, '2023-05-04', '2025-05-08', 1, '0', '2023-05-27 22:23:15', 'admin', '2023-05-27 22:23:15', 'admin');
INSERT INTO `qc_liquid_info` VALUES (1662464551648186370, 1659018792143663105, 1659386264763965441, 1, '024C-12', 12, 2, 2, '2023-04-03', '2023-06-07', 1, '0', '2023-05-27 22:23:31', 'admin', '2023-05-27 22:23:31', 'admin');
INSERT INTO `qc_liquid_info` VALUES (1662464615913312257, 1659018792143663105, 1659386264763965441, 1, '024C-12', 12, 2, 3, '2023-05-01', '2025-05-08', 1, '0', '2023-05-27 22:23:46', 'admin', '2023-05-27 22:23:46', 'admin');
INSERT INTO `qc_liquid_info` VALUES (1662644196997824513, 1659018792143663105, 1659386542775017473, 1, '024C-12', 11, 2, 1, '2023-02-06', '2024-05-09', 1, '0', '2023-05-28 10:17:22', 'admin', '2023-05-28 10:17:22', 'admin');
INSERT INTO `qc_liquid_info` VALUES (1662644783596404737, 1659018792143663105, 1659386542775017473, 1, '024C-12', 11, 2, 2, '2023-02-06', '2024-08-09', 1, '0', '2023-05-28 10:19:42', 'admin', '2023-05-28 10:19:42', 'admin');
INSERT INTO `qc_liquid_info` VALUES (1662645383599931393, 1659018792143663105, 1659386542775017473, 1, '024C-12', 11, 2, 3, '2023-05-08', '2024-05-10', 1, '0', '2023-05-28 10:22:05', 'admin', '2023-05-28 10:22:05', 'admin');
INSERT INTO `qc_liquid_info` VALUES (1663388737161875458, 1659018792143663105, 1659386542775017473, 2, '024C-12', 11, 2, 1, '2023-04-03', '2023-08-11', 1, '0', '2023-05-30 11:35:54', 'admin', '2023-05-30 11:35:54', 'admin');
INSERT INTO `qc_liquid_info` VALUES (1663388847895695361, 1659018792143663105, 1659386542775017473, 2, '024C-12', 11, 2, 2, '2023-05-01', '2024-05-09', 1, '0', '2023-05-30 11:36:20', 'admin', '2023-05-30 11:36:20', 'admin');

-- ----------------------------
-- Table structure for qc_record
-- ----------------------------
DROP TABLE IF EXISTS `qc_record`;
CREATE TABLE `qc_record`  (
  `id` bigint(20) NOT NULL,
  `hos_id` bigint(20) NULL DEFAULT NULL,
  `value` float(6, 2) NOT NULL COMMENT '质控值',
  `sample_type` int(1) NOT NULL DEFAULT 1 COMMENT '样本类型 1血糖,2血酮,3尿酸',
  `sn` varchar(32) CHARACTER SET utf8 COLLATE utf8_general_ci NOT NULL COMMENT 'sn号',
  `result` int(11) NOT NULL COMMENT '质控结果 1：合格，0：不合格',
  `measure_time` datetime(0) NOT NULL COMMENT '质控时间',
  `operator_user_id` bigint(20) NOT NULL COMMENT '质控操作员user_id',
  `paper_id` bigint(20) NOT NULL COMMENT '试纸主键id',
  `liquid_id` bigint(20) NOT NULL COMMENT '质控液主键id',
  `dept_id` bigint(20) NULL DEFAULT NULL COMMENT '科室id',
  `del_flag` char(1) CHARACTER SET utf8mb4 COLLATE utf8mb4_bin NULL DEFAULT '0' COMMENT '删除标记  -1：已删除  0：正常',
  `create_time` datetime(0) NULL DEFAULT NULL COMMENT '创建时间',
  `create_by` varchar(64) CHARACTER SET utf8mb4 COLLATE utf8mb4_bin NULL DEFAULT NULL COMMENT '创建人',
  `update_time` datetime(0) NULL DEFAULT NULL COMMENT '修改时间',
  `update_by` varchar(64) CHARACTER SET utf8mb4 COLLATE utf8mb4_bin NULL DEFAULT NULL COMMENT '更新人',
  PRIMARY KEY (`id`) USING BTREE,
  INDEX `paper_id`(`paper_id`) USING BTREE,
  INDEX `liquid_id`(`liquid_id`) USING BTREE,
  INDEX `hos_id`(`hos_id`) USING BTREE,
  INDEX `dept_id`(`dept_id`) USING BTREE
) ENGINE = InnoDB CHARACTER SET = utf8 COLLATE = utf8_general_ci COMMENT = '质控记录' ROW_FORMAT = Compact;

-- ----------------------------
-- Records of qc_record
-- ----------------------------
INSERT INTO `qc_record` VALUES (1662800521207713794, 1659018792143663105, 11.00, 1, '3981293B102', 0, '2023-05-28 20:38:21', 1, 1662428123929202690, 1662644196997824513, 1659386542775017473, '1', '2023-05-28 20:38:32', 'admin', '2023-05-28 21:04:56', 'admin');
INSERT INTO `qc_record` VALUES (1662807270157418497, 1659018792143663105, 12.00, 1, '3981293B102', 0, '2023-05-28 21:05:19', 1, 1662428123929202690, 1662644196997824513, 1659386542775017473, '0', '2023-05-28 21:05:21', 'admin', '2023-05-28 21:05:21', 'admin');
INSERT INTO `qc_record` VALUES (1662810747029868545, 1659018792143663105, 12.00, 1, '3981293B102', 0, '2023-05-28 21:19:06', 1, 1662428123929202690, 1662644783596404737, 1659386542775017473, '0', '2023-05-28 21:19:10', 'admin', '2023-05-28 21:19:10', 'admin');
INSERT INTO `qc_record` VALUES (1662828864753852417, 1659018792143663105, 9.00, 1, '3981293B101', 0, '2023-05-28 22:27:17', 1662432715555459074, 1662428123929202690, 1662644196997824513, 1659386542775017473, '0', '2023-05-28 22:31:10', 'bailu', '2023-05-28 22:31:10', 'bailu');
INSERT INTO `qc_record` VALUES (1663080897729716226, 1659018792143663105, 11.00, 2, '3981293B101', 1, '2023-05-29 15:12:29', 1, 1662428123929202690, 1662644196997824513, 1659386542775017473, '0', '2023-05-29 15:12:39', 'admin', '2023-05-29 15:12:39', 'admin');
INSERT INTO `qc_record` VALUES (1663400867760111618, 1659018792143663105, 1.00, 1, '3981293B102', 1, '2023-05-30 12:24:03', 1, 1662428123929202690, 1662644196997824513, 1659386542775017473, '0', '2023-05-30 12:24:06', 'admin', '2023-05-30 12:24:06', 'admin');
INSERT INTO `qc_record` VALUES (1663414114072616962, 1659018792143663105, 4.00, 2, '3981293B102', 1, '2023-05-30 13:16:35', 1, 1663373560244846593, 1663388847895695361, 1659386542775017473, '0', '2023-05-30 13:16:44', 'admin', '2023-05-30 13:16:44', 'admin');
INSERT INTO `qc_record` VALUES (1663415710223405057, 1659018792143663105, 1.00, 2, '3981293B101', 1, '2023-05-30 13:23:00', 1, 1663373560244846593, 1663388737161875458, 1659386542775017473, '0', '2023-05-30 13:23:05', 'admin', '2023-05-30 13:23:05', 'admin');
INSERT INTO `qc_record` VALUES (1663424238396796929, 1659018792143663105, 11.00, 1, '3981293B102', 1, '2023-05-30 13:56:54', 1, 1662428123929202690, 1662644196997824513, 1659386542775017473, '0', '2023-05-30 13:56:58', 'admin', '2023-05-30 13:56:58', 'admin');
INSERT INTO `qc_record` VALUES (1663431629339299841, 1659018792143663105, 11.00, 1, '3981293B102', 1, '2023-05-30 14:26:18', 1, 1662428123929202690, 1662644196997824513, 1659386542775017473, '0', '2023-05-30 14:26:20', 'admin', '2023-05-30 14:26:20', 'admin');
INSERT INTO `qc_record` VALUES (1663432705257967618, 1659018792143663105, 11.00, 1, '3981293B101', 1, '2023-05-30 14:27:28', 1, 1662428123929202690, 1662644196997824513, 1659386542775017473, '0', '2023-05-30 14:30:37', 'admin', '2023-05-30 14:30:37', 'admin');
INSERT INTO `qc_record` VALUES (1663432857087578114, 1659018792143663105, 12.00, 1, '3981293B101', 1, '2023-05-30 14:27:28', 1, 1662428123929202690, 1662644196997824513, 1659386542775017473, '0', '2023-05-30 14:31:13', 'admin', '2023-05-30 14:31:13', 'admin');
INSERT INTO `qc_record` VALUES (1663433593682857985, 1659018792143663105, 11.00, 1, '3981293B102', 1, '2023-05-30 14:31:24', 1, 1662428123929202690, 1662644196997824513, 1659386542775017473, '0', '2023-05-30 14:34:10', 'admin', '2023-05-30 14:34:10', 'admin');
INSERT INTO `qc_record` VALUES (1663450618031468546, 1659018792143663105, 14.00, 1, '3981293B102', 1, '2023-05-30 14:31:24', 1, 1662428123929202690, 1662644196997824513, 1659386542775017473, '0', '2023-05-30 15:41:47', 'admin', '2023-05-30 15:41:47', 'admin');
INSERT INTO `qc_record` VALUES (1663453459068416001, 1659018792143663105, 15.00, 1, '3981293B102', 1, '2023-05-30 14:31:24', 1, 1662428123929202690, 1662644196997824513, 1659386542775017473, '0', '2023-05-30 15:53:05', 'admin', '2023-05-30 15:53:05', 'admin');
INSERT INTO `qc_record` VALUES (1663454448626405378, 1659018792143663105, 11.00, 1, '3981293B101', 1, '2023-05-30 15:56:58', 1, 1662428123929202690, 1662644196997824513, 1659386542775017473, '0', '2023-05-30 15:57:01', 'admin', '2023-05-30 15:57:01', 'admin');
INSERT INTO `qc_record` VALUES (1663454821365821442, 1659018792143663105, 11.00, 1, '3981293B101', 1, '2023-05-30 15:58:24', 1, 1662428123929202690, 1662644783596404737, 1659386542775017473, '0', '2023-05-30 15:58:30', 'admin', '2023-05-30 15:58:30', 'admin');
INSERT INTO `qc_record` VALUES (1663454908515069953, 1659018792143663105, 23.00, 1, '3981293B101', 1, '2023-05-30 15:58:44', 1, 1662428123929202690, 1662644783596404737, 1659386542775017473, '0', '2023-05-30 15:58:50', 'admin', '2023-05-30 15:58:50', 'admin');
INSERT INTO `qc_record` VALUES (1663458278659297281, 1659018792143663105, 11.00, 1, '3981293B101', 1, '2023-05-30 16:12:00', 1, 1662428123929202690, 1662644783596404737, 1659386542775017473, '0', '2023-05-30 16:12:14', 'admin', '2023-05-30 16:12:14', 'admin');
INSERT INTO `qc_record` VALUES (1663461438241062914, 1659018792143663105, 11.00, 1, '3981293B101', 1, '2023-05-30 16:24:45', 1, 1662428123929202690, 1662644783596404737, 1659386542775017473, '0', '2023-05-30 16:24:47', 'admin', '2023-05-30 16:24:47', 'admin');
INSERT INTO `qc_record` VALUES (1663815107880919042, 1659018792143663105, 12.00, 1, '3981293B101', 1, '2023-05-31 15:50:00', 1, 1662428123929202690, 1662644783596404737, 1659386542775017473, '0', '2023-05-31 15:50:09', 'admin', '2023-05-31 15:50:09', 'admin');
INSERT INTO `qc_record` VALUES (1663819069367492611, 1659018792143663105, 13.00, 1, '3981293B101', 1, '2023-05-31 15:50:00', 1, 1662428123929202690, 1662644783596404737, 1659386542775017473, '0', '2023-05-31 16:05:53', 'admin', '2023-05-31 16:05:53', 'admin');
INSERT INTO `qc_record` VALUES (1663819953157677057, 1659018792143663105, 14.00, 1, '3981293B101', 1, '2023-05-31 15:50:00', 1, 1662428123929202690, 1662644783596404737, 1659386542775017473, '0', '2023-05-31 16:09:24', 'admin', '2023-05-31 16:09:24', 'admin');
INSERT INTO `qc_record` VALUES (1663819971973324801, 1659018792143663105, 15.00, 1, '3981293B101', 1, '2023-05-31 15:50:00', 1, 1662428123929202690, 1662644783596404737, 1659386542775017473, '0', '2023-05-31 16:09:28', 'admin', '2023-05-31 16:09:28', 'admin');
INSERT INTO `qc_record` VALUES (1663819991485227010, 1659018792143663105, 16.00, 1, '3981293B101', 1, '2023-05-31 15:50:00', 1, 1662428123929202690, 1662644783596404737, 1659386542775017473, '0', '2023-05-31 16:09:33', 'admin', '2023-05-31 16:09:33', 'admin');
INSERT INTO `qc_record` VALUES (1663820012108619777, 1659018792143663105, 17.00, 1, '3981293B101', 1, '2023-05-31 15:50:00', 1, 1662428123929202690, 1662644783596404737, 1659386542775017473, '0', '2023-05-31 16:09:38', 'admin', '2023-05-31 16:09:38', 'admin');

-- ----------------------------
-- Table structure for qc_record_unique
-- ----------------------------
DROP TABLE IF EXISTS `qc_record_unique`;
CREATE TABLE `qc_record_unique`  (
  `id` bigint(20) NOT NULL,
  `value` float(6, 2) NOT NULL COMMENT '质控值',
  `sn` varchar(32) CHARACTER SET utf8 COLLATE utf8_general_ci NOT NULL COMMENT 'sn号',
  `measure_time` datetime(0) NOT NULL COMMENT '质控时间',
  `del_flag` char(1) CHARACTER SET utf8mb4 COLLATE utf8mb4_bin NULL DEFAULT '0' COMMENT '删除标记  -1：已删除  0：正常',
  `create_time` datetime(0) NULL DEFAULT NULL COMMENT '创建时间',
  `create_by` varchar(64) CHARACTER SET utf8mb4 COLLATE utf8mb4_bin NULL DEFAULT NULL COMMENT '创建人',
  `update_time` datetime(0) NULL DEFAULT NULL COMMENT '修改时间',
  `update_by` varchar(64) CHARACTER SET utf8mb4 COLLATE utf8mb4_bin NULL DEFAULT NULL COMMENT '更新人',
  PRIMARY KEY (`id`) USING BTREE,
  UNIQUE INDEX `unique_index`(`value`, `sn`, `measure_time`) USING BTREE
) ENGINE = InnoDB CHARACTER SET = utf8 COLLATE = utf8_general_ci COMMENT = '质控记录防重表' ROW_FORMAT = Compact;

-- ----------------------------
-- Records of qc_record_unique
-- ----------------------------
INSERT INTO `qc_record_unique` VALUES (1662807270157418497, 12.00, '3981293B102', '2023-05-28 21:05:19', '0', '2023-05-28 21:05:21', 'admin', '2023-05-28 21:05:21', 'admin');
INSERT INTO `qc_record_unique` VALUES (1662810747029868545, 12.00, '3981293B102', '2023-05-28 21:19:06', '0', '2023-05-28 21:19:10', 'admin', '2023-05-28 21:19:10', 'admin');
INSERT INTO `qc_record_unique` VALUES (1662828864753852417, 9.00, '3981293B101', '2023-05-28 22:27:17', '0', '2023-05-28 22:31:10', 'bailu', '2023-05-28 22:31:10', 'bailu');
INSERT INTO `qc_record_unique` VALUES (1663080897729716226, 11.00, '3981293B101', '2023-05-29 15:12:29', '0', '2023-05-29 15:12:39', 'admin', '2023-05-29 15:12:39', 'admin');
INSERT INTO `qc_record_unique` VALUES (1663081342690844674, 11.00, '3981293B101', '2023-05-29 15:13:29', '0', '2023-05-29 15:14:25', 'admin', '2023-05-29 15:14:25', 'admin');
INSERT INTO `qc_record_unique` VALUES (1663400867760111618, 1.00, '3981293B102', '2023-05-30 12:24:03', '0', '2023-05-30 12:24:06', 'admin', '2023-05-30 12:24:06', 'admin');
INSERT INTO `qc_record_unique` VALUES (1663414114072616962, 4.00, '3981293B102', '2023-05-30 13:16:35', '0', '2023-05-30 13:16:44', 'admin', '2023-05-30 13:16:44', 'admin');
INSERT INTO `qc_record_unique` VALUES (1663415710223405057, 1.00, '3981293B101', '2023-05-30 13:23:00', '0', '2023-05-30 13:23:05', 'admin', '2023-05-30 13:23:05', 'admin');
INSERT INTO `qc_record_unique` VALUES (1663424238396796929, 11.00, '3981293B102', '2023-05-30 13:56:54', '0', '2023-05-30 13:56:58', 'admin', '2023-05-30 13:56:58', 'admin');
INSERT INTO `qc_record_unique` VALUES (1663431629339299841, 11.00, '3981293B102', '2023-05-30 14:26:18', '0', '2023-05-30 14:26:20', 'admin', '2023-05-30 14:26:20', 'admin');
INSERT INTO `qc_record_unique` VALUES (1663432705257967618, 11.00, '3981293B101', '2023-05-30 14:27:28', '0', '2023-05-30 14:30:37', 'admin', '2023-05-30 14:30:37', 'admin');
INSERT INTO `qc_record_unique` VALUES (1663432857087578114, 12.00, '3981293B101', '2023-05-30 14:27:28', '0', '2023-05-30 14:31:13', 'admin', '2023-05-30 14:31:13', 'admin');
INSERT INTO `qc_record_unique` VALUES (1663433593682857985, 11.00, '3981293B102', '2023-05-30 14:31:24', '0', '2023-05-30 14:34:08', 'admin', '2023-05-30 14:34:08', 'admin');
INSERT INTO `qc_record_unique` VALUES (1663450618031468546, 14.00, '3981293B102', '2023-05-30 14:31:24', '0', '2023-05-30 15:41:47', 'admin', '2023-05-30 15:41:47', 'admin');
INSERT INTO `qc_record_unique` VALUES (1663453459068416001, 15.00, '3981293B102', '2023-05-30 14:31:24', '0', '2023-05-30 15:53:05', 'admin', '2023-05-30 15:53:05', 'admin');
INSERT INTO `qc_record_unique` VALUES (1663454448626405378, 11.00, '3981293B101', '2023-05-30 15:56:58', '0', '2023-05-30 15:57:01', 'admin', '2023-05-30 15:57:01', 'admin');
INSERT INTO `qc_record_unique` VALUES (1663454821365821442, 11.00, '3981293B101', '2023-05-30 15:58:24', '0', '2023-05-30 15:58:30', 'admin', '2023-05-30 15:58:30', 'admin');
INSERT INTO `qc_record_unique` VALUES (1663454908515069953, 23.00, '3981293B101', '2023-05-30 15:58:44', '0', '2023-05-30 15:58:50', 'admin', '2023-05-30 15:58:50', 'admin');
INSERT INTO `qc_record_unique` VALUES (1663458278659297281, 11.00, '3981293B101', '2023-05-30 16:12:00', '0', '2023-05-30 16:12:14', 'admin', '2023-05-30 16:12:14', 'admin');
INSERT INTO `qc_record_unique` VALUES (1663461438241062914, 11.00, '3981293B101', '2023-05-30 16:24:45', '0', '2023-05-30 16:24:47', 'admin', '2023-05-30 16:24:47', 'admin');
INSERT INTO `qc_record_unique` VALUES (1663815107880919042, 12.00, '3981293B101', '2023-05-31 15:50:00', '0', '2023-05-31 15:50:09', 'admin', '2023-05-31 15:50:09', 'admin');
INSERT INTO `qc_record_unique` VALUES (1663819069367492611, 13.00, '3981293B101', '2023-05-31 15:50:00', '0', '2023-05-31 16:05:53', 'admin', '2023-05-31 16:05:53', 'admin');
INSERT INTO `qc_record_unique` VALUES (1663819953157677057, 14.00, '3981293B101', '2023-05-31 15:50:00', '0', '2023-05-31 16:09:24', 'admin', '2023-05-31 16:09:24', 'admin');
INSERT INTO `qc_record_unique` VALUES (1663819971973324801, 15.00, '3981293B101', '2023-05-31 15:50:00', '0', '2023-05-31 16:09:28', 'admin', '2023-05-31 16:09:28', 'admin');
INSERT INTO `qc_record_unique` VALUES (1663819991485227010, 16.00, '3981293B101', '2023-05-31 15:50:00', '0', '2023-05-31 16:09:33', 'admin', '2023-05-31 16:09:33', 'admin');
INSERT INTO `qc_record_unique` VALUES (1663820012108619777, 17.00, '3981293B101', '2023-05-31 15:50:00', '0', '2023-05-31 16:09:38', 'admin', '2023-05-31 16:09:38', 'admin');

SET FOREIGN_KEY_CHECKS = 1;
